POSE, RESID, RMSF
sw06, 1, 5.193792343139648
sw06, 2, 4.904201030731201
sw06, 3, 5.030758857727051
sw06, 4, 4.570896148681641
sw06, 5, 3.8898117542266846
sw06, 6, 3.9359984397888184
sw06, 7, 4.040177345275879
sw06, 8, 3.4049649238586426
sw06, 9, 2.94024920463562
sw06, 10, 3.441094398498535
sw06, 11, 3.484159469604492
sw06, 12, 2.892867088317871
sw06, 13, 2.9540228843688965
sw06, 14, 3.675489902496338
sw06, 15, 3.602299213409424
sw06, 16, 3.3734333515167236
sw06, 17, 3.9817490577697754
sw06, 18, 4.5059967041015625
sw06, 19, 4.5453386306762695
sw06, 20, 4.912363052368164
sw06, 21, 5.524532318115234
sw06, 22, 5.36925745010376
sw06, 23, 5.740073204040527
sw06, 24, 5.274181365966797
sw06, 25, 6.213756084442139
sw06, 26, 6.037703990936279
sw06, 27, 5.211976051330566
sw06, 28, 5.712512969970703
sw06, 29, 5.742318630218506
sw06, 30, 6.367725849151611
sw06, 31, 6.942708969116211
sw06, 32, 7.077548027038574
sw06, 33, 7.1884660720825195
sw06, 34, 7.916955947875977
sw06, 35, 9.042780876159668
sw06, 36, 10.593971252441406
sw06, 37, 11.946645736694336
sw06, 38, 13.922138214111328
sw06, 39, 15.1847505569458
sw06, 40, 16.281614303588867
sw06, 41, 16.343666076660156
sw06, 42, 16.773845672607422
sw06, 43, 15.7504301071167
sw06, 44, 16.110572814941406
sw06, 45, 15.684797286987305
sw06, 46, 15.97409725189209
sw06, 47, 16.35829734802246
sw06, 48, 16.51206398010254
sw06, 49, 16.93939208984375
sw06, 50, 17.683536529541016
sw06, 51, 17.52350616455078
sw06, 52, 18.277694702148438
sw06, 53, 18.26327896118164
sw06, 54, 17.96891212463379
sw06, 55, 17.443519592285156
sw06, 56, 16.894235610961914
sw06, 57, 16.32760238647461
sw06, 58, 16.290122985839844
sw06, 59, 16.062108993530273
sw06, 60, 15.854158401489258
sw06, 61, 15.789437294006348
sw06, 62, 15.243559837341309
sw06, 63, 15.066987991333008
sw06, 64, 15.827627182006836
sw06, 65, 16.658483505249023
sw06, 66, 17.41710662841797
sw06, 67, 16.168930053710938
sw06, 68, 15.34603214263916
sw06, 69, 14.878375053405762
sw06, 70, 14.578466415405273
sw06, 71, 13.544516563415527
sw06, 72, 12.474574089050293
sw06, 73, 10.98099136352539
sw06, 74, 9.46960163116455
sw06, 75, 8.53657341003418
sw06, 76, 7.340548992156982
sw06, 77, 6.999642372131348
sw06, 78, 6.363343715667725
sw06, 79, 7.188753128051758
sw06, 80, 6.310671806335449
sw06, 81, 5.719010829925537
sw06, 82, 5.304046630859375
sw06, 83, 4.467227935791016
sw06, 84, 4.600050926208496
sw06, 85, 4.6846160888671875
sw06, 86, 4.077291965484619
sw06, 87, 3.6449036598205566
sw06, 88, 4.099020957946777
sw06, 89, 4.115266799926758
sw06, 90, 3.391404151916504
sw06, 91, 3.4697587490081787
sw06, 92, 4.067841053009033
sw06, 93, 3.9115278720855713
sw06, 94, 3.2732656002044678
sw06, 95, 3.795299530029297
sw06, 96, 4.383673667907715
sw06, 97, 3.8749051094055176
sw06, 98, 3.659879684448242
sw06, 99, 4.622456073760986
sw06, 100, 4.941231727600098
sw06, 101, 4.356691837310791
sw06, 102, 4.287790775299072
sw06, 103, 4.817652702331543
sw06, 104, 4.397259712219238
sw06, 105, 3.635791301727295
sw06, 106, 4.17690896987915
sw06, 107, 4.497162342071533
sw06, 108, 3.8408539295196533
sw06, 109, 3.713487148284912
sw06, 110, 4.491639137268066
sw06, 111, 4.487002372741699
sw06, 112, 4.019576072692871
sw06, 113, 4.502200126647949
sw06, 114, 4.536938667297363
sw06, 115, 5.158120155334473
sw06, 116, 5.428176403045654
sw06, 117, 5.734988689422607
sw06, 118, 4.7748942375183105
sw06, 119, 4.68646240234375
sw06, 120, 4.219388484954834
sw06, 121, 4.526839256286621
sw06, 122, 4.217515468597412
sw06, 123, 3.5118439197540283
sw06, 124, 3.7379403114318848
sw06, 125, 4.077776908874512
sw06, 126, 3.5966718196868896
sw06, 127, 3.3141918182373047
sw06, 128, 3.972623825073242
sw06, 129, 4.181153774261475
sw06, 130, 3.7738490104675293
sw06, 131, 4.136308670043945
sw06, 132, 5.005287170410156
sw06, 133, 5.770012855529785
sw06, 134, 5.439904689788818
sw06, 135, 4.762372016906738
sw06, 136, 4.8691935539245605
sw06, 137, 4.417741775512695
sw06, 138, 4.255181312561035
sw06, 139, 3.858797311782837
sw06, 140, 3.347435474395752
sw06, 141, 3.1708567142486572
sw06, 142, 3.1383395195007324
sw06, 143, 2.6814181804656982
sw06, 144, 2.397547721862793
sw06, 145, 2.6069416999816895
sw06, 146, 2.5946953296661377
sw06, 147, 2.368401288986206
sw06, 148, 2.5607855319976807
sw06, 149, 2.949368715286255
sw06, 150, 2.9739387035369873
sw06, 151, 3.1547470092773438
sw06, 152, 3.6123600006103516
sw06, 153, 3.9385547637939453
sw06, 154, 4.107359886169434
sw06, 155, 4.536267280578613
sw06, 156, 4.945407390594482
sw06, 157, 5.234429359436035
sw06, 158, 5.490503311157227
sw06, 159, 5.077274799346924
sw06, 160, 5.2326340675354
sw06, 161, 5.246543884277344
sw06, 162, 4.440097332000732
sw06, 163, 4.055651664733887
sw06, 164, 4.458963871002197
sw06, 165, 4.1821465492248535
sw06, 166, 3.3173913955688477
sw06, 167, 3.3307337760925293
sw06, 168, 3.8982486724853516
sw06, 169, 3.5017800331115723
sw06, 170, 2.90683650970459
sw06, 171, 3.467813014984131
sw06, 172, 4.0086283683776855
sw06, 173, 3.6246728897094727
sw06, 174, 3.554581880569458
sw06, 175, 4.370143413543701
sw06, 176, 4.756962299346924
sw06, 177, 4.512382984161377
sw06, 178, 4.175599098205566
sw06, 179, 4.63155460357666
sw06, 180, 5.480459690093994
sw06, 181, 5.311093807220459
sw06, 182, 5.028958797454834
sw06, 183, 5.832462787628174
sw06, 184, 6.396193981170654
sw06, 185, 6.175377368927002
sw06, 186, 6.433571815490723
sw06, 187, 5.4774603843688965
sw06, 188, 4.843808174133301
sw06, 189, 5.567018032073975
sw06, 190, 5.640873908996582
sw06, 191, 4.791943073272705
sw06, 192, 4.975274562835693
sw06, 193, 5.7499213218688965
sw06, 194, 5.485366344451904
sw06, 195, 4.872029781341553
sw06, 196, 5.412883281707764
sw06, 197, 6.069643020629883
sw06, 198, 6.367546558380127
sw06, 199, 7.672494411468506
sw06, 200, 9.174883842468262
sw06, 201, 9.437691688537598
sw06, 202, 10.353377342224121
sw06, 203, 10.541282653808594
sw06, 204, 10.2783784866333
sw06, 205, 11.042457580566406
sw06, 206, 11.826375961303711
sw06, 207, 12.858864784240723
sw06, 208, 12.693262100219727
sw06, 209, 12.141801834106445
sw06, 210, 11.84909439086914
sw06, 211, 10.84229850769043
sw06, 212, 8.965964317321777
sw06, 213, 8.909445762634277
sw06, 214, 10.042184829711914
sw06, 215, 9.19332218170166
sw06, 216, 8.142903327941895
sw06, 217, 9.1056547164917
sw06, 218, 9.294486999511719
sw06, 219, 8.322521209716797
sw06, 220, 8.692394256591797
sw06, 221, 9.48222827911377
sw06, 222, 8.864480972290039
sw06, 223, 8.954185485839844
sw06, 224, 10.009214401245117
sw06, 225, 9.860306739807129
sw06, 226, 9.459901809692383
sw06, 227, 10.546773910522461
sw06, 228, 11.169317245483398
sw06, 229, 10.548494338989258
sw06, 230, 11.214877128601074
sw06, 231, 12.601113319396973
sw22, 1, 8.17829418182373
sw22, 2, 6.779392719268799
sw22, 3, 6.142806529998779
sw22, 4, 4.4007158279418945
sw22, 5, 4.093296051025391
sw22, 6, 4.081075668334961
sw22, 7, 3.436692237854004
sw22, 8, 2.2147316932678223
sw22, 9, 2.0574655532836914
sw22, 10, 3.0526957511901855
sw22, 11, 2.8510396480560303
sw22, 12, 2.330371618270874
sw22, 13, 2.8812267780303955
sw22, 14, 4.356982707977295
sw22, 15, 4.541789531707764
sw22, 16, 4.511056900024414
sw22, 17, 5.498935222625732
sw22, 18, 6.618476867675781
sw22, 19, 7.01711368560791
sw22, 20, 7.459766387939453
sw22, 21, 8.503628730773926
sw22, 22, 7.717393398284912
sw22, 23, 7.617805004119873
sw22, 24, 6.453393459320068
sw22, 25, 8.038346290588379
sw22, 26, 8.289250373840332
sw22, 27, 6.986043930053711
sw22, 28, 7.3697509765625
sw22, 29, 8.0835542678833
sw22, 30, 8.845688819885254
sw22, 31, 8.441163063049316
sw22, 32, 6.915299892425537
sw22, 33, 6.2224040031433105
sw22, 34, 5.737810134887695
sw22, 35, 5.43440055847168
sw22, 36, 5.011791229248047
sw22, 37, 4.352715969085693
sw22, 38, 4.60239839553833
sw22, 39, 4.987144470214844
sw22, 40, 5.727543830871582
sw22, 41, 6.919177532196045
sw22, 42, 7.492867469787598
sw22, 43, 8.836358070373535
sw22, 44, 10.39238452911377
sw22, 45, 11.491926193237305
sw22, 46, 13.27810287475586
sw22, 47, 14.021848678588867
sw22, 48, 14.681056022644043
sw22, 49, 14.440984725952148
sw22, 50, 13.535048484802246
sw22, 51, 12.244634628295898
sw22, 52, 10.927691459655762
sw22, 53, 9.636716842651367
sw22, 54, 7.982056617736816
sw22, 55, 6.854157447814941
sw22, 56, 7.0163140296936035
sw22, 57, 7.242424964904785
sw22, 58, 7.449353218078613
sw22, 59, 9.55899429321289
sw22, 60, 10.37708854675293
sw22, 61, 12.31963062286377
sw22, 62, 13.953737258911133
sw22, 63, 15.044013023376465
sw22, 64, 14.684806823730469
sw22, 65, 12.722573280334473
sw22, 66, 11.516556739807129
sw22, 67, 9.5371732711792
sw22, 68, 7.709675312042236
sw22, 69, 6.354355812072754
sw22, 70, 5.712897300720215
sw22, 71, 5.379260540008545
sw22, 72, 6.298394203186035
sw22, 73, 7.277207851409912
sw22, 74, 7.876735687255859
sw22, 75, 7.7705817222595215
sw22, 76, 7.748416423797607
sw22, 77, 7.033034801483154
sw22, 78, 6.226878643035889
sw22, 79, 6.1183977127075195
sw22, 80, 4.73179292678833
sw22, 81, 3.9717907905578613
sw22, 82, 3.4263553619384766
sw22, 83, 3.018005132675171
sw22, 84, 2.9888806343078613
sw22, 85, 3.950598955154419
sw22, 86, 3.656832695007324
sw22, 87, 2.8852086067199707
sw22, 88, 4.226792812347412
sw22, 89, 4.984066009521484
sw22, 90, 4.04381799697876
sw22, 91, 4.36897087097168
sw22, 92, 5.96352481842041
sw22, 93, 5.97750186920166
sw22, 94, 4.938382148742676
sw22, 95, 6.29736328125
sw22, 96, 7.55708646774292
sw22, 97, 6.650662899017334
sw22, 98, 6.249885559082031
sw22, 99, 8.093775749206543
sw22, 100, 8.524370193481445
sw22, 101, 7.238140106201172
sw22, 102, 6.751155376434326
sw22, 103, 7.100338935852051
sw22, 104, 6.343286037445068
sw22, 105, 4.766860485076904
sw22, 106, 5.074187755584717
sw22, 107, 5.175088882446289
sw22, 108, 4.098993301391602
sw22, 109, 3.2787928581237793
sw22, 110, 3.951761484146118
sw22, 111, 3.9083163738250732
sw22, 112, 3.1747400760650635
sw22, 113, 3.4716272354125977
sw22, 114, 3.878692865371704
sw22, 115, 5.105984687805176
sw22, 116, 6.231346607208252
sw22, 117, 6.356243133544922
sw22, 118, 4.936764717102051
sw22, 119, 5.445013523101807
sw22, 120, 5.312374591827393
sw22, 121, 5.955454349517822
sw22, 122, 4.690504550933838
sw22, 123, 3.801269054412842
sw22, 124, 5.065785884857178
sw22, 125, 5.444784164428711
sw22, 126, 4.386363506317139
sw22, 127, 4.399361610412598
sw22, 128, 6.039397716522217
sw22, 129, 6.086717128753662
sw22, 130, 5.910408020019531
sw22, 131, 7.145524024963379
sw22, 132, 8.35196590423584
sw22, 133, 9.600266456604004
sw22, 134, 9.289201736450195
sw22, 135, 8.213095664978027
sw22, 136, 8.258418083190918
sw22, 137, 7.133269309997559
sw22, 138, 7.086609840393066
sw22, 139, 6.419763565063477
sw22, 140, 5.153469085693359
sw22, 141, 4.742090225219727
sw22, 142, 4.817992210388184
sw22, 143, 3.6153194904327393
sw22, 144, 2.574388265609741
sw22, 145, 3.401763916015625
sw22, 146, 2.8956220149993896
sw22, 147, 1.7696183919906616
sw22, 148, 2.640068769454956
sw22, 149, 3.4929563999176025
sw22, 150, 2.729428291320801
sw22, 151, 3.4412293434143066
sw22, 152, 4.72653865814209
sw22, 153, 4.763143539428711
sw22, 154, 4.879683971405029
sw22, 155, 6.246450901031494
sw22, 156, 6.928247451782227
sw22, 157, 6.827511787414551
sw22, 158, 7.627665042877197
sw22, 159, 6.637513637542725
sw22, 160, 7.262490749359131
sw22, 161, 7.151031494140625
sw22, 162, 5.414468288421631
sw22, 163, 4.8512983322143555
sw22, 164, 5.456915855407715
sw22, 165, 5.108201026916504
sw22, 166, 3.4143035411834717
sw22, 167, 3.4902265071868896
sw22, 168, 4.826938629150391
sw22, 169, 4.246878147125244
sw22, 170, 3.1550893783569336
sw22, 171, 4.196043491363525
sw22, 172, 5.640840530395508
sw22, 173, 5.277691841125488
sw22, 174, 4.999207496643066
sw22, 175, 6.3920111656188965
sw22, 176, 7.505464553833008
sw22, 177, 7.32134485244751
sw22, 178, 6.57798433303833
sw22, 179, 6.946671009063721
sw22, 180, 8.759683609008789
sw22, 181, 8.66441535949707
sw22, 182, 7.541886329650879
sw22, 183, 8.64895248413086
sw22, 184, 10.132622718811035
sw22, 185, 9.531707763671875
sw22, 186, 9.079072952270508
sw22, 187, 7.262630939483643
sw22, 188, 5.917306900024414
sw22, 189, 6.904265403747559
sw22, 190, 7.934454917907715
sw22, 191, 6.628174304962158
sw22, 192, 6.190631866455078
sw22, 193, 7.933109283447266
sw22, 194, 8.290224075317383
sw22, 195, 7.214316368103027
sw22, 196, 6.906525611877441
sw22, 197, 7.689071178436279
sw22, 198, 7.734776020050049
sw22, 199, 7.882109642028809
sw22, 200, 8.929099082946777
sw22, 201, 8.968805313110352
sw22, 202, 8.555020332336426
sw22, 203, 8.177411079406738
sw22, 204, 8.031726837158203
sw22, 205, 8.16755199432373
sw22, 206, 8.125605583190918
sw22, 207, 8.256945610046387
sw22, 208, 8.10098648071289
sw22, 209, 7.8218302726745605
sw22, 210, 7.657768249511719
sw22, 211, 8.102120399475098
sw22, 212, 8.166837692260742
sw22, 213, 7.674344062805176
sw22, 214, 9.063922882080078
sw22, 215, 9.99058723449707
sw22, 216, 9.130032539367676
sw22, 217, 9.030781745910645
sw22, 218, 10.74577522277832
sw22, 219, 11.359842300415039
sw22, 220, 10.633060455322266
sw22, 221, 11.125082015991211
sw22, 222, 12.93393325805664
sw22, 223, 13.214447975158691
sw22, 224, 12.548867225646973
sw22, 225, 13.817042350769043
sw22, 226, 15.467018127441406
sw22, 227, 15.113458633422852
sw22, 228, 14.893636703491211
sw22, 229, 16.858985900878906
sw22, 230, 17.944087982177734
sw22, 231, 17.027795791625977
