"FRAME","PROTEIN","COMPLEX"
1,25.039500495997,25.037323130647
2,24.4834555207046,24.4879461715156
3,24.5530948130159,24.5580480492931
4,24.9359978515133,24.9393386292919
5,25.2884682596464,25.2876003014406
6,25.153588993649,25.157844302534
7,25.04546324895,25.0490984278427
8,24.6895430939664,24.6916372630577
9,24.5310909696177,24.5419506680103
10,24.6866553446174,24.6941899182717
11,24.2961836353766,24.3004484253322
12,24.3352485426643,24.341427933498
13,24.1241003544405,24.1315264368327
14,23.8014843248932,23.8096574458224
15,23.9734245206604,23.9872977946671
16,23.9596010324586,23.9832592669145
17,24.0078194559727,24.0214963039136
18,23.7728499368183,23.7770859717839
19,23.9254890780218,23.9438958378509
20,23.7106952336238,23.7251545081616
21,23.5222938719741,23.5423549370224
22,23.7073087731803,23.7344830212279
23,23.7772995912732,23.8173537809511
24,24.4330866576509,24.4764479311702
25,24.5792593678765,24.6536412248087
26,24.5530252987549,24.6069438058016
27,24.3273266900425,24.36572701302
28,23.8050184913589,23.8471203411535
29,23.8897574124255,23.9295855475132
30,23.9913800809588,24.0296758537352
31,24.0220184536936,24.0500442268344
32,24.1227810253907,24.1343685541488
33,23.9095920969333,23.9384121063035
34,24.2199576081532,24.230538223614
35,24.2696467785018,24.2785971871063
36,23.9310422962357,23.9457621014806
37,24.2191765541963,24.2185611121368
38,24.1522222300949,24.1821000335271
39,24.2324374767492,24.2576723007737
40,24.2964872607148,24.297904826757
41,24.3102937088895,24.3094212094272
42,24.0038213612631,24.0040688906481
43,24.3297063327302,24.3192390221507
44,24.0806802712179,24.0828637604856
45,24.0942454222115,24.0945673350261
46,24.3004395936853,24.3020204541856
47,24.6525768569744,24.6429194815216
48,24.4491368243215,24.4512471328375
49,24.273692950014,24.2776997350127
50,24.6289983310399,24.6085551821723
51,24.3831580672003,24.3684093411569
52,24.501603168161,24.4914211396693
53,24.4862073383754,24.4761578958986
54,24.7244382333726,24.715084499658
55,24.5710468671307,24.5696061701149
56,24.451000963139,24.4892792104373
57,24.7542990225551,24.7836198759111
58,24.573638179113,24.6155870666962
59,24.5166831571741,24.6014339996293
60,24.4194139386217,24.5077450339885
61,24.4020993285028,24.4910322545812
62,24.4255087203059,24.5782729285532
63,24.2903045841825,24.4240089284417
64,24.2631703417572,24.3441510163993
65,24.1941188710317,24.268839384786
66,23.8926427578276,23.9854404947904
67,24.0600491242397,24.1591382463737
68,23.9112165751853,24.008558799382
69,23.6993004310609,23.7567084961021
70,23.8048622534852,24.0586256328549
71,24.2180346288704,24.5676250329693
72,24.1306821276051,24.4674882725755
73,24.2587994328971,24.6380324234343
74,24.2084523567651,24.7690829860357
75,23.8386771187362,24.395672224922
76,23.7256324069452,24.2994168372915
77,23.4868826886598,24.0353556030982
78,23.9161105736543,24.3815469691872
79,23.6141283201358,24.0872354771356
80,23.6980821790917,24.1711579723474
81,23.8129352151451,24.3448226875616
82,23.6496225498709,24.2020192599143
83,23.7784177143086,24.3407006207487
84,23.82484432447,24.3778714060587
85,24.0345063271664,24.6229386083348
86,24.2583878739727,24.780892011113
87,24.2397634890699,24.6963697225125
88,24.1072163923966,24.5729733396256
89,24.2804138449551,24.7577720479108
90,24.2205773448961,24.6523406479777
91,24.5165801686383,24.896951022901
92,24.6684623404018,25.0081757088136
93,24.5734750956351,24.918411183125
94,24.203148046097,24.455464399578
95,24.6389296317455,24.869118313943
96,25.0576991516891,25.2301832491224
97,24.5364051109781,24.7167691220975
98,24.4795199265804,24.617525936123
99,24.3651395054417,24.4569765759503
100,24.555484667627,24.6280655729788
101,24.4394452196007,24.5623007616243
102,24.3117098422695,24.463558769654
103,24.2906706827816,24.4640982879194
104,24.1016403548702,24.3213505411554
105,24.0004136622731,24.1349965068895
106,23.7167979303659,23.8619199451792
107,23.8458862370844,23.9207521082839
108,23.8213892762486,23.8976734347226
109,24.1011610124399,24.1296631088516
110,23.8179538830255,23.8415422193171
111,24.1142410352233,24.1250789559773
112,23.9316933035582,23.9383304866138
113,23.6309810217244,23.6383218026955
114,23.71816595362,23.735527320163
115,24.0620352570277,24.0672132738435
116,24.171638562428,24.1792915504175
117,24.3797309365166,24.3913174980455
118,24.2413922957421,24.2516956944215
119,24.3611291570168,24.3698783166231
120,24.3810355730391,24.3928765780151
121,24.520099435498,24.5212409849872
122,24.663252159934,24.6674749789821
123,24.7532963284785,24.7586273782143
124,24.2963843125652,24.3075984450043
125,24.3258055863679,24.336824682927
126,24.6477186312445,24.6534935289773
127,24.686132331876,24.6838093900713
128,24.8283097070101,24.8309562230549
129,24.9395576299305,24.9358914252327
130,24.7440809561642,24.744987003488
131,25.2857183108869,25.2851570400086
132,25.119043677792,25.1175189102375
133,24.9491180813866,24.945476802363
134,25.2294005374008,25.2226409106863
135,25.2627659428579,25.2566435578882
136,25.081044047689,25.0682132263904
137,25.1309895060277,25.117915382199
138,25.3154719937417,25.3030738412451
139,25.3796550116185,25.3690509137264
140,25.3541726445031,25.3464457847194
141,25.5631318065558,27.3417629868182
142,25.5192852958363,27.2466250837374
143,25.4162956149984,27.0908569231622
144,25.2164868393699,26.9610589332132
145,25.3462550305788,27.0818474853519
146,25.2861310240346,27.0115703070128
147,25.1087840650814,26.8633421780537
148,25.2688976767216,27.0132024183234
149,24.8907337160513,26.6630948685599
150,24.7852314833816,24.7844338833668
151,24.8190152740982,24.8216374459932
152,24.9068988026408,24.9045262056069
153,24.7895187117304,24.7828136784611
154,24.9418480850565,24.9344845483095
155,25.283180172586,25.2784687966578
156,24.9373141468903,26.6616635800663
157,25.1828596089831,26.9021378934143
158,25.6736150529319,27.3814333042046
159,25.4501975512791,27.1858934915825
160,25.8322505256006,25.8221885093268
161,25.4572060644813,25.4553865708029
162,25.6551705474069,25.6423421590395
163,25.2876648692028,25.2755118577711
164,25.2011852790816,25.1885194359326
165,25.0836991009672,25.0678477696762
166,24.9796393988414,24.9590917731969
167,25.0416071909404,25.0240617934277
168,24.8363914834659,24.8233977624035
169,24.6934171637249,24.6800869671278
170,24.80459090941,24.7924162211131
171,24.4842174426587,24.4741903164368
172,24.4294256248076,24.4264700626473
173,25.0878483741618,25.0651916097241
174,25.1549289723464,25.1245732873343
175,25.3959859784727,25.359470173121
176,25.660780993169,25.6203608574889
177,25.7489179535313,25.7065692449468
178,25.6897952309899,25.6587739256147
179,25.3439472567606,25.3135653876606
180,25.4543027137804,25.4197129629978
181,25.2187974552913,25.1975448973009
182,25.4811088771799,25.445430764203
183,25.2592095909435,25.2284256766418
184,25.0690873529794,25.0572715262647
185,25.1836485113732,25.210648306893
186,24.8676978667166,24.8842576768739
187,25.1525654670755,25.1663212743595
188,24.9786501045715,24.9757990511038
189,25.3635664058658,25.3722277204421
190,24.9048237511749,24.8973157722229
191,25.1596506869423,25.1444975014196
192,25.5052136095064,25.4681101136197
193,25.3459525548122,25.3121461952894
194,25.1001140915128,25.0628276211386
195,24.9492869504793,24.9122956209403
196,24.6550025408303,24.6275299541703
197,24.4867834036964,24.4573138893789
198,24.6068655816598,24.5798408520753
199,24.7541008807348,24.7257158717046
200,25.0395983328208,25.0052462132576
201,25.6414758273978,25.6046086632723
202,25.1749853334067,25.1435988255326
203,25.2925698297102,25.2629600593102
204,25.5844406159267,25.5457009970752
205,25.0726869718354,25.0331834111402
206,25.1383703832434,25.1041447285411
207,25.2614165864363,25.22760383623
208,25.2055627322055,25.1782825960075
209,25.2282158034297,25.1975440207654
210,25.1628981094359,25.1429009457887
211,25.4710019992063,25.4632422550705
212,25.0093556123928,24.9933893926566
213,25.2825303735236,25.2503918920304
214,25.1269617097896,25.0872376631483
215,25.4164441947102,25.3800382646279
216,25.4803543543825,25.4475148405338
217,25.9529433416042,25.9205141445668
218,26.0217666567968,25.982157241538
219,25.4437084564325,25.4075572318384
220,25.5647207231655,25.525798861244
221,25.7084741802477,25.6685410633913
222,25.1963354970856,25.1647304136973
223,25.6024496956483,25.5705050642873
224,25.6273309263747,25.592949307598
225,24.9031824980856,24.8641308775941
226,24.9623707351328,24.924571532033
227,24.9034336500718,24.864812187699
228,24.8428315967567,24.8081539116709
229,25.0388114698872,25.0061906145111
230,25.1083749449932,25.0788041980013
231,24.9334572161861,24.9004745693909
232,24.6850535298831,24.6515771460153
233,24.9103624852187,24.876100530201
234,25.1397071481052,25.1023256328496
235,25.2146650260056,25.1812641220821
236,24.9766964976303,24.939357971343
237,25.3058444687842,25.2627977492041
238,25.0839014588851,25.0579807775698
239,24.7219559463153,24.6941881185534
240,25.4545461605119,25.4159873901332
241,25.2360394758271,25.2019931624946
242,25.0507606834302,25.0173354070233
243,24.8589318797548,24.8276867583845
244,24.9984131705064,24.9742969277251
245,25.1427223062821,25.1098164752422
246,24.9238679873356,24.8915935030626
247,24.1860870596694,24.1568258468134
248,24.2581141031431,24.2299889882512
249,24.4417577222722,24.4236785888763
250,24.8961254900624,24.885850477251
251,24.7780759119219,24.7794040485336
252,25.3517096642085,25.3503959025875
253,24.8654890435,24.873539381445
254,24.7752084409872,24.7899755100314
255,24.8744547758254,24.8760428169418
256,24.8435961402226,24.8444756058492
257,24.7633022777706,24.7673113467626
258,24.9289546539632,24.933328501882
259,24.7384306962084,24.7251852075012
260,24.7339063203612,24.7264228932483
261,24.7632006054653,24.762480361154
262,24.3835594553885,24.3824797567837
263,24.7192421773649,24.7302599784706
264,24.7779167837641,24.7814032883727
265,24.6855994925789,24.7097660252778
266,24.8059194684621,24.825529290151
267,24.5094832137917,24.519159268983
268,24.8915303991125,24.9041354077676
269,25.2338370028181,25.2530525204573
270,24.8620671577057,24.8734992037949
271,24.8177725135448,24.8197938953455
272,24.8643047974575,24.8649891480968
273,25.2765855108059,25.2861543104858
274,25.0092578331834,25.0105263393739
275,25.5190778573847,25.5149823673863
276,24.9694991320027,24.9823813677971
277,25.1490714062523,25.1782379045811
278,24.8372310548581,24.8516922303791
279,25.2021008319748,25.2045303834719
280,25.331510107994,25.3328896674172
281,25.3905365069958,25.3827962456165
282,25.2230687705953,25.2245063337341
283,25.5628006279583,25.565043097913
284,25.3212523820469,25.3261402480988
285,25.7136551086509,25.7429690533441
286,25.3801088543087,25.3954501632356
287,25.1735114451543,25.1954348973303
288,25.2656250344837,25.2822808482195
289,24.8439227155598,24.8547940499763
290,25.1362113466815,25.1385990774387
291,25.2809276946167,25.294297129878
292,25.5831587379353,25.6246001507538
293,25.4395795736189,25.4679758202009
294,25.5054088996646,25.5519077172666
295,25.007359246278,25.0729748302064
296,24.8399191631337,24.8754167880027
297,25.4991409498926,25.5448499543151
298,25.257501280357,25.2801348165839
299,25.2604892310689,25.3169251144054
300,25.3264448485686,25.3896783601444
301,24.8900449031278,24.9628519447105
302,24.7872816887333,24.8349489064306
303,24.6502183550711,24.7137820556587
304,24.7242975500523,24.7807514836031
305,24.1934933486583,24.2535940366131
306,23.8604523488036,23.9486864562684
307,24.2736377780434,24.3952457598477
308,24.1411051151757,24.2792125381933
309,24.0646162035625,24.1375934442315
310,23.8865493505923,23.9793263043968
311,24.1434673946273,24.2218053277939
312,23.8655162740925,23.9536026428703
313,23.382973720665,23.4666802165657
314,23.1392853636,23.183567397018
315,23.4045788675553,23.4468315527589
316,23.576964857033,23.5915513930681
317,23.6919253956327,23.674383948212
318,24.1667446627596,24.1593891229496
319,23.6176371318974,23.5877183113437
320,23.7700722164616,23.7428741660275
321,24.1824316092403,24.1415485014208
322,23.7932780356854,23.7762664918689
323,24.1465400219819,24.1354947368972
324,24.2166646874762,24.2095193083814
325,24.2720913080158,24.257500308295
326,24.4781660672046,24.4693596165571
327,24.3906094908212,24.3823852856713
328,24.3174165825094,24.3035744302218
329,24.2619494826632,24.225663818246
330,23.804099195556,23.7858275523454
331,23.6040189652028,23.5814256828537
332,23.6674052864862,23.657624768477
333,23.3850150574224,23.385235037178
334,23.2640881661835,23.3036047425285
335,23.3860519812286,23.4310992143146
336,23.4916295251248,23.5607875524985
337,23.225720501065,23.2971136034038
338,22.6667266589693,22.7334040020901
339,23.1509786860119,23.1758660475951
340,22.9593409241821,23.0241165357048
341,23.1243380083017,23.2083601585677
342,23.0951293166097,23.1185140146304
343,23.3092773299556,23.3499390374108
344,23.3749820036423,23.4288552056944
345,23.5217176926647,23.5289029227942
346,23.3879488722903,23.3645012879449
347,23.1814317552942,23.1596088680598
348,22.8427709273376,22.817268768825
349,23.3129850688329,23.2770463228411
350,23.5252740826421,23.4922211760184
351,23.6301282791774,23.596934455132
352,23.7027112902199,23.683443608687
353,23.6800283657469,23.6694771976812
354,23.8802432123284,23.8799449264144
355,23.653629782595,23.6822293419027
356,23.9295144420434,23.9750714182826
357,24.0977650599779,24.182055490604
358,24.0963337600917,24.1736075628376
359,24.3134319494655,24.3455061539202
360,24.4027141054682,24.4281305752604
361,24.6569280574954,24.6748002502484
362,24.3925725640962,24.4086953658096
363,23.7640181579202,23.7780672223597
364,23.8386683613735,23.8533517113141
365,23.8136004676283,23.810498096091
366,24.1943763568044,24.1640402841074
367,24.3662511333083,24.3438835464378
368,24.7027043175109,24.6832162346799
369,25.0414079190064,26.9024795336666
370,25.1257237239581,26.9648488458881
371,25.115721925166,27.0327288538718
372,25.3147830678644,27.2238405890956
373,25.0744835570811,26.9815286046626
374,25.5291734024621,27.4552139204976
375,25.6568260943792,27.4958990926752
376,25.4752840843718,27.4399507293063
377,25.3567252838914,27.2903796895777
378,25.9274282845948,27.9112963646062
379,25.5498882474601,25.5308376878551
380,25.3690185663644,25.3451514518985
381,25.1405425384383,25.126288162072
382,24.541324712372,24.5250281583411
383,24.8113303995897,24.7984444259907
384,24.4736275728178,24.4509791049087
385,24.3017052860808,24.2829650351451
386,24.1765357016819,24.1595393562887
387,23.9706386077126,23.9529463051573
388,24.215878063142,24.2009029426046
389,24.174836781563,24.1683402153542
390,24.0460829586886,24.0413551978195
391,24.237217935317,26.3720310643103
392,24.1383215061048,24.1240115894102
393,24.3166728259873,26.3619898495682
394,24.1975843114503,24.1924953231174
395,23.9935586209647,23.9844228299166
396,23.9059904227603,23.886507977121
397,24.1488934079963,24.1368947673994
398,24.3050584330705,24.2849087705649
399,24.3175868992798,26.4329712861229
400,24.2337018212981,26.2431619523076
401,24.5292370645904,26.4589067867544
402,24.635241149791,26.5875101003825
403,24.9963880960266,26.9502685994421
404,25.1642218586112,27.1715214745641
405,25.5496296548889,27.5076149858395
406,24.8425171252552,26.8115688011698
407,24.9318534012758,24.9061568542875
408,24.9838244684786,26.9171092481895
409,24.6477357795133,26.6206246483358
410,25.3799034508292,27.2890383678488
411,25.6804064206641,27.5955023916265
412,25.9073698310755,27.8321668914784
413,25.6960316220657,27.6418107922623
414,25.6303541991547,27.4899226184275
415,25.6016572433626,27.4153644528251
416,25.4238156283307,27.2733591011049
417,24.9110466513032,26.8396026598799
418,25.1263132630249,27.0367070187112
419,25.3664038988287,27.2700991610687
420,25.34194966767,27.2362880606071
421,25.6625712188716,27.6041880534983
422,25.4347479904862,27.3190555970279
423,25.7271069627695,27.5920450031339
424,25.6692829806811,27.5932027486592
425,25.2906324161967,27.1810544604433
426,25.3469351149751,27.211179407665
427,25.4941370502312,27.3334828057913
428,25.2227966202695,27.0720907748979
429,25.4464670562036,27.1482306931193
430,25.3038558132764,27.0917198702496
431,25.0115104739434,26.7963532089536
432,24.9003896935853,26.7271556665091
433,25.0944858504595,26.8441975974599
434,24.8874025242875,26.4937362144185
435,25.2463598105975,26.8495614172116
436,24.8357718746497,26.4370845014896
437,25.3312702266405,26.9044901108474
438,25.5871875775716,27.1692077305321
439,25.4821072280363,27.0886834588441
440,25.6119154916595,27.269568398281
441,25.6044952204455,27.2782853198568
442,25.4951091679734,27.1277058239559
443,25.5630350904918,27.1454771330618
444,25.6579124169898,27.1955250361303
445,25.6692574131168,27.2166544342274
446,25.4432998025403,27.0620088324436
447,25.5678949641684,27.2431905938002
448,25.5756794603314,27.3287879903858
449,25.7017860633142,27.4113668503902
450,25.9722488525266,27.6471283557196
451,25.9509619362517,27.6363716480444
452,26.086298779946,27.6995958735043
453,25.697212661292,27.3451190917527
454,25.502652240852,27.1746430946833
455,25.1424100265064,26.8826229676432
456,24.9610924921784,26.7104839374876
457,25.0443187787676,26.7591816338443
458,25.1851252702032,26.8920920804821
459,25.5207642807946,27.1989694648537
460,25.6449546798994,27.32115219333
461,25.3514863587505,27.1010580444656
462,25.6371303258514,27.2882558612937
463,25.468190423685,27.1104315589389
464,25.55889314211,27.2327952568221
465,25.3366765009442,27.0186241419887
466,25.1653914101655,25.1610586812498
467,25.3726212411509,25.3978835077816
468,25.6329161298261,25.6563984982288
469,25.239770685071,25.24987096002
470,25.7163491032737,25.7153819931315
471,25.8725981054325,25.8993774315663
472,25.8349149451849,25.877522238068
473,25.9567063836266,26.0113864664617
474,25.6275559383992,25.6836845531303
475,26.2312981254479,26.2505795229732
476,25.7129121260743,25.7294499380579
477,25.3936832043704,25.4051218310342
478,25.4051877168291,26.9694814835018
479,25.4837468778233,26.9824826803597
480,24.8966206694879,26.5010398015707
481,25.1728492220864,26.7548006347805
482,25.4405652988899,27.0086415966331
483,25.4469890617534,27.0389233535004
484,25.5418448833341,27.0711686355079
485,25.3854374494436,27.0187531222953
486,25.3999635436423,26.9759949500232
487,25.4005131736619,26.9674648982424
488,25.3557504390344,26.9298377489126
489,25.3465946950599,26.9251661127924
490,25.4651391659514,27.1302037061603
491,25.3540517772456,26.9962322980381
492,25.6370141315202,25.6280446911868
493,25.6445177366785,25.6281873088121
494,25.5890041378325,25.5591119261596
495,25.8946853027164,25.8644240904678
496,26.1552268377391,26.1280262300605
497,25.941792179293,27.5353461012163
498,25.8238488404886,27.4376023664074
499,25.6648058033678,27.3140458287163
500,25.7640858014767,27.3872249697451
501,25.2595519769946,26.8804007289017
502,25.2932435538008,26.9576314592294
503,25.1507698438125,25.1209965539589
504,25.1718767955101,26.8201834556557
505,24.9710705044083,26.6100160730864
506,24.9718367796247,26.6559427864336
507,24.9573416195329,26.6658519425397
508,25.6593027232509,27.3397794282726
509,25.3691357033768,27.0904416488871
510,25.7180562987968,25.6890062381704
511,25.5913302726669,25.5626410357488
512,25.5144252020255,25.48580859851
513,25.3775310544673,27.0823583794758
514,25.2151375406534,25.1914538606488
515,25.6085114297927,25.5883248293707
516,25.1855102877303,25.1739418742348
517,25.4076692606335,25.3910036775166
518,25.274661065809,26.9301527732437
519,25.1496544333141,26.8674357617661
520,25.239634748637,25.2284434357136
521,25.5568861689681,25.5357686234875
522,26.0116636497644,25.9883362843344
523,25.7378864678122,25.7112765004196
524,25.8350579300975,25.8143464746218
525,25.4587902914557,25.4375511580961
526,25.7862354492712,25.7684658454576
527,26.1489168890169,26.1253067299794
528,25.9702216782614,25.9443165095839
529,26.1829691623595,26.1638313973184
530,26.3067110270225,26.2806117059956
531,26.3658921043773,26.3504186855452
532,26.275346475549,26.2619740753036
533,26.3776679999069,26.3766807801991
534,26.1092539031621,26.1079611292094
535,26.8171254882172,26.7955679364751
536,27.3555224282157,27.3181335409699
537,26.5968000943679,26.5656331433158
538,27.0663828592188,27.0383712965437
539,26.90811996995,26.8881419631771
540,27.0447712282833,27.046353303066
541,27.024911827682,27.02681984594
542,26.7357359117093,26.7344601579352
543,26.9527982250554,26.9695158635428
544,26.9196083423869,26.9379390837444
545,26.7209268051239,26.7634047885116
546,26.5223295451792,26.5416781269065
547,26.5699713153607,26.5911807283661
548,26.474897796166,26.4909512741289
549,26.100244246709,26.0977781262177
550,25.9611464241995,25.9714882675234
551,25.9767695183413,25.9836836892523
552,26.3788304152478,26.3915555937665
553,26.3849955609195,26.3902876131048
554,26.2224255745984,27.7765047934661
555,26.2809971646347,26.2834288730722
556,26.1988979748298,27.7157166493879
557,26.2414393015124,27.7409060229549
558,26.1084339427762,27.6503360713198
559,26.2354664804488,27.7738482149798
560,26.0535677308231,27.634245773157
561,25.2892657445051,26.8883177811502
562,25.333372564159,26.8859758086609
563,25.5249575019386,27.1891047966431
564,25.7855284092715,27.4109971126863
565,25.5140657060381,27.0828609709262
566,25.2131462565472,26.5280977922603
567,25.2911610032329,26.785644253243
568,25.3317249568356,26.798442781145
569,25.5166509673963,27.0837300708769
570,25.2725619467354,26.8025648422363
571,25.7980527099032,27.2972191572235
572,25.5144935011187,27.0484245043419
573,25.4867391192605,27.0852817094944
574,25.2054455350202,26.8376737124766
575,25.4227379750937,27.060728787624
576,24.9968262996466,26.5397520527839
577,24.8897518300674,26.4834626503018
578,24.9880796767251,26.5528186898142
579,24.8656456117563,26.5269502998123
580,24.6020493138437,26.3471282981445
581,24.7555035328479,26.4791187809345
582,24.8780034946688,26.6265689910037
583,24.8246421016958,26.6157282149297
584,24.6773172939893,26.4438808014838
585,24.8339707950503,26.5664668064249
586,24.9521744068296,26.7196694000408
587,24.989394877271,26.7971912849548
588,24.7980248310635,26.5881574654101
589,24.4316812835179,26.2590560786875
590,24.3723510670248,26.2567402420389
591,24.5528571857607,26.3203233130619
592,24.6088682642088,26.3266468738345
593,24.7352053683189,26.4430670374265
594,24.5484260152554,26.3081586134902
595,24.3774114843228,26.1360430172813
596,24.4184903717544,26.1538737803116
597,24.6137913992612,26.3118943164717
598,24.3555041676302,25.9593418650392
599,24.9652428646014,26.5451867944535
600,24.7674419131347,26.4697896198418
601,24.6644077278101,26.2728250986099
602,24.5518059681952,26.0942411659572
603,24.4790567886201,26.0354161875716
604,24.6030816929575,26.212914625445
605,24.5405288565877,26.1624648748752
606,24.6908270674739,26.3795422536002
607,24.5216037256075,26.2025428766591
608,24.665403209334,26.2927738964295
609,24.3622505106069,26.0443083913476
610,24.6433583656423,26.2847497125549
611,24.9778487790272,26.5346811748303
612,24.6523210950547,26.3309258396324
613,24.4183888432079,26.1032974246077
614,24.5868906308645,26.2985069302605
615,24.530386851877,26.2568220571525
616,24.0993197166491,25.9006858224917
617,24.2942368462818,26.0489007638653
618,24.1633562628667,25.9010039005254
619,24.0084145480852,25.8156057319324
620,24.255748190104,26.0042871314849
621,24.142068902741,25.9030745764889
622,24.4122900173825,26.1663316231526
623,24.7442032623851,26.4374220922163
624,24.6124945908209,26.3464998660495
625,24.5478237034063,26.2684448120898
626,24.4352748923985,26.1638617644844
627,24.1639519224145,25.850435880282
628,23.9933183594817,25.6201862638204
629,24.2083502244601,25.7908050114718
630,24.209113948542,25.9326177833244
631,23.9169205613984,25.6404619803728
632,24.1715332694793,25.8842596696671
633,24.1860223004778,25.949414636491
634,24.2672158503942,26.0787675173532
635,24.2269291123778,26.0215728945425
636,24.3831111332249,26.1724132230843
637,24.203479780753,25.9812823772126
638,24.5426576902843,26.2757503508979
639,24.512734143977,26.2054616938939
640,24.406823238449,26.144113641246
641,24.4163194821739,26.1586494456302
642,24.7320800945171,26.4459188894747
643,24.5312730967817,26.2677398549344
644,24.6830660679914,26.4454044085113
645,24.582949007139,26.3446900196345
646,24.4291893724019,26.2101255204092
647,23.9776650467349,25.8331887570564
648,24.2459623378265,26.0340976274199
649,24.5087205349199,26.1385423533478
650,24.8175842614164,26.3390704229361
651,24.4863465068487,26.0160381015994
652,24.6093870110004,26.2051945632281
653,24.3630905632347,25.8926232507727
654,24.3023625398801,25.9711173982263
655,24.0139656584395,25.6793011096503
656,24.3562695361738,25.9633463426562
657,24.357309456444,25.8835161086138
658,24.8448848267719,26.3135114817107
659,25.0036095908162,26.5346526087172
660,24.7837264837346,26.4923184135624
661,24.3498968573381,26.172698076497
662,24.6529644612968,26.5503651208126
663,24.6498329908344,26.7228156102718
664,24.4953342995198,26.5674229078088
665,24.5693483132701,26.757867480093
666,24.6660541423428,27.1131924476455
667,24.7498407334758,24.9324861836333
668,24.9617777107979,25.0588644210989
669,24.3259773421494,24.4126873335523
670,24.7493924154653,24.7731865581871
671,24.9881770456051,24.9830920758873
672,24.588165152279,24.5563329113136
673,25.1756437638103,25.1323238928677
674,25.0973915898956,25.0637730606755
675,24.9178419046084,24.886215391495
676,24.8848345848714,24.8374361922545
677,25.061026267272,25.0286283510897
678,25.1454696405781,25.1257655832212
679,25.4522604293524,25.4675890834599
680,25.0647013163724,27.2704745067716
681,25.1071045929846,27.555010022898
682,24.8190543703366,27.2064974062662
683,24.5144644416585,24.5735926233026
684,24.7510635348194,24.73971489413
685,24.8893266116721,24.8675716132379
686,24.9990896622759,24.9649081516041
687,24.9433150572159,24.9044099147618
688,24.8721353881026,24.8466570076047
689,24.8089816277692,24.779592387659
690,24.7336604829363,24.7135419298285
691,24.6734148256474,24.6509382714075
692,25.0052625965984,24.983193984105
693,25.0780999121685,27.4195392879231
694,25.2261662031736,25.2037665015869
695,25.362935545759,25.3573350644675
696,25.122734673469,25.1276715549529
697,24.8184184081036,24.8107436911903
698,24.7979373469653,24.7870516472304
699,25.0647596397408,25.013967701654
700,25.0244361357206,24.9932090297688
701,25.0604247129294,25.0480111233061
702,25.1529295845917,25.1701656818988
703,25.4455602018148,25.4332970935403
704,25.8222842247468,25.8634293134392
705,25.5639086184105,25.6170625039311
706,25.8378432597637,25.8817381243599
707,25.8707088699038,25.9424529527141
708,25.551359462813,25.6133546163549
709,25.9578323458076,26.0392843004329
710,25.7944091067034,25.8773826990184
711,26.080624970073,26.2180007344728
712,25.7817129602739,25.8898452777271
713,25.6127742322246,25.7325904980298
714,25.7121013656738,25.8408440286339
715,25.8913275416183,26.0702140219996
716,25.9362779940171,26.0192336975636
717,25.5815571189255,25.7814376003927
718,25.5770840496313,25.8688451361612
719,25.6353492073876,25.8855186197113
720,25.4669787443761,25.818119913118
721,25.4240036105591,25.815230164961
722,25.7672898253295,26.1861011555822
723,25.9315221171974,26.4315448687097
724,25.669243381624,26.2142755143909
725,25.6622645623953,26.2121161810155
726,25.1864023455116,25.759271113543
727,25.2614527866226,26.0082655358774
728,25.2014363234516,25.9084540164693
729,25.0916803165709,25.8548672696422
730,24.6632894909234,25.3851530346642
731,24.6142280836521,25.218962858143
732,24.8053101942628,25.4467373119252
733,24.9626189309466,25.5917628816276
734,24.7861440616562,25.2452218060054
735,25.0240130101749,25.6155794886293
736,25.1842016477407,25.8994102967246
737,24.8774366643519,25.6386521501798
738,25.0751561614626,25.9694724030946
739,24.9625422816824,25.9205445506988
740,24.6922372949475,25.6288889150028
741,24.5702259520148,25.4755204865514
742,24.5936412844381,25.4926243942785
743,24.5242542869242,25.4282056124365
744,24.3664494462786,25.2458057805913
745,24.8615441813143,25.7316566206816
746,24.7035119772285,25.6218048141824
747,24.9450036623956,25.8991007657276
748,24.9978835047993,25.8572737013464
749,25.0117557734436,25.8906666233223
750,24.7397911982331,25.6972437531521
751,25.2375712368511,25.9873403055233
752,25.1347522296675,25.9067843407651
753,24.9423009566988,25.7303753192382
754,25.3608497135696,26.1520926046089
755,25.4419621241038,26.292845167908
756,25.1656790385312,26.0035134018168
757,24.9959159866144,25.7770262278422
758,25.3181145909525,26.1797234507232
759,24.6224359196389,25.5461980173863
760,24.9322406230162,25.8381771629628
761,24.8873240661215,25.7030242072
762,24.8991754884224,25.6641742543109
763,24.513136561657,25.3100089646513
764,24.0324037552685,24.7433087766371
765,23.6950552137241,24.3253900386004
766,23.7847702686007,24.4238630223551
767,23.5851241471659,26.6227037382326
768,23.4481018482693,26.1898801121003
769,23.5746419927975,26.1874855788546
770,23.4095658205777,26.1302200334927
771,23.4452069764311,26.2255065400107
772,23.1380484026946,25.6833289684573
773,23.2801478168949,25.6577210172902
774,23.6612149300086,25.8678533124602
775,23.5235636681611,25.8745244032917
776,23.8307837736689,26.264030276906
777,23.5378624965767,25.9061151809093
778,23.6800190930824,26.0248386721228
779,23.8659004918788,26.0932323630787
780,23.6827806052659,25.9414090102022
781,23.6082217622325,26.2000560547575
782,23.7180548843306,26.2201290533228
783,23.5435667299299,23.8551493546572
784,23.866489868005,26.3512696326656
785,23.680375008617,25.9658573504245
786,23.7874301342164,25.9109383211067
787,23.9664350022669,26.1670883997465
788,23.7876109813622,25.9969418877765
789,24.1325567905628,26.268853643766
790,23.8750703524709,26.2457805465146
791,23.6775682790844,26.1265223855052
792,23.8570698537561,26.1772718723986
793,23.8935929888019,26.3424244706695
794,23.8087050657676,26.1598193829356
795,23.7351297206084,26.0819795436735
796,23.8142759205672,25.9921927563117
797,23.6933808188887,25.8318293889408
798,23.5451067861039,25.5093411217155
799,23.3764741479336,25.4772927068506
800,23.4591755356,25.6707576468964
801,23.3704856572853,25.4931565467289
802,23.3157338599749,25.4634628544491
803,23.485239281154,25.6047730748262
804,23.3037351812492,25.3485146561549
805,23.4992490860071,25.5319037760835
806,23.8434737897971,25.9867129532424
807,24.0237230388721,26.2733447633719
808,23.8905348723743,25.9471719459122
809,23.551094122438,25.6567781988971
810,23.7114722705849,25.2919604793254
811,23.7979271890537,25.3670986926625
812,24.0876771650464,25.6103937099363
813,24.2596978595386,25.9015264747903
814,24.5594303921913,26.0886823292956
815,24.3601510297088,25.8394561299741
816,24.4611186769025,26.050402744489
817,24.3483937911104,25.9656792299068
818,24.0950333961381,25.8714200353898
819,23.9440805066164,25.5808489637016
820,23.7138549200984,25.3283703552182
821,23.8204070991017,25.3744940313405
822,23.8249380482536,25.3921381635504
823,23.5690329500187,25.0355716746886
824,23.3161248081468,24.7078182187014
825,23.6005434753166,25.0197388164741
826,23.5562327444056,24.9112282275869
827,23.8418324148145,25.0706218421976
828,23.7576255822668,25.0631053739231
829,23.5148088225507,24.7630407483695
830,23.2902551386131,24.5837360916629
831,23.3067631173182,24.7632057418534
832,23.1558478883887,24.5531362489829
833,22.7250020825221,24.3130289471975
834,22.9622638466017,24.5317486065729
835,23.1126322090942,24.5837784700291
836,22.8156845536558,24.2285549662244
837,22.7313123254339,24.1755946611649
838,22.9140414496041,24.2138929081641
839,23.2255668011992,24.6027296793081
840,22.9079311477123,24.3538808976623
841,22.8928395975833,24.4555749157232
842,23.0752172335256,24.5875814542607
843,22.877721913027,24.3920679689504
844,23.0487459103945,24.6043683958245
845,22.9474172775511,24.6957889073245
846,22.9713843539266,24.7504240131064
847,22.8006670251537,24.6136190044664
848,22.5814459564718,24.3964231737533
849,22.6142253759194,24.6870967961946
850,22.4249755599394,24.436616179199
851,22.1026884784679,24.0432642886127
852,22.5691146368747,24.4661754029551
853,22.4728172584531,24.8924082803603
854,22.6604033560341,24.9123942981486
855,22.7407630263225,25.2608092633211
856,22.7116299555098,25.2410015602964
857,22.4852141078512,25.005271248507
858,22.4358247423518,25.0410998312327
859,22.4294436131766,24.7638825155435
860,22.3261168732525,24.6446661360023
861,22.0296658212696,24.5837886112598
862,22.1922687372283,24.2454750648417
863,22.1145456660858,24.3839803630735
864,22.4674505079684,24.8106463736071
865,22.2705262354761,24.5180663207555
866,22.1650974391102,24.1260071489074
867,22.134790892591,24.0815205788851
868,22.5560883487207,24.5563149306691
869,22.5488470252147,24.3838581461281
870,22.3935255040375,24.1896475424633
871,22.4305094964616,24.0395967223528
872,22.5125586358541,23.8666479457592
873,22.3043934814051,23.5447137920228
874,22.5640260470143,23.8016127066565
875,22.7467442382379,23.9741309446113
876,22.1303703191658,23.3903889248772
877,22.6274864409961,23.9729977872725
878,22.3511322659351,23.7482080551896
879,22.5566818869689,23.8240878618928
880,22.5727707929927,23.9989276706588
881,22.759569278604,24.1438074781848
882,22.8688652281179,24.2905771077148
883,23.1281612173117,24.6176985199714
884,23.121296563036,24.6620409715502
885,23.3325935618643,24.8487711331302
886,23.7525162917376,25.331614469493
887,23.7010753122485,25.2694165871607
888,23.5280135940467,24.9953007786666
889,23.2783028913612,24.7574154531237
890,23.1621176303137,24.7095007644145
891,23.093708827029,24.7282779714489
892,23.0511701155623,24.6303036014303
893,23.3172126044275,24.8676256137238
894,23.1824469915851,24.7293367922203
895,23.3213135564532,24.8982691430218
896,23.7830575653122,25.3030668618569
897,23.71968758773,25.3458892499532
898,23.3934470854581,25.1427537403678
899,23.3553473503253,25.2888621461937
900,23.7590086792664,25.75772567872
901,23.4928463557783,25.6845006362786
902,23.4135140901059,25.6462356068607
903,23.6782411707753,25.7677319332622
904,23.6505256362966,25.9451238364054
905,23.6793153385516,25.949330959375
906,23.831833562165,26.0207333868304
907,23.5824629617455,25.7613581308664
908,23.8191992234981,25.7996390458868
909,23.7621987375736,25.6168280185321
910,23.2782948629841,24.9691859046472
911,23.7477255838687,25.4003890262792
912,23.4556687617072,24.9089574228305
913,23.9283478476019,25.4101380428992
914,23.7747821090522,25.3655825331722
915,23.8333411260544,25.4835403393828
916,23.9826563265555,25.7088574196746
917,23.7800575579435,25.4827072207503
918,23.959832251062,25.9140614775395
919,23.8631596653141,25.8129056716607
920,24.1563592226369,26.4938500232275
921,24.3350594075472,26.607366996442
922,24.2650275496179,26.6864073638498
923,24.5006125438173,27.2479255972794
924,24.3279969018275,27.2643835223889
925,24.4009089106666,27.3417286509249
926,24.3957603425846,27.0912769928449
927,23.9955295308285,26.7500887731289
928,24.6107233961596,26.9929482447353
929,24.3260001794195,26.8874422567749
930,24.4078551378362,27.1466676849543
931,24.5248056807546,27.3872323794216
932,24.4496583025612,27.1893355354859
933,24.5943699313432,27.0272801749694
934,24.162798984151,26.9166521790391
935,24.2735597196568,27.22474079965
936,24.032181293038,27.2775544364134
937,24.1570716927222,27.3364576248614
938,24.4304677385917,27.4320057501614
939,24.5971578220418,27.5177881306609
940,24.3311375299602,27.1859430104821
941,24.2234993451344,26.9434917000238
942,24.5417911367968,27.5118837950435
943,24.2921336704361,27.2161193592723
944,24.9859965391442,27.9407268108078
945,25.1363398342268,28.0037439480354
946,24.9234925690212,27.6102979045404
947,24.1996351385148,26.9993380727669
948,23.9647844770705,26.7224413444983
949,23.9789954044532,26.6273176144646
950,24.1997599965392,27.0923486480446
951,24.1555578971314,26.9016399151452
952,24.2637974153844,26.8663257337723
953,23.916601145336,26.5005954316921
954,23.7840751874793,26.4744271605129
955,23.9661679122833,26.6184272562288
956,23.9470682667712,26.8844245276834
957,24.1762003557595,27.1371015835213
958,24.1847796734302,26.7936597836599
959,24.4971497563801,27.1764853289331
960,24.2808595346772,26.747754735332
961,24.6857745444676,27.0734058523949
962,24.7154508100434,26.5984005355375
963,24.3597025839983,26.3542392762245
964,24.4732505618273,26.4443537438956
965,24.4314557851286,26.0531007046273
966,24.0456353416211,25.7645109928951
967,23.9513926766429,25.8183840824433
968,24.1980084766066,26.2352713232125
969,24.3367217479702,26.2721895523907
970,24.2121514327129,26.1386565630366
971,24.537586504784,26.6839912864043
972,24.3913831067655,26.6382938446648
973,24.3693889728007,26.5609343762141
974,24.3363626591711,26.6052763823088
975,24.0279821582082,26.3259637305355
976,23.8450139358719,26.2835582266694
977,23.5989490805041,26.1259011572565
978,23.8118332081515,26.3828045816494
979,23.7597991066193,24.1131597193608
980,23.9324257633853,24.3329955095695
981,23.8925581314718,24.2572247045063
982,23.8243911217724,24.0940021536911
983,23.7435239960681,24.0791746668139
984,23.4342597348893,23.7648609059416
985,23.2993835927063,23.55958433298
986,23.3686466095223,23.623419979582
987,23.4147984355143,23.7624582977764
988,23.8295782956457,24.2121805099339
989,23.5084293855531,23.8614509239787
990,23.7619240818501,24.1249108503019
991,23.6809116068417,24.1149906821481
992,23.6787093304097,24.0632703458124
993,23.4416545246777,23.91843157797
994,23.5976871743293,24.2370033349194
995,23.823593415028,24.447874264916
996,24.2104618989094,24.8680284384638
997,23.9858444792876,24.695825653378
998,23.7887058507264,24.6389268833637
999,23.8250956392934,24.7407207128146
1000,24.0737917512546,24.9093758413793
1001,23.6872107228463,24.5760012458031
1002,23.813915353663,24.6170107586796
1003,23.446205856599,24.4041935478451
1004,23.2963591782781,24.5213243487773
1005,22.9097551000267,24.1970084682571
1006,23.3342513316817,24.6387044520056
1007,23.4300974227396,24.7324194873689
1008,23.5405345574931,25.079223523499
1009,23.8132104891446,25.2820819105103
1010,23.8734508771247,25.2409887333436
1011,23.7344244754122,25.2493006780247
1012,23.4336603241241,24.9226266555096
1013,23.3310669845301,24.8999199448771
1014,23.2738223324915,24.8209113335609
1015,23.6790187277482,25.2316728644122
1016,23.3559675134073,24.8728495700589
1017,23.7421516476718,25.3621002718111
1018,23.6806085389947,25.3666105740138
1019,23.5219438271343,25.2086207389682
1020,23.6300158724948,25.2485943845607
1021,23.6839819172516,25.2510987779854
1022,23.5445697594039,25.0558468510296
1023,23.8082127592191,25.4106089738349
1024,23.7702588726207,25.4766967505789
1025,23.6288354267069,25.2115437111975
1026,23.4124952359882,25.1505040589381
1027,23.2655395500031,24.9802966736255
1028,23.272887292281,24.9729079162679
1029,23.0096735573714,24.5044851738335
1030,22.8654721214128,24.6137853845465
1031,22.7595047521646,24.4218020447705
1032,22.834699551336,24.6080554730756
1033,22.9576254384615,24.978740349229
1034,22.6251357154467,24.582479017838
1035,22.8483191921301,26.7754332335187
1036,22.4165287735626,26.4432736648312
1037,22.6252016780153,26.8630442200234
1038,22.6597899016518,27.0812387863134
1039,22.9320922064728,27.0160031816619
1040,22.785139433992,27.3461475741065
1041,22.8101456026598,27.1598508467
1042,22.7469765632189,27.1110744852969
1043,22.6128954173893,24.9471495112328
1044,22.6666125876245,24.7309950477534
1045,22.781260879676,25.1749071845799
1046,22.9037180933324,25.1087497008918
1047,23.1161290590674,25.0398108686783
1048,22.7574844933425,24.7336753826269
1049,22.963221339084,24.713055805615
1050,22.9321526250628,24.4345039246032
1051,23.0269320207011,24.8191184601934
1052,22.9526945738484,24.6846210968287
1053,22.8075122356664,24.7459990223175
1054,22.9592276633322,25.0605589147513
1055,22.9649708387659,24.9385189707174
1056,23.2217363976604,25.0411411354338
1057,23.083251513015,26.9317790452068
1058,23.1685163190895,24.4889661730349
1059,23.2313888504641,24.5179693425777
1060,22.9581413823814,24.4313990348982
1061,23.2494129756658,24.5580866966776
1062,23.3352490230628,24.8169216311157
1063,22.9544606629148,24.4389891262148
1064,23.041043235361,24.7056859017196
1065,23.0333373403313,24.5230300064971
1066,23.1592786527857,24.7306521819397
1067,23.0178355581814,24.8613843280237
1068,23.1648460850589,24.6151693246927
1069,23.0539696299511,24.5085334023174
1070,23.2507975999963,24.5545966454029
1071,23.3469206827115,24.692962633509
1072,23.2794778519187,26.7710899204611
1073,23.037923216292,26.2664923184149
1074,22.9923791714605,26.3320075534021
1075,22.9475668754933,24.1511636759607
1076,23.0095663740499,24.1669049704494
1077,22.7485027002619,24.0128360823893
1078,22.8454569179638,26.2008916619639
1079,23.9085817525991,27.1372017901033
1080,23.8399379518426,24.8165714318696
1081,23.8098623695434,24.7437415869228
1082,24.1377084497354,25.1180742271276
1083,24.3298969428823,25.3933558399684
1084,24.1937192118906,25.1244317434472
1085,24.5842108241984,25.2672533207153
1086,24.5238309757116,25.129527774653
1087,24.251275314892,25.0469055586279
1088,24.0833293742305,24.7758817546865
1089,24.2703306230796,24.9120627372261
1090,24.3281558040848,24.8179745957659
1091,24.4255949273824,24.9130149486336
1092,24.322439275433,24.7408270602204
1093,24.6850924545165,25.1286240669519
1094,24.6236359329107,25.1084759737817
1095,24.4908591567751,25.0730353766835
1096,24.2513386789861,24.9040100991327
1097,24.37755953336,25.0939982898915
1098,24.1817921902591,24.9522348186295
1099,24.2054764424639,24.9510654628907
1100,23.9765991631804,24.8260569753311
1101,24.0389746392741,24.9932798645963
1102,23.9523107564579,24.8162604308762
1103,23.9921188068285,24.8468405123381
1104,24.3970465568324,25.1994891711258
1105,23.83768431914,24.7304028082002
1106,24.0239309770004,24.710795458266
1107,24.0241333727651,24.6260247601648
1108,24.2634849562733,24.9680629018485
1109,24.2738073307766,25.1261348277269
1110,23.9929775770544,24.7998177168471
1111,24.1056558868864,24.8241170175383
1112,24.1772046022926,24.8114667477169
1113,24.1804757777882,24.7924298990564
1114,24.7024652392696,25.292175023568
1115,24.6573777127965,25.3678235971797
1116,24.9712026567825,25.7406839101208
1117,24.584652510879,25.3386323563836
1118,24.7438399419096,25.5084163189424
1119,24.5686406037448,25.393453826481
1120,24.5280570610296,25.3937415723903
1121,24.9597148717594,25.7889071314772
1122,24.619047543279,25.4273011483281
1123,24.6369165890718,25.4328355019636
1124,24.7723347664259,25.5709981431388
1125,24.6009091674421,25.4229213436525
1126,24.5357052618251,25.2523758544286
1127,24.2498505867787,25.1397534107391
1128,24.4370380871724,25.3006761612687
1129,24.3031133540802,25.1806624243297
1130,24.131628758802,24.9613718808597
1131,24.1692658088777,24.9267687083096
1132,24.3589756435284,24.9154584662377
1133,24.0930377129137,24.6122896031365
1134,24.1991698071554,24.5841884093444
1135,24.1593392869367,24.6418850788343
1136,24.2103444751595,24.6710936750032
1137,24.4718338132241,24.8710049253186
1138,24.5436921423256,24.9071129013609
1139,24.1952604154535,24.5348855052227
1140,24.1484490461061,24.4647963179528
1141,24.437554248139,24.7027536337902
1142,24.4522485542989,24.8234355763051
1143,24.4243629497683,24.7864385360168
1144,24.6431479557461,24.8763126102474
1145,24.686356115534,24.9506958437781
1146,24.5219829218653,24.7493994015079
1147,24.6421015261985,24.8310893687745
1148,24.6512588167745,24.8381928103142
1149,24.5383521013648,24.6990254072535
1150,24.5081899207023,24.70091069568
1151,24.5975051137924,24.769749055718
1152,24.1207829877914,24.3361089948761
1153,24.0885278845827,24.2175395102297
1154,24.1353650882297,24.2347472065776
1155,24.1110783712587,24.1857357778075
1156,24.1463330307172,24.2538652914195
1157,24.4188190757086,24.526298638517
1158,24.2860985823874,24.3645533288636
1159,24.2841070583078,24.357406067874
1160,24.1706481335734,24.2126206914587
1161,24.0507472083793,24.0955008653106
1162,24.0279472164426,24.0751942125428
1163,23.8220907846061,23.8687931707285
1164,23.6632818342233,23.6998729320066
1165,23.6306622416944,23.6690773341591
1166,23.9609798605644,24.0002139924315
1167,23.7092916878074,23.7503959482027
1168,23.7361988140101,23.7526904518677
1169,23.795101093273,23.8205393342046
1170,23.7057550223749,23.7237723502074
1171,23.9437531517547,23.9666418740941
1172,23.6935728026356,23.7548192878784
1173,23.3822022743824,23.4607796864039
1174,23.5030227520813,23.5542504622418
1175,23.7338373459213,23.7812960949824
1176,24.1076734923664,24.1420899829511
1177,23.682843810575,23.709680246448
1178,23.8275243247044,23.8580167502917
1179,23.8695242295549,23.9074946666351
1180,23.9279782928491,23.9493924408273
1181,23.826050184982,23.8711780769886
1182,23.8879209959933,23.9330437764467
1183,24.0867804803027,24.1467930399494
1184,23.801998761581,23.8563337532134
1185,23.9246791741788,23.9766663660752
1186,24.0051387950778,24.0499629643483
1187,23.9656166442327,24.009111952882
1188,24.2487013299928,24.3072314216501
1189,24.514221668021,24.5669231553002
1190,24.7252872341948,24.7566707766167
1191,24.5530193659332,24.596109149829
1192,24.6776699645988,24.7418284340369
1193,24.5617475624869,24.6185477738148
1194,24.2394355440284,24.3061284316669
1195,24.4529419386267,24.5056853060329
1196,24.3679055376471,24.4395640022905
1197,25.1813139299039,25.2451107573045
1198,24.7459376442643,24.8119109916954
1199,25.4127582928504,25.4495784421229
1200,25.2859292533864,25.307046280951
1201,25.2712336291931,25.2955386403116
1202,24.8221110162696,24.8461747244637
1203,24.2819049539585,24.306709263178
1204,24.5555252482983,24.5709499730933
1205,24.4005561770184,24.4272687832652
1206,23.8495490411899,23.8982529269958
1207,23.5393591836311,23.6109921141183
1208,23.6794753139167,23.7252714253471
1209,23.5471518854458,23.5834954093328
1210,23.5397927968482,23.5526019990758
1211,23.6646776634724,23.6790454150147
1212,23.7037678884225,23.7540565650769
1213,23.9221900350036,23.9635544513098
1214,23.6763879312431,23.7073188386509
1215,23.9967105519154,24.0129660535705
1216,24.0975920093463,24.1152521588959
1217,24.1326813510909,24.158041470075
1218,24.3643855045526,24.3733585458367
1219,24.2172162401883,24.2523577374415
1220,24.149537439167,24.1735866641992
1221,24.1729920705533,24.1994601309421
1222,23.7473786262489,23.7711328440217
1223,23.4241687202319,23.4635099886839
1224,23.8573473557976,23.875443179983
1225,24.0428550390436,24.0627122718364
1226,23.9714405473965,23.9902625351399
1227,24.2252328725004,24.2147995215807
1228,24.0666357755634,24.0510383806095
1229,24.042128157149,24.0089149391478
1230,24.0165405088831,23.9969588793968
1231,23.9004622272327,23.8702192282427
1232,24.0154337824141,23.9748135343747
1233,24.0430927525354,24.0001197506317
1234,23.8622665824979,23.8251812631543
1235,23.9787370351117,23.9506120332664
1236,23.7239904066038,23.682384106869
1237,23.8997835075256,23.8531208544564
1238,23.5010260185027,23.457018304713
1239,23.3499129938771,23.296821567614
1240,22.8717193488571,22.8217378689932
1241,22.8874626458587,22.8359526319594
1242,23.0074302221245,22.9515685471369
1243,23.0256422363006,22.9791181906736
1244,23.0404513924084,22.981362435815
1245,23.0665213082045,23.0087111370993
1246,23.0756237059366,23.0128915537462
1247,23.2160073733806,23.1534562869038
1248,23.3097278061147,23.2405889075417
1249,23.3101696641227,23.2382153488633
1250,23.2194592096299,23.1475665683379
1251,22.8520589638351,22.7820809977442
1252,22.9065335739151,22.8363146349969
1253,23.1681620101498,23.0926252146276
1254,22.9072238827463,22.8342661990622
1255,23.0430725249865,22.9731766244508
1256,22.9965085126544,22.9264666379143
1257,22.983321725646,22.9156215784157
1258,23.3142063584638,23.2464752710781
1259,23.3033819053656,23.2381471110791
1260,23.8655519374742,23.7973017214291
1261,23.7491306830783,23.6804896193588
1262,23.5984658811506,23.5301488926785
1263,23.9261900698655,23.8685068284694
1264,23.8715753514478,23.8263091743605
1265,23.7621685048276,23.7109005844084
1266,23.8808600316745,23.8315576800528
1267,24.0037831823506,23.9562209861631
1268,23.6724528934171,23.6172615504911
1269,23.8400580636339,23.7915701488814
1270,23.7110764738919,23.6613290045273
1271,23.8629580136203,23.812074683036
1272,23.9539550561193,23.9079287709666
1273,23.8425552477158,23.7934707887069
1274,23.3592191541298,23.3182126516716
1275,23.6296699307757,23.606259250655
1276,23.2160212794268,23.2051611395399
1277,23.2144914758485,23.197515662198
1278,23.2390208942936,23.2116021796836
1279,23.1370720694409,23.1082265220399
1280,23.122043459588,23.112393439533
1281,23.4088973762442,23.4143727109751
1282,23.1804004658844,23.2042573752035
1283,23.1559797429592,23.1676943739488
1284,23.2332814395332,23.2456383989838
1285,23.0795369692797,23.0873555156523
1286,23.5750317707393,23.5722283478929
1287,23.6576278967123,23.6634255282161
1288,23.2933117598891,23.3073833107118
1289,23.3626478682834,23.3717605400696
1290,23.5399399374398,23.5637670911394
1291,23.6364990178503,23.6447165689159
1292,24.0711633680725,24.0815064445871
1293,23.2942105764086,23.3083749429082
1294,23.6048747597805,23.6137355038842
1295,23.194965199872,23.2165803096032
1296,23.244339816969,23.2584062496251
1297,23.547630271292,23.5585941947101
1298,23.7204431427612,23.7413774843704
1299,23.6352399226756,23.6605872532286
1300,23.8542352441658,23.8752179724813
1301,23.7427701579538,23.796020221985
1302,23.3751965381701,23.4333875673764
1303,23.7933569754768,23.8276879811047
1304,23.6745368924802,23.7110040512478
1305,23.5592378404675,23.5973456874566
1306,23.1799124148015,23.2277534371264
1307,23.2641806231401,23.3060692493246
1308,23.0294261660968,23.0641236530957
1309,22.8094981518868,22.8422426315772
1310,22.916570838291,22.9407876392332
1311,23.2780855028824,23.3079884567903
1312,23.6147715338406,23.6444460031309
1313,23.67071410628,23.6735768983778
1314,23.7158399044276,23.7268996118838
1315,23.3847915902974,23.4035986669504
1316,23.2298075944883,23.2608097964639
1317,23.3356633281641,23.3605649603184
1318,23.5218400669535,23.535923672281
1319,23.3524035933208,23.349433627185
1320,23.5737688451579,23.5623236740543
1321,23.8095037847903,23.7883617098431
1322,23.9022682717445,23.8811097578098
1323,23.8816023569629,23.8764431541018
1324,23.8499915857732,23.8482705257882
1325,23.5594577742372,23.5576116619618
1326,24.1639890082341,24.1427773426007
1327,24.0531017298415,24.0350077749407
1328,23.9427678767096,23.9391056110496
1329,24.0916908512961,24.0782162133701
1330,24.2350936559397,24.2295882283879
1331,24.3593802807693,24.3550942128459
1332,24.2772363578223,24.2622110970301
1333,24.2983318367363,24.2846833462002
1334,24.0511744786979,24.0367523007317
1335,24.2292254181748,24.2080636396249
1336,24.4550291490579,24.4265707504655
1337,24.3781730764644,24.356152636574
1338,24.7248467858634,24.702572330261
1339,24.802127712556,24.7785912187429
1340,24.7470778317185,24.7249557119908
1341,24.6446648403738,24.6117946356597
1342,24.6304712412473,24.6004418606505
1343,24.9709566877455,24.9352148375523
1344,24.3792022066878,24.3725999873889
1345,24.6871149125336,24.6656421879989
1346,24.7432098735002,24.7356393232007
1347,24.69961764825,24.6869326865319
1348,24.6989367171998,24.6997009922479
1349,24.5978944033341,24.5837200275579
1350,24.7665778870622,24.7470443860896
1351,24.3392380043191,24.309880777241
1352,24.3167072918361,24.3169140972475
1353,24.7287565317566,24.7175993853437
1354,24.4969739058009,24.4854804497155
1355,24.4010053398822,24.3843287185411
1356,24.1960648715259,24.1751964658401
1357,24.1270310152783,24.1112674339456
1358,23.6008635444912,23.5912938039132
1359,23.7357087824567,23.7299061404739
1360,23.8931158652754,23.8929890153562
1361,23.9951796549895,23.9854528409135
1362,23.6580432912457,23.6705983359721
1363,23.6489103461536,23.6532273576128
1364,23.6634769836984,23.6612838407731
1365,23.8682446638172,23.8708207619703
1366,23.8825944067616,23.8790770886385
1367,23.8812611004419,23.889333132412
1368,23.6056182249384,23.6011068777619
1369,23.9048285453006,23.893358784614
1370,23.988922489992,23.981058745615
1371,23.8319750223902,23.8266915305271
1372,23.5356253523075,23.535171105292
1373,23.9698541960561,23.9798863171539
1374,23.6823732729895,23.6773396595427
1375,23.8532238636344,23.8570275277533
1376,24.097404371634,24.0808414067965
1377,23.7646804119236,23.7521610109844
1378,24.0119465617333,23.9889118325392
1379,24.0796511646983,24.0818304798689
1380,23.9555804905597,23.956274058341
1381,23.606240360214,23.5910335708906
1382,23.9819331855095,23.9610426952477
1383,24.2034202682567,24.1960180409054
1384,24.1639245300115,24.1538744262728
1385,24.0205255689711,24.033992660412
1386,23.8382068808398,23.8880700954019
1387,23.9931116984428,24.0167808333681
1388,23.7650644737313,23.7779379295381
1389,24.206940515382,24.2119957336815
1390,24.3602222487878,24.368391399557
1391,24.2621061555665,24.2153345032604
1392,24.204998833906,24.1535184524571
1393,24.3771247337521,24.3292908675914
1394,24.4707004006841,24.4052620870511
1395,24.5833094621508,24.518772926729
1396,24.4679866375488,24.4294438963128
1397,25.0595922674698,25.0065346361898
1398,24.655890266177,24.6112174474542
1399,24.7933288317763,24.741008292652
1400,24.8608822595246,24.8070562550422
1401,24.9900735782575,24.9309230979866
1402,24.6672702198112,24.6150092568894
1403,24.5533742760122,24.5047152966008
1404,24.4957873041715,24.4511847753006
1405,24.6582589367938,24.6040876678356
1406,24.483330941473,24.4395010350543
1407,24.4525933936814,24.3806044268176
1408,24.4806729235742,24.4059533194336
1409,24.6377744043864,24.556399767263
1410,24.8261018289696,24.743865419291
1411,24.3903636699354,24.3127899575826
1412,24.5671671556171,24.4859320743135
1413,24.6104697971439,24.531664215862
1414,24.5137645911283,24.4275507797198
1415,25.0168915628603,24.9303936547402
1416,24.5453837202069,24.4662928340099
1417,25.1715841859322,25.0837106830078
1418,25.2014664157473,25.1134276759744
1419,25.2073656459728,25.1196752543126
1420,25.3133306113709,25.2222964005421
1421,25.5834323023026,25.4929538187736
1422,25.264865334775,25.1747776765758
1423,25.5989980941495,25.5054613812143
1424,25.4219711678411,25.3292118836611
1425,25.4978696200031,25.4064810361118
1426,25.7112847112406,25.6302754100482
1427,25.3147120083298,25.2240428792429
1428,25.2861124668907,25.1986884693235
1429,25.4050291989916,25.3180490371244
1430,25.1599046432804,25.0878551516325
1431,25.1522206319856,25.0686629198901
1432,25.3887568963218,25.3060401534276
1433,25.373512455772,25.2940766854246
1434,25.6316516776324,25.5560854886515
1435,25.2249876020527,25.1509086459399
1436,25.0227684312284,24.9575973403303
1437,25.2513345593769,25.1857940556545
1438,25.2880331251014,25.2176372297984
1439,25.3095865370343,25.2452024268506
1440,24.9569341487403,24.8874817829562
1441,25.0505987717549,24.9809489214945
1442,24.9648901034707,24.8972652836498
1443,24.5271343351895,24.4712247704517
1444,24.671520495915,24.6069238848265
1445,24.9632208981694,24.9087607815089
1446,24.7087205968937,24.6508517636422
1447,24.4562594573331,24.3974122609741
1448,24.6548635987304,24.5941427060043
1449,24.4020206569667,24.3401211274636
1450,24.5853036553852,24.528101756445
1451,24.2052806519399,24.1550735303873
1452,23.9707809710484,23.9258198390255
1453,24.4396251267793,24.3934803358856
1454,24.5239843591699,24.4678342928371
1455,24.6881379476091,24.6280657574481
1456,24.5051286851696,24.4525327323293
1457,24.6355255897026,24.5808463482464
1458,24.7366965591826,24.6866406807014
1459,24.6231658149419,24.5630041466283
1460,24.5081031073904,24.4512907176435
1461,24.3598197140946,24.3064348706687
1462,24.1620480379313,24.1088213168619
1463,24.1059284360766,24.0588768107247
1464,23.9327342536448,23.8818041622957
1465,23.8187062445344,23.7663666798632
1466,23.8084525965151,23.7670724983822
1467,23.7828054762585,23.7301037579471
1468,23.363976902101,23.3226163184556
1469,23.2993641183555,23.2558566029496
1470,23.5079725468866,23.4633968906116
1471,23.7101967743213,23.6648438150865
1472,23.6259029809035,23.5799731280852
1473,23.5861296456414,23.5389718376234
1474,23.5488585120402,23.5048318819501
1475,23.4485807348561,23.4054724082503
1476,23.7845374818138,23.7378341523771
1477,23.6565097042799,23.614425386918
1478,23.6507292226387,23.6056002101826
1479,23.8461418511853,23.7948065784772
1480,23.4977452853932,23.4479523450802
1481,23.7668144040332,23.7208496842259
1482,23.6616989084777,23.6129232479499
1483,23.7650532181004,23.7173486044018
1484,23.8587781631198,23.8065526068811
1485,23.8300587395835,23.7821454446308
1486,23.7263513239073,23.6769013397088
1487,23.7109901397158,23.6642130420038
1488,23.6294905225872,23.581464186942
1489,23.6173115274954,23.5644740144917
1490,23.6854722327445,23.6368579746643
1491,23.6527607926809,23.6031065319346
1492,23.701802896437,23.652024459105
1493,23.8006952086268,23.7524551689319
1494,23.9581314850499,23.9090784629789
1495,24.0793339677903,24.0238409151723
1496,23.4452770294436,23.3960583904581
1497,23.6762094145636,23.6296810879578
1498,23.8051576075827,23.7569545288539
1499,23.7142588909163,23.6683556972949
1500,23.6420102354928,23.596959508368
1501,23.8481452004527,23.7983292638568
1502,23.8842135157688,23.8437657253346
1503,23.6669527052181,23.6193203016592
1504,23.6543918702176,23.6100206535492
1505,23.6523943248216,23.6049039061497
1506,24.0807855226022,24.029902598825
1507,24.2540446176973,24.1940902597268
1508,23.7266379355623,23.6731530819697
1509,24.08006435239,24.029128591412
1510,24.322874825145,24.2639549449409
1511,24.5045795681592,24.4549211517102
1512,24.0293004520443,23.9815024430232
1513,24.0618875228879,24.0175350826323
1514,24.2177559072296,24.1690232913137
1515,24.3709463399335,24.3203809012556
1516,24.2750292640935,24.2343613200703
1517,23.6698129218762,23.6225128556624
1518,23.9104689244159,23.8615137225776
1519,23.8100664687656,23.7619206177051
1520,23.9910867128988,23.9374761082841
1521,24.0746378395738,24.0095579877509
1522,24.2460459459092,24.1829423343159
1523,24.2784746734681,24.2144325595998
1524,24.0054395090508,23.9514571738144
1525,23.8683596845314,23.8108343430965
1526,23.7387097532899,23.6820680171499
1527,23.7114275398587,23.6475648469711
1528,23.9457769710255,23.8851225911154
1529,24.0462670960063,23.9875953273303
1530,23.9088057522766,23.8549151002712
1531,24.0146582369954,23.974126355719
1532,24.3550842307208,24.2973469662201
1533,24.3921557486991,24.3347547883995
1534,24.3595963925321,24.2954036748659
1535,24.1584432215973,24.0965537733852
1536,24.2878324658282,24.2304957986115
1537,24.2711649836733,24.2173390077062
1538,24.4865468908782,24.430739111171
1539,24.5245193121303,24.4636055586062
1540,24.5015893929605,24.4368028083512
1541,24.4682960725214,24.4041192875059
1542,24.6441300309872,24.5779469093622
1543,24.6839492896107,24.6220530670264
1544,24.4613165784004,24.3968069414464
1545,24.4457809146429,24.3822474105271
1546,24.3086774287953,24.2477578510022
1547,24.6415170142759,24.5823046682835
1548,24.6499006197746,24.5893926524391
1549,24.5985728902663,24.5391850748221
1550,24.1918141741537,24.1366612088224
1551,24.4064230981505,24.3471907703627
1552,24.371971988882,24.3118430280717
1553,24.1945393199911,24.1411468574398
1554,24.3430141425349,24.2908046046204
1555,24.1741554649251,24.1190222840446
1556,24.0644094380645,24.0126302328428
1557,24.0349777568177,23.9751345835915
1558,24.160395123666,24.0973970543371
1559,24.2612028543477,24.1991507668901
1560,24.5704173437747,24.5067782010714
1561,24.1905470607548,24.1296698641292
1562,24.4461125671637,24.3781053182537
1563,24.0186435009586,23.9545175070252
1564,24.003988310656,23.9401291965178
1565,24.2213413859175,24.1582426050632
1566,24.3184127494252,24.2535163991231
1567,24.3701130947758,24.3041284853707
1568,24.0133989297306,23.953385913978
1569,24.0208129135489,23.9582132762455
1570,23.6081764687002,23.5435997756797
1571,24.0308270902028,23.9624170798108
1572,23.7018463893376,23.6414703804546
1573,23.4156877910761,23.352981843517
1574,23.8056810970416,23.7348625862776
1575,24.0714108865484,23.9997224036524
1576,24.1697273111302,24.0972208663138
1577,23.96911443653,23.8960873572527
1578,24.0587781588033,23.985745600304
1579,23.9977760854699,23.9219605122892
1580,24.0733520665183,24.0011341906853
1581,24.2598893171883,24.1904261299234
1582,24.1141415038397,24.0443764682084
1583,24.2479741218661,24.1759463462441
1584,24.3428786914949,24.2679068505446
1585,24.2628132076823,24.1892918354693
1586,24.1858768652546,24.1107797375102
1587,23.9176750914335,23.8441954311345
1588,23.5267004860407,23.4589570619475
1589,23.494144076339,23.4301931111053
1590,23.5965184641804,23.5253708684809
1591,23.6919656986826,23.6191380746355
1592,23.4097911202003,23.3400288451184
1593,23.7011643329801,23.6291721871713
1594,23.7718901311922,23.7016790462268
1595,23.9147727939621,23.8452635331982
1596,24.3083478257016,24.2364792522547
1597,24.5924844743724,24.5136972210732
1598,24.2212075800732,24.1450545928747
1599,24.3202524061319,24.2424258649422
1600,24.1485582651456,24.0797377431383
1601,24.5065784904774,24.4301513076021
1602,24.7114486287568,24.6411663611079
1603,24.8949417565918,24.8170525371515
1604,24.9212289388198,24.8419207565129
1605,24.7002879782078,24.6293698625268
1606,24.9010369931048,24.8239386634523
1607,25.1603056179069,25.080414170967
1608,24.655043703163,24.5776091012699
1609,24.573289619476,24.4985668503601
1610,24.4341617698467,24.3643644479533
1611,24.702387469744,24.6310701140824
1612,24.4690312880422,24.3958739718718
1613,24.7024087510884,24.6297375548146
1614,24.3900995478583,24.3149286800891
1615,24.4501014606709,24.377771008452
1616,24.6960322942498,24.6202006543797
1617,24.6777474462266,24.6012178552939
1618,24.8875104318806,24.8071421903836
1619,25.1172542107247,25.0393646305264
1620,25.3364613863082,25.2539669378436
1621,25.5322553181612,25.4490745721447
1622,25.4651769503896,25.3781881452376
1623,25.2409045701706,25.1566757194329
1624,25.4165535688403,25.3349841267709
1625,25.2362809299,25.1527647639024
1626,25.1827973086233,25.0972959080673
1627,25.1301016727273,25.0472127561764
1628,25.2776549157796,25.193751985575
1629,25.2562748658586,25.1738820766033
1630,24.9131545570328,24.8306988715089
1631,24.9513378544962,24.8702585976299
1632,24.9711142575668,24.8896676573185
1633,24.6753952916745,24.5980053846611
1634,24.6880410163913,24.6099927469325
1635,24.8854759810177,24.8055762383551
1636,24.8923620564273,24.8120163771208
1637,25.0675132375629,24.9911304430697
1638,24.8982956897465,24.8179721791049
1639,24.4195419765572,24.3448405570503
1640,24.1908229816635,24.1207095231533
1641,24.1857845185489,24.1166499424201
1642,24.1854611625297,24.1149079011777
1643,24.1852078415235,24.1119179269805
1644,24.3252463469785,24.2511585726825
1645,24.3304944153968,24.2556051551659
1646,24.7028452142207,24.6274289985603
1647,24.7451510000726,24.6692101337504
1648,25.0670569044979,24.9898082903395
1649,24.5833843920625,24.5062311750863
1650,24.8173874334308,24.7386518182783
1651,24.4522068024751,24.3779727842472
1652,24.5327269996089,24.4589719143297
1653,24.5420356052435,24.4700717988493
1654,23.816863340871,23.7534723306775
1655,23.7628251445184,23.7007827666271
1656,23.4919608431684,23.4317689041369
1657,23.2395005392683,23.1815355026214
1658,23.3528517842039,23.2895377235735
1659,23.4132083032723,23.3487252218894
1660,23.3103290314073,23.24593821879
1661,23.1167471287744,23.0556210723384
1662,23.1982121967086,23.1322719672617
1663,23.1603138330781,23.1009356398171
1664,22.9110864573406,22.8543934630995
1665,23.2624910557563,23.2018983769022
1666,23.2929922688987,23.2361923853584
1667,23.0679660695459,23.0073983548994
1668,23.1059925662448,23.0423791530737
1669,22.6957557318489,22.6325296802404
1670,22.5716808654184,22.5088774815215
1671,22.7222834206206,22.6627002877321
1672,22.6490675513236,22.5913393872016
1673,23.0880368563465,23.0244103322035
1674,22.7275312665131,22.66521055036
1675,22.4884668753463,22.4301621771235
1676,22.488572216745,22.4298327811158
1677,22.7152786486138,22.6559392019982
1678,22.3772897719895,22.3208551000245
1679,22.559520371745,22.5029649961176
1680,22.5012142415029,22.4471677726786
1681,22.4638780922811,22.40430147223
1682,22.3400963082869,22.2931932640859
1683,22.4425517920247,22.3901233564507
1684,22.6768152022011,22.6210841254674
1685,22.4197350041539,22.366573627426
1686,22.4279176207438,22.3750539642566
1687,22.3205148605161,22.2696411501689
1688,22.5613086683084,22.5102664013891
1689,22.3534092417409,22.3030582094049
1690,22.3940284232263,22.3488522911384
1691,22.5453492056159,22.4943551492602
1692,22.4560284860684,22.4055265198497
1693,22.4816672429618,22.4283753417506
1694,22.4818499581819,22.4375660516428
1695,22.2605471827116,22.217369181481
1696,22.4514702110938,22.41111381674
1697,22.0903549907563,22.0557645892638
1698,21.9983154755246,21.9699303880812
1699,22.0552092280517,22.0292101143841
1700,21.8564349651688,21.8194152971474
1701,21.7814250853106,21.7395066813843
1702,21.8261904774634,21.7858514143431
1703,21.8124722960978,21.7774991984848
1704,21.490547879489,21.4545466355335
1705,21.5938817783324,21.5587687110609
1706,21.5133467018045,21.480787555921
1707,21.7689422700082,21.7321878785411
1708,21.6273478161514,21.5895732879424
1709,21.7485777205676,21.7160909460867
1710,21.713757267014,21.6843447981639
1711,21.7000129668082,21.667316476446
1712,21.6191814805075,21.5883532644949
1713,21.590702162011,21.5560013209918
1714,21.5308557947159,21.4872414133257
1715,21.6685745402938,21.6242596811331
1716,21.7028838473884,21.6579878945684
1717,21.684268033778,21.6346936530741
1718,21.7712858080599,21.7205431768945
1719,21.6847239885284,21.6381225083718
1720,21.6339182852911,21.5930201276799
1721,21.5584424156223,21.5121070040273
1722,21.4636267570986,21.423667155038
1723,21.384162824391,21.3481769582958
1724,21.4123373560109,21.3743163724008
1725,21.482151637704,21.4479711810007
1726,21.4392699879509,21.401781054753
1727,21.4949308672422,21.455742984067
1728,21.5604983659165,21.5187629758279
1729,21.5127257534089,21.4695947217533
1730,21.6344301331404,21.5931069814623
1731,21.6677412509846,21.632853009877
1732,21.6013782208488,21.5764611178138
1733,21.4607591321271,21.4357168074365
1734,21.6142749858359,21.5793039065442
1735,21.5151181688332,21.4864357396493
1736,21.4579192444019,21.4333253983169
1737,21.3582782921263,21.3313246679014
1738,21.2942182742041,21.2703091825701
1739,21.3745471665591,21.3481430984195
1740,21.5694091473743,21.5477634038059
1741,21.5675833172494,21.5358289787978
1742,21.5475977012587,21.5080455046937
1743,21.5164468002643,21.4834578891106
1744,21.3596320827483,21.3255135400715
1745,21.5127151550852,21.4777504602529
1746,21.3700828228635,21.332649459334
1747,21.2329233452143,21.1933564050015
1748,21.3216470367893,21.2897703959914
1749,21.2456201776112,21.220412869581
1750,21.1902445185372,21.1569325437713
1751,21.3167482723666,21.2900271318599
1752,21.2294792270583,21.2075231448532
1753,21.3907614542971,21.3654285674094
1754,21.3933674650424,21.3880759880066
1755,21.6408384642266,21.6265627487267
1756,21.7993032757947,21.7875742687386
1757,21.6145394639247,21.5879094523914
1758,21.5229186977123,21.4981899277153
1759,21.580159857593,21.5693320653751
1760,21.5718299787101,21.5616417191854
1761,21.588886921442,21.5733303083871
1762,21.690378494061,21.6795625798806
1763,21.6084243449713,21.5965041060916
1764,21.6330030150928,21.6097880179118
1765,21.5880245426199,21.566971814869
1766,21.6935890556569,21.6599189461603
1767,21.5983527572309,21.5580032085487
1768,21.6413214916162,21.5897617663127
1769,21.455857795068,21.4035708709344
1770,21.4807107438254,21.4317594614535
1771,21.4675028972681,21.412550728886
1772,21.5812536418202,21.5329426851783
1773,21.6254104639508,21.5788861967123
1774,21.5952980276131,21.5483789373739
1775,21.5339783881871,21.4958574784954
1776,21.4139766815646,21.372720471773
1777,21.4173789253409,21.3710091058499
1778,21.220507467222,21.1703890740068
1779,21.1128219540327,21.0681520774387
1780,21.2453427779772,21.1934399787106
1781,21.2090416035456,21.1614099972299
1782,21.1259589121394,21.0814475025066
1783,21.1327582530709,21.0831243533198
1784,21.1238127114014,21.0758810454558
1785,21.1713612361776,21.1203921170987
1786,21.2648572966386,21.217246954289
1787,21.2386390861172,21.1938121654429
1788,21.2098561943128,21.161192568322
1789,21.176628368696,21.126650009163
1790,21.0602220035728,21.0185575791283
1791,21.2501530235477,21.2126267505015
1792,21.274513589591,21.2371219826506
1793,21.3669814472582,21.3239521887617
1794,21.3103000356938,21.2736014956347
1795,21.5495890243821,21.5084651311109
1796,21.4633526869835,21.4238529744291
1797,21.3698821797179,21.3274757702203
1798,21.5732672271918,21.5244967949179
1799,21.9294654777082,21.8713810185729
1800,21.7679567757218,21.7128798127547
1801,21.8541757308143,21.8004140155705
1802,22.0284747509354,21.9699444914265
1803,22.0742338546587,22.01876771817
1804,22.1526876679404,22.0995704754889
1805,22.0923824927969,22.0432675346015
1806,22.1926198980431,22.1448972670359
1807,22.0249279976146,21.9776764274187
1808,21.7429927398908,21.6973953144352
1809,21.5034346808175,21.4524464707611
1810,21.5749149760133,21.5232972259532
1811,21.614829270905,21.5641685025027
1812,21.8242551662384,21.7665219641329
1813,21.7180387277488,21.6625737735997
1814,21.9152449607108,21.8573219662295
1815,21.814367441412,21.7575656739663
1816,21.8338820851095,21.7806570951893
1817,21.8799813465087,21.8250747652053
1818,21.9318239510146,21.872650311359
1819,22.00438282677,21.9442872426625
1820,22.1654980598627,22.1059084160733
1821,22.1631284641615,22.1055380357226
1822,21.8736550360486,21.8194937319582
1823,22.0364741158753,21.9789709912193
1824,21.7926304517061,21.7367843502136
1825,21.7213523800735,21.6629492063364
1826,21.8153778795383,21.7569568214693
1827,21.4829176260589,21.4297814188776
1828,21.6057573451901,21.5505454380759
1829,21.5368017525505,21.4817770915936
1830,21.9244252526265,21.868029599134
1831,22.0724552978286,22.0169610655612
1832,22.1110695305695,22.0531387665702
1833,22.1847110542661,22.1252401260959
1834,21.8949687803959,21.83564663378
1835,21.802924324317,21.7450400616416
1836,21.6751278215817,21.6190126695338
1837,21.64344075519,21.5854686692502
1838,21.7825479183799,21.7246113638027
1839,21.8802809487372,21.8235635891098
1840,21.8302196572357,21.7710100302756
1841,21.6274025112132,21.5703426249931
1842,21.7859973449158,21.7302829661324
1843,21.4382714412129,21.382686150692
1844,21.8584020749764,21.799775765896
1845,21.4379177921282,21.3873612751807
1846,21.8112545683883,21.7573622600194
1847,22.1527086146526,22.0921702777375
1848,21.9646126906325,21.9060214585237
1849,21.8896565384052,21.8293878067456
1850,22.0223041869639,21.9605718910953
1851,21.9606029676673,21.9020692959043
1852,21.9855823257111,21.9261231641991
1853,22.0479047572442,21.9874611691438
1854,22.230089283476,22.1697106592528
1855,22.3252658639406,22.2620596367331
1856,22.4229788277002,22.3605304480333
1857,22.2599331488997,22.201275603276
1858,22.5441141470658,22.4836153592355
1859,22.154546810784,22.0926239990523
1860,22.224368491269,22.1608274744921
1861,22.3086636572506,22.2452497079152
1862,22.3261693706814,22.2610327434869
1863,22.5215091232068,22.4562436161677
1864,22.4025218325208,22.3375776089796
1865,22.2887405756557,22.2246547528714
1866,22.4805471858792,22.4165330486213
1867,22.7377332071304,22.6698795066054
1868,22.4174449963982,22.354952467213
1869,22.4059341215328,22.3431913561714
1870,22.3993757747673,22.3348483472926
1871,22.5898513266826,22.524236144407
1872,22.3786339806554,22.3149201235381
1873,22.292249245394,22.2265017596247
1874,22.3003022833156,22.2381219088056
1875,22.2485927582015,22.1876263953383
1876,22.2526915736297,22.1899009126182
1877,22.2688685254858,22.2077104615853
1878,22.1888209916305,22.1279682932951
1879,22.1937530600851,22.1325649640487
1880,22.0371788431609,21.9783462946103
1881,22.3081213268065,22.2445820421982
1882,22.7073142153701,22.6459942842748
1883,22.2251120175642,22.1622766494816
1884,22.2342192373045,22.1728467806523
1885,22.197785967659,22.1360983200681
1886,22.0278153744194,21.9697396164606
1887,22.2300073325263,22.1694312625681
1888,22.3806222304205,22.3168289601894
1889,22.5145510721967,22.4533862848239
1890,22.3403689919156,22.2773195788029
1891,22.2806882097227,22.2175551101281
1892,22.3404063154811,22.2791745481571
1893,22.2252361420802,22.1657284066049
1894,22.520931331773,22.458809081016
1895,22.4485275980528,22.3865530794194
1896,22.5942920240104,22.530783376855
1897,22.602540271589,22.5400368062542
1898,22.5875641208157,22.5254925575903
1899,22.5085213729436,22.4451449777235
1900,22.5729019206315,22.5099364763557
1901,22.7505579181998,22.6844760916789
1902,22.7072510397838,22.6407234171106
1903,22.5465267346815,22.4814862925179
1904,22.1399517851104,22.0780369210679
1905,22.3268853758482,22.2646957224426
1906,22.5170310447687,22.453553969667
1907,22.5894864346286,22.5275112955401
1908,22.1002798229833,22.0424871196242
1909,22.3048472396606,22.2458000895379
1910,22.3088333200379,22.2510902345704
1911,22.4115095325947,22.3521783549938
1912,22.3611933343219,22.2996801151233
1913,22.2454172524039,22.18169003507
1914,22.085140109722,22.0233420818352
1915,21.8660504237042,21.8069615661303
1916,21.9348954959045,21.8769460572446
1917,22.052393122746,21.9911568312809
1918,22.0036490489324,21.9431660911221
1919,21.8313158653754,21.7719928901211
1920,21.9896134755815,21.9295340975545
1921,21.6924763005181,21.6348118016024
1922,21.9047203407769,21.844510832846
1923,21.8336541551815,21.7749608926404
1924,21.7393004918604,21.684435440435
1925,21.7687975025557,21.7113225131796
1926,21.6877053393088,21.6324566714137
1927,21.9769298954349,21.9196847065183
1928,22.2801013266041,22.2206546445041
1929,22.4157394010923,22.3562685053515
1930,22.0781956181001,22.0158632274511
1931,21.691858618321,21.6374437213403
1932,21.7750187857098,21.717200608807
1933,21.6861387695326,21.6276231618346
1934,21.5775450148902,21.5205298059492
1935,21.7774457938417,21.7212112195444
1936,21.5193359908042,21.4657252367983
1937,21.4682217773078,21.4162771942235
1938,21.4191251557626,21.3654916167444
1939,21.3904569566993,21.3361203844084
1940,21.5979581493105,21.5403239027787
1941,21.6860751771542,21.6293926252585
1942,21.730530371135,21.6748184991757
1943,21.6197055944264,21.5639296735612
1944,21.8207513589064,21.7649742037893
1945,22.0171307042537,21.9597333776973
1946,22.001144260096,21.9426762316077
1947,22.0532661586409,21.9985084938576
1948,22.0489372575312,21.9935448869021
1949,22.133030150713,22.0788188345582
1950,21.8998137282713,21.8465653915034
1951,21.9670273406205,21.9131756276766
1952,21.8545684957422,21.8006466802786
1953,21.6453076155208,21.5928445904051
1954,21.2939057722907,21.2442670111871
1955,21.4473407935356,21.4002167248439
1956,21.5140574411337,21.4635015844591
1957,21.4598217575493,21.4104803571274
1958,21.459154066572,21.4123600378152
1959,21.5161933918819,21.4695630060732
1960,21.6047099335251,21.5544349886547
1961,21.5946038957659,21.5447767211011
1962,21.5674717484001,21.5191274746255
1963,21.6981958044303,21.6476785793394
1964,21.6602272708132,21.6123685030845
1965,21.5393459714595,21.4901509196166
1966,21.4717529226083,21.4245597687691
1967,21.5519734110404,21.5052334680788
1968,21.6115183679435,21.5585549750812
1969,21.7752398809737,21.7229824808777
1970,21.8040761591838,21.7553059611981
1971,21.8592961324095,21.8073562450252
1972,21.9229017942571,21.875699667934
1973,21.9304396023838,21.8927178780285
1974,21.9683416237327,21.93131634514
1975,22.2867549775129,22.2438900610854
1976,22.3577039416361,22.3108149761504
1977,22.5374009530308,22.4907201040445
1978,22.7186745915771,22.6673876336334
1979,22.7421286790715,22.6897091175849
1980,22.9512999988132,22.8949836614294
