FRAME, PROTEIN, COMPLEX
1, 22.848302353896667, 22.86388953641791
2, 22.907939909286455, 22.9226427539348
3, 22.78215098067557, 22.802333281509817
4, 22.8209771834628, 22.84339147907693
5, 22.723375867851484, 22.762710927537462
6, 22.419274646621567, 22.447226229807445
7, 22.637172108991248, 22.665340770647585
8, 22.699237168178865, 22.713343954041466
9, 22.916487114740534, 22.926688514210863
10, 22.629429626674092, 22.647588916052765
11, 22.649247530100567, 22.682660308532334
12, 22.616715525283368, 22.648074990492727
13, 22.694259640481828, 22.724152972291737
14, 22.625428465474776, 22.661915580849783
15, 22.9075122899636, 22.93507050749027
16, 22.966289202335602, 22.98604361130554
17, 23.00959030071846, 23.038222956370035
18, 22.994051118283224, 23.021001091836933
19, 22.888062960879548, 22.912510328795978
20, 22.82562602284566, 22.857921525827802
21, 22.73492083658171, 22.772989551113902
22, 22.686319198115186, 22.718970376149112
23, 22.866003567057458, 22.900024367280718
24, 23.04920404985997, 23.07987934802291
25, 23.205764247977637, 23.23428615892595
26, 23.10623536771253, 23.131299105551747
27, 22.735543173839098, 22.776027203447946
28, 22.98688852506358, 23.016692602878763
29, 23.08409890089464, 23.11285335697391
30, 23.033646094103652, 23.06528452375353
31, 22.932150558780844, 22.954243296175672
32, 22.940118727468278, 22.985291861776112
33, 23.01504113954244, 23.056816858980547
34, 23.154238486075776, 23.190157839681298
35, 23.061407261271324, 23.10291981987902
36, 22.797675472246063, 22.840904544158946
37, 23.23067214531757, 23.260421272679643
38, 23.09392016427322, 23.1283300413317
39, 23.07357355356833, 23.10651085756111
40, 23.029245831421242, 23.055642973001135
41, 23.020444130172365, 23.053129559047818
42, 22.983898031991828, 23.013560208249498
43, 23.211384401848157, 23.241560455136582
44, 22.97135200665634, 23.005448812013473
45, 23.178611602353897, 23.212695925629944
46, 23.246942761515474, 23.281975145727603
47, 23.145100997797535, 23.183090163892196
48, 23.265163312808593, 23.30042736549494
49, 23.449086172674654, 23.479153591544936
50, 23.305826623049754, 23.334552747186333
51, 23.331120915761907, 23.352476515195182
52, 23.41355283311112, 23.43313116154139
53, 23.80374615580232, 23.82041064636078
54, 23.760814852606938, 23.771380411975876
55, 23.63058789263919, 23.653044256196143
56, 23.698722518058233, 23.73416708404273
57, 23.471886290019775, 23.507308875264126
58, 23.23465261305315, 23.271114561808478
59, 22.959173472171805, 22.98807857481027
60, 22.76975366500075, 22.797812296706848
61, 23.003073510733156, 23.033534210891933
62, 22.802625388558777, 22.829910104216655
63, 23.19880127384232, 23.220962333033082
64, 23.556218142135013, 23.57330677353441
65, 23.488110079560563, 23.513767685039355
66, 23.322099219597238, 23.35702806185395
67, 23.451804618438743, 23.487101386389046
68, 23.58258016099016, 23.611214435688517
69, 23.419509394648276, 23.445871574722485
70, 23.32112906144134, 23.34942521763197
71, 23.17800345883504, 23.19397578022788
72, 23.346903166396917, 23.355152976616523
73, 23.0504197658936, 23.08670615043072
74, 23.05883242932994, 23.09647678660516
75, 23.214693731043976, 23.248967197938594
76, 23.62130377228349, 23.64854543056953
77, 23.4021347613771, 23.435596151266477
78, 23.348978203842897, 23.38236538795577
79, 23.425769136006533, 23.46500940639578
80, 23.175614891199285, 23.214737230607188
81, 22.827957326926825, 22.869124497399316
82, 22.746346540353642, 22.800693613711477
83, 22.686180388545193, 22.739118537816513
84, 22.928240970380962, 22.989455483369287
85, 22.811743668130607, 22.86334660301205
86, 22.91150579930089, 22.964205088707647
87, 22.651205333224674, 22.703607640387197
88, 22.60261785144108, 22.65462548871658
89, 22.649746372380992, 22.694786045536745
90, 22.740169079688396, 22.782741623364206
91, 22.965447200206725, 23.004589941947714
92, 22.99278510845956, 23.025122606642963
93, 22.966816516088226, 22.99955075920742
94, 22.874584844287668, 22.9060074822855
95, 23.43394346192546, 23.45438603919134
96, 23.46888155803842, 23.50103127471118
97, 23.282786828474233, 23.31366984865541
98, 23.564444290744632, 23.591646519843657
99, 23.611847537735457, 23.64351192260113
100, 23.33465416167014, 23.366091645397063
101, 23.364494646652645, 23.39133618236822
102, 23.173819047438926, 23.19781607683155
103, 23.008200162721355, 23.049864949628546
104, 23.367954770476207, 23.403028787741565
105, 23.454300300801194, 23.47990305518172
106, 23.48430253761518, 23.501747647689953
107, 23.808600416243426, 23.816787887041563
108, 24.024959714759014, 24.027358826423
109, 23.995183702840645, 24.00032427986211
110, 23.771434554017855, 23.778797302808
111, 23.355246403371908, 23.36934172589452
112, 23.25311439650338, 23.269761320683475
113, 23.065147429765545, 23.08705452762387
114, 23.180669500712643, 23.197290878047017
115, 23.336684984913163, 23.35318193031111
116, 23.35376896833366, 23.370416268231846
117, 23.696291092040557, 23.71033783123276
118, 23.48893508379764, 23.516543464078296
119, 23.637171355662417, 23.66529464740937
120, 23.443034855713954, 23.47426749577912
121, 23.41114042394577, 23.446431080512962
122, 23.223372402433025, 23.25603023298204
123, 23.252696278130127, 23.279711968045593
124, 23.445901287310424, 23.46276771117914
125, 23.259377707815236, 23.288462083050096
126, 23.20535117610159, 23.24276682622262
127, 23.595441139393646, 23.627857010019532
128, 23.192919185006637, 23.229548030878448
129, 23.29293030115826, 23.326713284265818
130, 23.294087065761843, 23.322285902993062
131, 23.40634629437735, 23.43661537543355
132, 23.121751155848337, 23.153449681584696
133, 23.05055910221566, 23.07827432486908
134, 23.49027778219688, 23.527928958720153
135, 23.279742599355735, 23.309965213679998
136, 23.313982844097275, 23.345428269513285
137, 23.019472795789962, 23.055287275930493
138, 23.55286897091687, 23.582339335050907
139, 23.313613050752437, 23.34223152500354
140, 23.08373404792967, 23.1175031501723
141, 23.453216484054614, 23.476833531027715
142, 23.822047485243395, 23.848284158242553
143, 23.813892274034863, 23.837960672427823
144, 23.698058148901634, 23.715995689829555
145, 23.196896800148757, 23.225142536373593
146, 23.101826133420616, 23.132758403909804
147, 23.125791689549107, 23.163402997752545
148, 23.06558627793674, 23.100712284950422
149, 23.248054154400638, 23.287127722244005
150, 23.269835123328836, 23.29929277527901
151, 23.246425145048025, 23.27576837270237
152, 23.596345210247808, 23.623406020665378
153, 23.48758066715811, 23.508699861107473
154, 23.527140240408574, 23.54077952082113
155, 23.72035147017499, 23.73760460049484
156, 23.67034578339769, 23.683387958145428
157, 23.78347702391026, 23.796628217902956
158, 23.86516609641526, 23.87845232478082
159, 23.823281764743083, 23.835758116377885
160, 23.851879598698073, 23.863167916414415
161, 23.961404220644535, 23.962907851850307
162, 23.878819434623054, 23.87643672947341
163, 23.73896554944775, 23.742301060164063
164, 23.73386628537701, 23.736982376808218
165, 23.89096466642494, 23.89298681429335
166, 23.862367093668325, 23.86818053455837
167, 23.815854139866364, 23.815235893713616
168, 23.976289207679294, 23.976387871910756
169, 24.30664588256907, 24.305739801339623
170, 23.902859350597208, 23.920999116174542
171, 23.97729964429792, 23.994171126964304
172, 23.66396038319842, 23.68179222206302
173, 23.53651751766078, 23.559586293369367
174, 23.87423893337489, 23.886507204157688
175, 23.957277596977864, 23.958923913640557
176, 24.019307397240986, 24.015522799067362
177, 23.907292389601988, 23.90775000093021
178, 24.174530148278354, 24.17674981814056
179, 24.219440692543444, 24.226896248638727
180, 23.88396690131074, 23.90127426929436
181, 23.928922060693107, 23.945246720476128
182, 24.010710486280757, 24.02218329724306
183, 24.23306646057573, 24.23804872393708
184, 24.639276611194806, 24.640779106740872
185, 24.857859705546506, 24.855587238100178
186, 24.92251050626541, 24.9085556290552
187, 24.82242590727161, 24.814934692563305
188, 24.788810661210306, 24.7797047885253
189, 24.72128523771499, 24.726338567825223
190, 24.45171743072732, 24.459687866529098
191, 24.626967458992848, 24.625713885305245
192, 24.376238294134627, 24.37670014796913
193, 24.366028575892525, 24.36486820529474
194, 24.459763042799498, 24.462267767033083
195, 24.868154094235035, 24.864773284363757
196, 25.11837430174149, 25.112465876853157
197, 24.783026696300826, 24.783895116346113
198, 25.075297678780498, 25.079947079264794
199, 24.96619857591122, 24.962788233452116
200, 25.261833259747668, 25.25274119886638
201, 24.79328643105825, 24.785639688392333
202, 24.704468548195052, 24.701380392600704
203, 24.91579856145926, 24.911058065559068
204, 24.844203468734836, 24.843803139255893
205, 25.112526820568085, 25.106249171152303
206, 25.370062401747045, 25.362222925370393
207, 25.11826138457574, 25.113074479438854
208, 24.784014180757286, 24.785979025273114
209, 24.82719372146947, 24.82293744377686
210, 24.848881239675684, 24.838127530918687
211, 24.559763665544413, 24.55175558077699
212, 24.97035938721136, 24.955407410623415
213, 24.745230664538536, 24.73107925930051
214, 24.33051511005149, 24.325867417784924
215, 24.32968368892253, 24.331273769038578
216, 24.662976230656756, 24.662361583502427
217, 24.71468419632876, 24.715349923135616
218, 24.990840212270907, 24.9970222403506
219, 25.292638403766084, 25.300859022626206
220, 25.13036199851672, 25.1377456539002
221, 24.82488093804469, 24.830272195666304
222, 24.694706828680445, 24.69014877711874
223, 24.763407454121822, 24.757254134654236
224, 24.526847934472617, 24.52195450709247
225, 24.391325779480525, 24.388748309998157
226, 24.611892795273793, 24.60358407911838
227, 24.72720618101938, 24.713061535466423
228, 24.50344030941739, 24.50381513224099
229, 24.540625100833, 24.53599398175884
230, 24.477800668678658, 24.46950399954669
231, 24.554051390052113, 24.559632739950615
232, 24.19895463446247, 24.203120603922397
233, 24.139612255353956, 24.137095063145697
234, 23.835092640374466, 23.845802965728346
235, 23.731887825768457, 23.742993099397005
236, 23.852502668184712, 23.856814857891155
237, 24.03651859886256, 24.03370135663814
238, 23.811672275218793, 23.811399358103458
239, 24.133981427453502, 24.137568647794676
240, 24.25084772074629, 24.261081951383563
241, 23.90684223904298, 23.92113155462668
242, 23.817199607083886, 23.8201326766305
243, 23.96519537755987, 23.96563779327242
244, 24.24733119576151, 24.25597020146174
245, 23.795304895540948, 23.810154360790587
246, 24.007083180091204, 24.02627224671765
247, 23.974812939510098, 23.990835245326814
248, 24.13411212649406, 24.143749545869372
249, 24.153946490472723, 24.147185492650046
250, 24.338971847659273, 24.33496848686697
251, 24.719892471522407, 24.719309226874298
252, 23.788093581971307, 23.797836172051586
253, 23.57032273566943, 23.585041700475298
254, 23.58705698454975, 23.596772885018538
255, 23.54573544937495, 23.55774948737265
256, 23.947367730835392, 23.959980101154397
257, 23.91033447761866, 23.919934270097905
258, 23.836526735984435, 23.847128550406925
259, 23.62663985810419, 23.642921470303627
260, 23.94684379737838, 23.951923708444927
261, 23.885330554491844, 23.898608016337192
262, 24.02011896352903, 24.027428001816975
263, 24.07556181040661, 24.083818442326976
264, 23.936946767850706, 23.949707951591446
265, 23.934183700859464, 23.9321072824961
266, 23.70361993827391, 23.71052476527624
267, 23.757711260331693, 23.765028929375553
268, 23.938940087942058, 23.938002684148785
269, 24.185740618360235, 24.18205610450882
270, 24.05356266012939, 24.059411875884486
271, 23.848127105949956, 23.849455373610308
272, 24.00146907457243, 24.00667433945543
273, 24.031399124506365, 24.034824397538898
274, 23.924181927692484, 23.921019713472056
275, 24.20033849492387, 24.19247501889212
276, 24.254708847948944, 24.24202539449298
277, 24.418272078452176, 24.40536677211543
278, 24.30185027703367, 24.296885471465885
279, 24.31316462805355, 24.318562142225126
280, 24.65015531454172, 24.654306143436244
281, 24.714613147728034, 24.718205267375662
282, 24.80026874921687, 24.795618936709594
283, 24.569064959501848, 24.571284400903036
284, 25.150253713241142, 25.15633113793471
285, 24.98159361762677, 24.97982453641056
286, 25.134335622175517, 25.13224577681135
287, 24.484046761455, 24.48007417756978
288, 24.602057211032836, 24.60383597709276
289, 24.72031162065866, 24.724378779293914
290, 24.77209162243692, 24.772191918924168
291, 24.786529898016184, 24.785662849596072
292, 24.748689280499654, 24.751436706611745
293, 24.94126539886878, 24.94820788814588
294, 24.603165574340895, 24.610326565355376
295, 24.631559328160016, 24.636342042233416
296, 24.843024728517285, 24.847866532709688
297, 24.84984589539567, 24.85579252334333
298, 24.652451144144706, 24.654545885127728
299, 24.51149311730139, 24.514320857780262
300, 24.471007819335583, 24.479739183807464
301, 24.292211416690503, 24.301322883468824
302, 24.651209180147852, 24.653941063244645
303, 24.33957738099877, 24.34863042469233
304, 24.176048460866134, 24.185226809805872
305, 24.071922381917325, 24.085128630253816
306, 24.10553470999404, 24.1196183607705
307, 23.830776728307757, 23.846473657805763
308, 23.79939968688183, 23.816948259572527
309, 23.640924505636487, 23.656854212781315
310, 24.093818612568807, 24.106292244188015
311, 23.588559296980335, 23.60746735672293
312, 23.792497581509796, 23.805360117015233
313, 23.747883704132768, 23.760423241899495
314, 23.705115978328543, 23.71857642623088
315, 23.774515003448425, 23.784240219266376
316, 23.428058102578362, 23.43718529924026
317, 23.687869946162525, 23.704411498530515
318, 23.721422707209456, 23.742002199901208
319, 23.869773071305133, 23.883105564343886
320, 24.22607952729908, 24.227128265878015
321, 23.950832902690152, 23.954556823406705
322, 24.1267262069541, 24.12601924652236
323, 24.223390748660897, 24.221269877248258
324, 24.03948354568403, 24.04214690642938
325, 24.18633178051133, 24.189280625567292
326, 24.313003228132064, 24.31595596841843
327, 24.418687079833294, 24.4224331357295
328, 24.10250061358245, 24.107471675536402
329, 24.04898116126204, 24.059667521622472
330, 24.06414869536924, 24.06984048452464
331, 23.91959542519992, 23.934609086639867
332, 24.015195300903617, 24.032724336170233
333, 24.255328124255186, 24.25962588824305
334, 24.049355795259874, 24.061786882147796
335, 24.208886475302336, 24.21529113422588
336, 24.23067162943956, 24.235743412791656
337, 24.14507491387055, 24.146116466378313
338, 24.149233658836152, 24.157500944543397
339, 24.41027604082668, 24.410810521622412
340, 24.732231842692944, 24.7355085848489
341, 24.813620766726153, 24.81944316089131
342, 24.952496002676995, 24.938323039247102
343, 24.23070656375365, 24.23166548868932
344, 24.312574886505928, 24.319721238862545
345, 24.598556178362468, 24.58999437162245
346, 24.794114998493512, 24.794945503612464
347, 24.682854950780385, 24.688053788936063
348, 24.621282434995766, 24.62661566368701
349, 24.70831493307706, 24.711840949731503
350, 24.602506395433803, 24.618325553288734
351, 24.505603281938082, 24.514774018194398
352, 24.217594216414273, 24.224660431437787
353, 24.28725680634982, 24.2976944613311
354, 24.158646327508766, 24.167645794960368
355, 24.303440840450627, 24.305829092673452
356, 24.37275100190107, 24.37523790011863
357, 24.533191378211612, 24.533338838531545
358, 24.319945312476257, 24.323591172002022
359, 24.489982314921424, 24.499547017355336
360, 24.571915695981094, 24.57896605965129
361, 24.39165976955885, 24.396161358197165
362, 24.69620388125199, 24.701448090425767
363, 24.3856538644096, 24.39068251195258
364, 24.52900511150051, 24.53200088011195
365, 24.551339009555832, 24.554059391608977
366, 24.38101744965342, 24.38712059620764
367, 24.035070503387665, 24.05905734222992
368, 24.14116556482197, 24.156774241412776
369, 24.272224352713597, 24.293716474354326
370, 24.15258754249437, 24.162100296587678
371, 24.224327917146585, 24.220936605266647
372, 24.53985554648659, 24.53687987559415
373, 24.456048572504727, 24.45191585365476
374, 24.527424797475945, 24.527456846031992
375, 24.560841172039225, 24.563347664823134
376, 24.941037388246862, 24.933153748452057
377, 24.628238384235328, 24.635591595890297
378, 24.51161539756632, 24.51656290376743
379, 24.544262085468926, 24.540601454174634
380, 24.15191957604176, 24.150847270076643
381, 24.426822299413427, 24.42348483455712
382, 24.68712754499349, 24.678379384660808
383, 25.03895697414931, 25.02545658171307
384, 24.964088581437114, 24.95282470753883
385, 24.913222914262448, 24.90598921500288
386, 25.12511912598754, 25.113701523853802
387, 25.157999188561195, 25.147658652369195
388, 25.261995856961818, 25.252789571526645
389, 25.356709172638556, 25.342265506680516
390, 25.230724339621595, 25.21996841937003
391, 24.960615501173923, 24.950621735850394
392, 24.935942402359423, 24.912333647673556
393, 24.846261893758975, 24.83183976471808
394, 24.96709967352089, 24.95578454826771
395, 25.248597542344456, 25.234533739817103
396, 24.956012772561014, 24.94090229602292
397, 25.090129155440113, 25.079457757897206
398, 25.08419753643092, 25.0777365830581
399, 25.377641224446602, 25.372686160786955
400, 25.58529167838414, 25.57603852823229
401, 25.70215033500832, 25.69236235623433
402, 25.170514586671217, 25.16259933388735
403, 25.14567251788131, 25.150238593950295
404, 25.044832491622568, 25.061970744762082
405, 25.51950004815737, 25.514272995616338
406, 25.1924186653029, 25.18085399653063
407, 24.925048864973046, 24.91787948341332
408, 24.77754969152912, 24.765963985986453
409, 24.52420770986054, 24.515100859447596
410, 24.718035008094105, 24.717399349380138
411, 24.245833399884543, 24.25122941074125
412, 24.38104681767424, 24.387817802103637
413, 24.3318546677495, 24.343319950031216
414, 24.560143410712996, 24.566582388397
415, 24.580515765577825, 24.58742842223278
416, 24.52629449170982, 24.539080689790243
417, 24.360717652947084, 24.382379193271472
418, 24.396743425993705, 24.420714692477095
419, 24.291055755267283, 24.311418561902297
420, 24.41886678686795, 24.433299964500936
421, 24.62105610858461, 24.639670132067234
422, 24.704025994804592, 24.71976821637846
423, 24.52730615958409, 24.554581367601543
424, 24.345799424974008, 24.36896587564349
425, 24.354984778189944, 24.37218903678931
426, 24.804661537666096, 24.817819398103364
427, 24.52196431362877, 24.546731505346532
428, 24.96876118969987, 25.000579456946156
429, 24.98295378905377, 25.0018796628748
430, 24.928299574603557, 24.945148077737926
431, 24.64184037887335, 24.66828392032396
432, 24.781247725276078, 24.801763512124083
433, 24.79004646291799, 24.809582249786335
434, 25.06684540889344, 25.091866688639083
435, 24.75699702397919, 24.766185002309328
436, 24.25007731072119, 24.260107541160757
437, 24.549448912682927, 24.5647338260177
438, 24.500558361760458, 24.519349029124236
439, 24.666745897153056, 24.67700352225535
440, 24.729082051719352, 24.73676539003497
441, 24.758729074784497, 24.775068963373403
442, 24.84582431511238, 24.855415821238267
443, 24.691640503651815, 24.70658994716097
444, 24.736728532314626, 24.749045276244015
445, 24.926689115301965, 24.930620415396906
446, 24.864872871330167, 24.86858921668558
447, 24.842084848847538, 24.85780419611111
448, 24.66546917465845, 24.685158538276266
449, 24.735335569643002, 24.744739075704242
450, 24.698178877942617, 24.721206207525903
451, 24.608232691166283, 24.629387499441393
452, 24.598642242949428, 24.607346187129686
453, 24.64001062640729, 24.65216201367242
454, 25.01137413600953, 25.00753634852314
455, 25.01928019425202, 25.023594930069912
456, 24.967574671254372, 24.97116889225785
457, 24.999109202722504, 25.00349983041838
458, 25.12252668500832, 25.124083930305204
459, 25.327489021063165, 25.32472269661812
460, 25.161055389004414, 25.1536944576486
461, 25.324834847551237, 25.321875488243165
462, 25.492206840075344, 25.478216569075144
463, 25.4698297500691, 25.45597001500754
464, 25.52825376922887, 25.51323557804235
465, 25.611448795928233, 25.60307341860939
466, 25.369548774587376, 25.35734405184237
467, 25.30289598805501, 25.29684305510908
468, 25.499046058310128, 25.501591268644944
469, 25.620214514448023, 25.60719627742652
470, 25.533588913124976, 25.521608636957247
471, 25.252388990909328, 25.24247537736367
472, 25.01027796206012, 24.99489520153241
473, 24.616623449231692, 24.614168281048645
474, 24.698334928643753, 24.689146430462625
475, 25.24919413171166, 25.243749824146484
476, 25.1510278596901, 25.14784900444425
477, 25.308916582536504, 25.303028310815385
478, 25.289218116244044, 25.279192508601703
479, 25.40932596825766, 25.402462258377486
480, 25.311762254626927, 25.306779746891284
481, 25.28301178271721, 25.27418600687408
482, 25.018075454801238, 25.013634666786245
483, 25.113885491026842, 25.11142064742797
484, 25.13216952720082, 25.122094856792742
485, 25.0374653912365, 25.030034509776502
486, 25.147176093435228, 25.13526122807544
487, 24.9294335421011, 24.919515886813233
488, 25.42456991528662, 25.409692119262605
489, 25.247194438314455, 25.238838903841625
490, 25.500099183876763, 25.487364357363862
491, 25.36099849001714, 25.347898996768585
492, 25.031321769910086, 25.020513820544586
493, 24.97111809857563, 24.966220028456064
494, 25.020983557675144, 25.018369996336563
495, 25.09683873898779, 25.0929822296757
496, 24.96943372068128, 24.966319014793488
497, 25.019987133724833, 25.016825330377397
498, 24.96321611674861, 24.958927169605015
499, 25.15783678857285, 25.15188256840602
500, 25.057923121358048, 25.054485283842645
501, 25.36432372575533, 25.354408352373035
502, 25.13176778310427, 25.124817336816566
503, 25.311004356015406, 25.302176112880503
504, 25.370877810714557, 25.366337876121353
505, 25.445989705011694, 25.43672246258701
506, 25.409538222403455, 25.40578067493475
507, 25.17258308197691, 25.16725145171483
508, 25.51618721569645, 25.50584141982764
509, 25.272023351550985, 25.261606655601856
510, 25.31865965621243, 25.310989104944348
511, 25.171702910122082, 25.158427493498134
512, 24.92511959615981, 24.92888054356969
513, 25.167737589151596, 25.17284585804163
514, 24.97724051506873, 24.98268869901113
515, 25.08891258030705, 25.08447803044525
516, 25.115645255438093, 25.11914924398545
517, 24.8085098536038, 24.809554664088534
518, 24.97644877539273, 24.97209769852182
519, 25.086260233045294, 25.07114409732672
520, 24.988804573715395, 24.979313047499183
521, 24.784932670074326, 24.776085353971943
522, 24.79429929596325, 24.79296215471107
523, 24.268869954990656, 24.277737848965543
524, 24.765232408540797, 24.76667450639213
525, 24.496920793853327, 24.509515404267347
526, 24.458510437029435, 24.470504622574076
527, 24.32449265256924, 24.34025831865412
528, 24.612625586017337, 24.630623394533895
529, 24.733869080699705, 24.757732219013576
530, 24.459334961239453, 24.50227313232859
531, 24.660440929214186, 24.71239712403642
532, 24.76963095883836, 24.811764742274868
533, 25.026734945883767, 25.06141390867086
534, 25.255978637696206, 25.297131234498448
535, 24.967879644134896, 25.027556975381277
536, 25.08905327232014, 25.146580777191144
537, 25.552581423371368, 25.601356811472556
538, 25.385410228749862, 25.428055187913678
539, 25.654092386850465, 25.716943585750368
540, 25.2026871056283, 25.244692799729343
541, 25.295620187579082, 25.324886578834555
542, 25.31778609218248, 25.347977944148152
543, 24.91659754500751, 24.9616786943731
544, 24.73457403964448, 24.781579239396628
545, 24.84211764523142, 24.883535840512447
546, 24.890444762651438, 24.93206316969198
547, 24.866908307631615, 24.90827660697877
548, 25.02055160531952, 25.05399176203294
549, 24.895691684119825, 24.921357146190108
550, 25.3347340700886, 25.34421630201615
551, 25.00106775433967, 25.019284939351017
552, 25.149814240777786, 25.17024124541805
553, 25.094007597102983, 25.11229562229532
554, 24.852781059007555, 24.86177536908097
555, 24.9660979496142, 24.98417095266864
556, 24.781964671874224, 24.80035494654979
557, 24.38019419941404, 24.403251959193437
558, 24.475335122277702, 24.49160817614608
559, 24.451457290422507, 24.47026282816158
560, 24.266421770051387, 24.284037804871655
561, 24.125845145357932, 24.152855785858208
562, 24.253049414305163, 24.269772971826587
563, 24.254880565458368, 24.266025760448517
564, 24.103966641043783, 24.126019000440643
565, 24.191917891126387, 24.197317333754963
566, 24.09275109515315, 24.097681551823374
567, 24.187756813798174, 24.194668636847986
568, 24.04214031845871, 24.05525859279336
569, 24.24274071189931, 24.25546154893461
570, 23.958517715229156, 23.965678921142747
571, 24.40268453799714, 24.41333976807536
572, 24.474480077433462, 24.4753010427249
573, 24.286565514288515, 24.292603320075308
574, 24.5919766182124, 24.597301996882408
575, 24.3808839521463, 24.392128647003904
576, 24.602979651289733, 24.614711203439764
577, 24.600909669797165, 24.61177732141987
578, 24.744980344563256, 24.769528499666748
579, 24.61106558627174, 24.639533798993366
580, 24.54115277114498, 24.568193394568866
581, 24.8486205996132, 24.888167181042714
582, 24.815449448551558, 24.847183862638097
583, 24.785261426889747, 24.815407766162505
584, 24.798571700964413, 24.83083188857618
585, 24.429164772483787, 24.457184542323628
586, 24.965135605578762, 24.991136136426928
587, 25.24791358492611, 25.27835340806311
588, 25.02426106252627, 25.053486403351414
589, 24.789268236681274, 24.82365847324808
590, 25.125076369032204, 25.14038256347536
591, 24.913742708795425, 24.934406603738104
592, 25.041215941571494, 25.06575680801474
593, 24.822691248832104, 24.852988308241727
594, 24.94643428941955, 24.977340423066266
595, 25.003837672711068, 25.037844297537326
596, 24.553345331603367, 24.58034948870086
597, 24.608903531709878, 24.641548588903376
598, 24.70836969422657, 24.73272998451346
599, 24.574765311021082, 24.62460847615214
600, 24.437712513800996, 24.48468908267674
601, 24.496210930276654, 24.546172676751002
602, 24.53268845042072, 24.577880384347345
603, 24.39428254224902, 24.43982683777789
604, 24.375140848595862, 24.42981494333426
605, 24.37200201317358, 24.404026491102794
606, 24.065492871582673, 24.116605601427764
607, 24.30231774251584, 24.353853202184393
608, 24.25682733331331, 24.317089131918
609, 24.10803977936777, 24.155635341575064
610, 24.180974885040513, 24.224773584439323
611, 24.16856134517677, 24.214569909296664
612, 24.386752272407165, 24.428165245459063
613, 24.598021743462, 24.63208308747177
614, 24.878231496361515, 24.92975520532893
615, 25.04573429062974, 25.1028144650036
616, 24.985332456330134, 25.03242789297195
617, 25.119315543489016, 25.173184298157576
618, 25.147901588146162, 25.17962420390865
619, 25.265491449806053, 25.298260872630195
620, 25.063253466335627, 25.108194728702223
621, 25.25216126628592, 25.306024558102173
622, 25.404300566371226, 25.448329460979195
623, 25.343532995058172, 25.398945301987506
624, 25.319750082479345, 25.37665570201242
625, 25.52327526822505, 25.600569545027856
626, 25.598045361756878, 25.669844354230808
627, 25.799809777229992, 25.85727724925568
628, 25.772407589422436, 25.831368611510776
629, 25.67319327235881, 25.718686902897794
630, 25.701642440223516, 25.769354350216222
631, 25.490583395318218, 25.560244148700807
632, 25.625702986924246, 25.703422091219718
633, 25.511381885551486, 25.58529388411966
634, 25.253714400416783, 25.321684114892495
635, 25.664916055048113, 25.717636879458848
636, 25.151368139076887, 25.208503775226312
637, 25.327774693403292, 25.388341018247484
638, 25.19470263997073, 25.24857672258694
639, 25.160648661223625, 25.23628450953712
640, 25.218877954056705, 25.29723806657101
641, 25.318902618175848, 25.387818538303268
642, 25.12950864664211, 25.195230686306367
643, 25.219989241691703, 25.286106501926724
644, 25.412902601385177, 25.498629620553867
645, 25.743905162230263, 25.8048518005083
646, 25.43544193479181, 25.50344853756779
647, 25.411558452115667, 25.497854722743913
648, 25.178345543424616, 25.25341608721082
649, 25.176699090362604, 25.24946993998969
650, 24.942612808561375, 25.016653615743788
651, 24.484970233436446, 24.5710631970036
652, 24.713449790194257, 24.782229096595675
653, 24.6202510836864, 24.694588031085488
654, 24.3645234543065, 24.448506735989643
655, 24.45175511280903, 24.51822827040957
656, 24.698010533848358, 24.774514388455998
657, 25.03384765526021, 25.129861627496776
658, 24.4941850536981, 24.59385406070889
659, 24.22381522304183, 24.3219528863281
660, 24.129498509677145, 24.23530336968026
661, 24.20350048997235, 24.302578580794865
662, 24.099940102329644, 24.178191850117422
663, 24.136456601298523, 24.21769230717592
664, 24.29059132397356, 24.3847933489012
665, 23.95890064635475, 24.056603980262384
666, 24.068408442356763, 24.170095132575725
667, 23.976229700221076, 24.071888628656854
668, 23.938181227495527, 24.047814129257805
669, 24.158195247156137, 24.24834529394163
670, 24.296004833511518, 24.38109741939188
671, 24.396994461798045, 24.475368550356333
672, 24.741663578012407, 24.835599677116857
673, 24.611663920235344, 24.693159165287025
674, 24.758906990672436, 24.84409556213424
675, 24.635166671941203, 24.70553436239516
676, 24.74933975190097, 24.80186139109773
677, 24.52923065157765, 24.59198876047573
678, 24.42185708606423, 24.494935710432717
679, 24.415227066907814, 24.498129453634007
680, 24.662226487952967, 24.728652926986587
681, 24.964916940647534, 25.02766580002318
682, 24.9670284713852, 25.028904484251456
683, 24.84395934039082, 24.917899214688635
684, 24.984831501773396, 25.04190292168872
685, 24.77017489953411, 24.82269215449972
686, 24.6331520921381, 24.69715886281234
687, 24.5291514391023, 24.59721312657199
688, 24.324885756729593, 24.381628417848763
689, 24.512369573471002, 24.58159429425122
690, 24.18061521478325, 24.224040067065374
691, 24.12536373044411, 24.176663827970657
692, 23.858987569547903, 23.909384654508496
693, 24.05636644940531, 24.115187352912834
694, 23.912805716010926, 23.98929758182681
695, 23.994654441542405, 24.0705206050019
696, 24.130956314317388, 24.178499328391243
697, 24.045212249561423, 24.105532770376477
698, 24.203112793123037, 24.242399889294333
699, 23.875419819671237, 23.940174509773243
700, 24.12809156534173, 24.19851368940366
701, 24.158589246863507, 24.221383729682902
702, 24.222134565297175, 24.279797374960804
703, 24.241130071774315, 24.30433810507509
704, 24.188475992729064, 24.254993832867488
705, 24.08983351832391, 24.15516685971646
706, 24.238007597548187, 24.2937835427015
707, 24.30986181470248, 24.36982071188466
708, 24.38892248503936, 24.435213694639003
709, 24.508303709252942, 24.543010188249053
710, 24.297188457830085, 24.336717426311356
711, 24.393204027319992, 24.45435494864278
712, 24.493858813997893, 24.55258175615341
713, 24.346936194808467, 24.407311188121152
714, 24.59463506576548, 24.64197174328949
715, 24.764004613958225, 24.799867017068298
716, 25.083777320682515, 25.11988884586664
717, 25.126919149336764, 25.17061531492091
718, 25.16577973930662, 25.20608780146545
719, 25.45487975570076, 25.4966940182991
720, 25.458938493613164, 25.519479222465346
721, 25.067739124291993, 25.129144955300333
722, 24.83221575863723, 24.895370324618845
723, 24.830172801597328, 24.88825408526992
724, 24.995595058294324, 25.042769374969733
725, 25.199870625344328, 25.244361623693777
726, 25.21665220402485, 25.266404661648284
727, 25.184482377804386, 25.230426921202444
728, 25.524000079417895, 25.554704601166755
729, 25.55304234377648, 25.598324918959715
730, 25.765073608715866, 25.806792653191753
731, 25.83828514373515, 25.88382638429879
732, 25.815872979550182, 25.85636927083587
733, 26.28776664368965, 26.3267999396753
734, 25.99243579078414, 26.03107645512956
735, 25.65465184321183, 25.699800305675463
736, 25.549449576778272, 25.596457862870054
737, 25.425516433054877, 25.469949962305982
738, 25.46817330087226, 25.50441870277015
739, 25.441658159477836, 25.47485145283885
740, 25.810123713335592, 25.85113013268893
741, 25.895095886424407, 25.943498692459926
742, 26.00090922390279, 26.044169650115286
743, 25.64660484739651, 25.690774448730863
744, 25.88030177084756, 25.923150506813652
745, 25.924627248957126, 25.97144169959141
746, 26.100432457051017, 26.135118516954805
747, 26.11234252855722, 26.15702673005695
748, 26.09009227804336, 26.12612331683793
749, 26.448079238137993, 26.496081913611967
750, 26.35075454683706, 26.400941038158052
751, 26.26202551201588, 26.31234254247161
752, 26.07258600321624, 26.10609947096425
753, 26.07525349665036, 26.100508718314888
754, 26.155236864184015, 26.172412291432902
755, 25.88453508593169, 25.910418742367167
756, 26.230184447825376, 26.247656891761483
757, 26.41130684870577, 26.436524484422073
758, 26.46663268547033, 26.49572414179108
759, 26.362350630499968, 26.38159982338439
760, 26.172179076600347, 26.19467883701496
761, 25.974251414159294, 26.002740720167406
762, 25.864364642652962, 25.888098469822175
763, 26.260808612413264, 26.277279789026284
764, 25.75037521720577, 25.785861430821686
765, 26.062110973954674, 26.08032917275716
766, 26.05804462538922, 26.075244519628235
767, 26.072672276702832, 26.081355058756547
768, 25.873996596965302, 25.88022780221783
769, 25.646107346172037, 25.654531695071167
770, 25.940499269833744, 25.964805281660503
771, 25.854938176669254, 25.881257427503915
772, 25.74080177907437, 25.76582852284609
773, 25.863061863061112, 25.890812262974034
774, 25.84915546750214, 25.882705786623813
775, 25.826693082053204, 25.856535487570813
776, 25.914490393509084, 25.93293358450197
777, 25.98223409201684, 26.002452024253525
778, 25.65654715518786, 25.693213425825217
779, 26.097977572865613, 26.134900315380452
780, 25.854082755025455, 25.879887679564415
781, 26.37788684500558, 26.393167183893762
782, 26.552796260293345, 26.561063341656833
783, 26.464425976961422, 26.493686422843556
784, 26.63255236389446, 26.65483712223235
785, 26.37422271521069, 26.417966360227222
786, 26.469181355881467, 26.516451279872843
787, 26.853077664595958, 26.8760637298064
788, 27.20048177759693, 27.20100533664
789, 26.87025462585867, 26.906492698065485
790, 27.251806030811053, 27.30223473756575
791, 26.743141446199637, 26.77192599677681
792, 26.694255703413805, 26.72309843338235
793, 26.866647793563665, 26.89536760693793
794, 26.942214010448055, 26.968637850770655
795, 26.844314074456385, 26.8811939745657
796, 26.732753033993074, 26.75610582820373
797, 26.542052744431018, 26.56692003733975
798, 26.515194274446785, 26.550059424951247
799, 26.367405333730986, 26.390246476340717
800, 26.58932836218372, 26.62288695504733
801, 26.540778160367946, 26.56479690296888
802, 26.64930768205981, 26.684902971085357
803, 27.068988881852032, 27.114124360329114
804, 27.20920670639164, 27.24682774527622
805, 27.361377044574333, 27.39621891426171
806, 27.2521163704653, 27.27123114706841
807, 27.46442978688787, 27.49164918601822
808, 26.996944670055505, 27.029134588603142
809, 26.865059986327747, 26.913817828728813
810, 26.82000355865904, 26.847901393190035
811, 26.672895770644498, 26.710883942338068
812, 26.632196443135253, 26.692047989346406
813, 26.673562514687507, 26.713340337901172
814, 26.109605869100424, 26.15514072207602
815, 26.481199352501843, 26.525809219836617
816, 26.291935002908772, 26.339095197028715
817, 26.583659304240303, 26.634326726486975
818, 26.634924104646924, 26.674229418622193
819, 26.186719487405046, 26.215038088525045
820, 25.992429248075208, 26.03263258888468
821, 26.111847388214517, 26.146706769377182
822, 26.19311050303902, 26.236061447174666
823, 26.26847766750869, 26.32133263976898
824, 26.377051337446865, 26.411613475978648
825, 26.34611845157905, 26.382179853249728
826, 26.628798837359433, 26.648832489860567
827, 26.883095097019524, 26.91496390932362
828, 26.97534006573458, 27.0039585736627
829, 26.730413157533835, 26.77287885001464
830, 26.74962299304772, 26.789951675589666
831, 26.667703373439984, 26.70167979901658
832, 26.757857723392945, 26.794504659041408
833, 26.56120073726342, 26.596148217474713
834, 26.80954778054196, 26.834576807346277
835, 26.559738891673, 26.580619255302082
836, 26.46584851522147, 26.495990660429662
837, 26.815820000535066, 26.854710006565167
838, 26.574444438326484, 26.611463917125846
839, 26.630633969818263, 26.673938420506968
840, 26.766999623319784, 26.802295246022588
841, 26.83432682081473, 26.87077518075792
842, 26.640795023814896, 26.68776343131165
843, 26.979071366228634, 27.014703801859454
844, 26.754018489003933, 26.78318019197434
845, 26.734982083524557, 26.77940881414864
846, 26.919291275829178, 26.965337832201502
847, 26.557909745184343, 26.6078431416917
848, 26.53552598544381, 26.588355429613294
849, 27.08171609652562, 27.139983553790103
850, 26.50942938301754, 26.58554173404632
851, 26.450279999992524, 26.506268616786553
852, 26.703815646438212, 26.748655953053213
853, 26.494805571836068, 26.523618087608856
854, 26.503002612449922, 26.5429002852277
855, 26.14690812875473, 26.175212419945474
856, 26.567594942948208, 26.599913823504238
857, 26.707796961651162, 26.731600184880143
858, 26.646522171781832, 26.65101400124088
859, 26.69556560904522, 26.706860032919998
860, 26.36161087581518, 26.377565874558933
861, 26.153746197781217, 26.174182305251996
862, 26.222923355128646, 26.24309101799456
863, 26.06225732553891, 26.068582035319345
864, 26.32799686823942, 26.334704236624603
865, 26.39296628110325, 26.398871448880314
866, 26.18617637168106, 26.18417865017206
867, 26.37754917599539, 26.380938411078
868, 26.47031352376534, 26.4701198512865
869, 26.476229070686628, 26.491994296294347
870, 26.284073741605038, 26.297286399346174
871, 25.92129992489153, 25.947006517887516
872, 26.081062727273117, 26.107716666293395
873, 26.305378859960697, 26.33432788256235
874, 26.299031341347497, 26.347113046939587
875, 26.10294075316521, 26.149835302465988
876, 26.409860808241156, 26.432893010069627
877, 26.123328007684492, 26.15272487420644
878, 26.29494637464045, 26.305594600615656
879, 26.488022241797463, 26.486017739374258
880, 26.38064977658793, 26.376160564303053
881, 26.09364338790778, 26.106317225726375
882, 25.837942818321814, 25.842067747902615
883, 25.949842073606053, 25.941394332389933
884, 26.035883777111977, 26.02891346923172
885, 26.25159986039657, 26.251071599655173
886, 26.571640151611696, 26.571802486998227
887, 26.87813521857905, 26.876186517444456
888, 27.175003525339026, 27.169502869077967
889, 27.30386947993359, 27.297996428797187
890, 27.236449982502226, 27.23352449783742
891, 27.489218152682554, 27.485792613242
892, 27.498052688574425, 27.50088892493016
893, 27.67209893579633, 27.672392231540808
894, 27.799427786977834, 27.7918609462184
895, 27.661583647495643, 27.6721223539242
896, 27.36529474672465, 27.38016687687771
897, 27.311634079446495, 27.327669379509075
898, 27.346818011513104, 27.365715812066252
899, 26.85992536926501, 26.875952022362032
900, 27.047496020133483, 27.0639930171151
901, 27.72413447591065, 27.737113250728232
902, 27.976733084759175, 27.97594256555857
903, 28.19816893474182, 28.194620844069927
904, 27.942610502048968, 27.943306515605265
905, 28.098440226210318, 28.103564784547316
906, 28.001541306635158, 28.004686595865905
907, 27.868577822935222, 27.878966762328478
908, 27.749045064982365, 27.75669503438173
909, 27.698136328220766, 27.690062555924694
910, 27.549847949274344, 27.540160128001123
911, 27.808532394168758, 27.805195792330775
912, 28.186758972320625, 28.182741301249003
913, 28.370948840029463, 28.3532123435865
914, 28.52835239534173, 28.5101094836319
915, 28.486020378950695, 28.477475594133363
916, 28.45460439310091, 28.448284546008896
917, 28.66708822287914, 28.64807296763135
918, 28.56193342108038, 28.55480477808217
919, 28.32695097756244, 28.31553283470657
920, 28.51482649326656, 28.509479494052567
921, 28.66304016297295, 28.6548226273491
922, 28.74511254719946, 28.73672836087043
923, 28.78218559935452, 28.78036228674214
924, 28.956483664189427, 28.95084418890622
925, 28.76111271282982, 28.750680024244378
926, 28.706560997668525, 28.691087511578377
927, 28.414801904341157, 28.400520955539697
928, 28.496900276140543, 28.488973864989816
929, 28.7056858542447, 28.718285291828824
930, 28.79516288616227, 28.78972897882878
931, 28.94632763090902, 28.93044846470619
932, 28.59710470430607, 28.58629380243143
933, 28.42290784633315, 28.39927836219324
934, 28.672967329783454, 28.6607741692039
935, 28.904610891401475, 28.888060792014056
936, 28.90330939844263, 28.889679781247906
937, 28.636860763385293, 28.623741125123015
938, 28.65937757973468, 28.65111933329168
939, 28.574089552346244, 28.571925692891018
940, 28.11310333030451, 28.108939865026947
941, 27.901909684249887, 27.89111606427749
942, 28.029585050199017, 28.01607562398043
943, 27.83829944268227, 27.829780298334928
944, 27.89523868803801, 27.887921601088188
945, 27.95243055328342, 27.935598774598063
946, 27.635774935766353, 27.614420214337315
947, 27.875233573769147, 27.85926682997384
948, 28.189943536626792, 28.163628530774524
949, 27.29123115133838, 27.269887175060408
950, 26.940512056782897, 26.91055995234809
951, 26.889291760859678, 26.864876118915674
952, 26.919055468614285, 26.9033123774468
953, 26.711638271080876, 26.70413084220982
954, 26.601638888883908, 26.58131754126722
955, 26.658515117341512, 26.632661147316384
956, 26.860103771878233, 26.838864224198296
957, 26.727466890361274, 26.712339480130993
958, 26.585500680514002, 26.58707127441101
959, 26.001602283460418, 25.99683887239743
960, 26.04886784120217, 26.050963217282103
961, 26.522274820372846, 26.51671616473196
962, 26.8195762524806, 26.816045479313775
963, 26.399348101904845, 26.401705263062794
964, 26.527962384035938, 26.521410587344423
965, 26.287599513924796, 26.28550615648937
966, 26.264115525258212, 26.249836736928888
967, 26.613801558611577, 26.586657629723806
968, 26.34270103536831, 26.324187529994862
969, 26.60430581233093, 26.5890601575963
970, 26.723100169237913, 26.700826687282465
971, 26.298824344730296, 26.28282225092192
972, 26.464928140550125, 26.448512712087016
973, 26.577432680964023, 26.553505660966593
974, 26.79038357505191, 26.767121720543763
975, 27.17615776238314, 27.155429517810738
976, 27.12732923727964, 27.09859838354325
977, 27.13496874032423, 27.100274278294425
978, 26.945022443094977, 26.92385117544091
979, 27.08697010786323, 27.063887682261377
980, 26.981568601728338, 26.970046340292942
981, 27.06318258104032, 27.045795453597172
982, 27.033902639158168, 27.02316562267166
983, 26.8556195134751, 26.861572537565912
984, 26.961932268639515, 26.952689041712485
985, 27.042454293642734, 27.040909851390797
986, 26.640940339280327, 26.648176783585665
987, 26.438256149277326, 26.454462089686565
988, 26.93050446121771, 26.94359400621098
989, 26.891025406920644, 26.91340518273177
990, 27.012830842534544, 27.032844870919444
991, 27.401522767949157, 27.417018430105404
992, 27.04110594024382, 27.05873681842605
993, 26.789135160265705, 26.806978481099677
994, 26.806935691618804, 26.824938642658992
995, 27.146669504355724, 27.164066015638145
996, 26.73343829301659, 26.751030744306995
997, 26.70385572475739, 26.72976349821544
998, 26.699953991702532, 26.714153648267214
999, 26.59944720405776, 26.61573551641047
1000, 26.17765898519338, 26.195704624860408
