FRAME, xTrans, yTrans, zTrans
1, 0.9079801142215729,13.257456362247467,-6.847282409667969
2, 0.8279649913311005,12.78134399652481,-7.686653137207031
3, 0.6225780248641968,13.13594776391983,-8.03131103515625
4, 0.5254935771226883,13.378771364688873,-7.611827850341797
5, 0.4350337088108063,13.18140560388565,-7.316265106201172
6, 0.8278990089893341,14.429457247257233,-7.771568298339844
7, 0.49469032883644104,14.00302654504776,-7.821628570556641
8, 0.4828942120075226,13.40297943353653,-8.004981994628906
9, 0.883422464132309,13.164724886417389,-8.19033432006836
10, 0.48895280063152313,12.95535808801651,-8.432392120361328
11, 0.40470512211322784,13.3266082406044,-7.271171569824219
12, 0.8152007758617401,14.231554567813873,-8.060260772705078
13, 0.20065446943044662,14.294080317020416,-8.538871765136719
14, 0.2363041378557682,14.313476145267487,-8.274589538574219
15, -0.29390230774879456,13.622253000736237,-7.507701873779297
16, -0.15514126420021057,13.771109163761139,-7.892551422119141
17, -0.7326745092868805,13.123039782047272,-7.247196197509766
18, -0.6834626495838165,13.485338747501373,-7.114673614501953
19, -1.1505649387836456,13.835501253604889,-7.648944854736328
20, -1.2711410820484161,13.343813478946686,-7.159088134765625
21, -0.874180942773819,13.606778681278229,-6.242713928222656
22, -1.5376648008823395,13.535560190677643,-6.931674957275391
23, -1.0714685022830963,13.779048502445221,-7.06414794921875
24, -1.8483521044254303,13.930841028690338,-7.240234375
25, -1.9831410944461823,13.556900560855865,-6.085102081298828
26, -1.0952979624271393,13.380321085453033,-5.4064483642578125
27, -1.3128593266010284,12.963245928287506,-5.329063415527344
28, -0.9192568361759186,13.497937738895416,-4.913669586181641
29, -1.0495347082614899,13.651519358158112,-4.740509033203125
30, -0.14297643303871155,13.723100244998932,-3.761699676513672
31, -0.08850124478340149,14.089721262454987,-4.859981536865234
32, 0.014528125524520874,13.625090181827545,-4.347789764404297
33, -0.21086600422859192,12.771012842655182,-4.120758056640625
34, -0.5740773379802704,12.85836273431778,-4.288600921630859
35, -0.15758737921714783,12.622312128543854,-3.989360809326172
36, 0.5428547561168671,12.16323047876358,-4.2605133056640625
37, -0.052475154399871826,11.267662584781647,-3.5406875610351563
38, -0.47294124960899353,12.001094400882721,-2.85723876953125
39, -0.30089280009269714,11.430410921573639,-3.300792694091797
40, -0.5266948044300079,12.367324411869049,-2.83013916015625
41, -0.8567576706409454,12.56520801782608,-2.652881622314453
42, -1.1011067926883698,12.52622276544571,-2.057403564453125
43, -1.1139380037784576,13.157603800296783,-1.9626731872558594
44, -1.1665637791156769,12.76727157831192,-2.1929588317871094
45, -0.22935888171195984,11.38766723871231,-2.251941680908203
46, -0.20280632376670837,11.911093294620514,-2.9898681640625
47, 0.3715186044573784,11.556864321231842,-3.184215545654297
48, 1.4377147853374481,11.11228233575821,-3.6055831909179688
49, 0.5046520233154297,11.583955347537994,-4.209766387939453
50, 0.7827061712741852,11.982961237430573,-4.907398223876953
51, 0.47286053001880646,11.181518137454987,-5.882835388183594
52, 0.5205880403518677,11.212691843509674,-4.607513427734375
53, 0.012969106435775757,10.66436630487442,-3.65924072265625
54, 0.29979916103184223,9.781313478946686,-3.3271942138671875
55, 0.5338110029697418,9.722905695438385,-2.9815597534179688
56, 0.6196904182434082,9.874553263187408,-2.3076248168945313
57, 0.5082605332136154,9.10971599817276,-2.0877723693847656
58, 0.47298699617385864,7.770844995975494,-1.9591064453125
59, 0.3301279619336128,7.449879229068756,-2.6816673278808594
60, -0.8834015429019928,7.614481508731842,-3.0346298217773438
61, -0.6515643298625946,7.117230951786041,-2.578338623046875
62, -1.1167369186878204,6.325449049472809,-2.088581085205078
63, -1.7245647013187408,6.684735834598541,-0.7651901245117188
64, -1.2860545217990875,6.97006231546402,-1.1586837768554688
65, -1.783290296792984,5.49640280008316,-2.1526870727539063
66, -1.737779051065445,5.293950140476227,-0.9342727661132813
67, -2.4505657255649567,4.984934389591217,-1.7604293823242188
68, -2.6766275465488434,4.265864908695221,-0.905487060546875
69, -2.5428811609745026,5.33288437128067,-1.2785758972167969
70, -1.5311655104160309,4.805322229862213,-1.1352043151855469
71, -0.5997544825077057,4.817191183567047,-0.5978050231933594
72, -1.4791159927845001,5.678165972232819,-0.8213996887207031
73, -0.9933523237705231,4.980591833591461,-1.4808998107910156
74, -0.9607135355472565,6.237629473209381,-1.7276153564453125
75, -0.14587414264678955,6.360320627689362,-1.5927352905273438
76, 0.09384524822235107,6.072111666202545,-1.4531173706054688
77, -0.1381264328956604,7.779752314090729,-1.6465911865234375
78, 0.46012672781944275,8.062014162540436,-2.0668411254882813
79, 0.1526312679052353,7.947775423526764,-1.6767845153808594
80, 0.4559078514575958,8.156354486942291,-1.6484909057617188
81, 0.21196698397397995,8.139003336429596,-1.2926788330078125
82, 0.8322248160839081,7.916816294193268,-1.214385986328125
83, 0.8367427289485931,8.251950800418854,-0.37795257568359375
84, 1.3337663114070892,7.799600183963776,-0.13695526123046875
85, 1.0757735073566437,8.231127321720123,-0.07063674926757813
86, 0.6846005916595459,7.551119387149811,0.026397705078125
87, 0.46209460496902466,7.640506327152252,0.5118408203125
88, -0.7842670977115631,7.217112123966217,0.48099517822265625
89, -0.6223390400409698,7.133236467838287,0.13645172119140625
90, -0.8484289944171906,6.654376566410065,-0.8128395080566406
91, 0.616962730884552,6.673201143741608,-0.7381324768066406
92, 1.0164540112018585,5.424997389316559,-0.32396697998046875
93, 0.3522029295563698,6.082766115665436,0.376617431640625
94, 1.6689169108867645,5.453174650669098,0.8780136108398438
95, 2.089883655309677,4.866073668003082,1.1434326171875
96, 2.2425913512706757,4.103328764438629,0.9766006469726563
97, 2.3351543843746185,4.553302824497223,0.5193367004394531
98, 2.440246194601059,4.984548628330231,0.21030044555664063
99, 1.486063927412033,3.67370468378067,-0.31226348876953125
100, 1.2779609262943268,4.05607944726944,-1.1989707946777344
101, 1.610394924879074,4.598324358463287,-1.2902565002441406
102, 0.8955058157444,3.4086490273475647,-1.6459083557128906
103, 1.2982850968837738,4.703972399234772,-2.0385704040527344
104, 0.9087063372135162,4.219674170017242,-0.8340797424316406
105, 1.0968400537967682,4.812401354312897,0.053096771240234375
106, 1.3014815747737885,4.717470705509186,0.2830467224121094
107, 1.311109870672226,4.858865320682526,-0.21283340454101563
108, 1.251563400030136,3.3027711510658264,-0.10982513427734375
109, 1.6081813275814056,3.415018379688263,-0.5307388305664063
110, 1.4716390073299408,2.9725337624549866,-1.1996078491210938
111, 2.4027715623378754,2.773524582386017,-0.3600502014160156
112, 1.5288829505443573,3.0815213322639465,-0.9230384826660156
113, 1.5266525447368622,3.3306739926338196,-0.3487701416015625
114, 0.8140536248683929,3.7497506737709045,0.3477630615234375
115, -0.01758745312690735,3.728093683719635,0.024738311767578125
116, 1.0450042188167572,3.5468788743019104,-0.011432647705078125
117, 1.396696537733078,3.5855594277381897,-0.1797943115234375
118, 0.5771164000034332,4.179421007633209,-0.31923675537109375
119, 0.2959402073174715,3.654278814792633,-0.07091140747070313
120, 0.877658873796463,3.064573109149933,0.46448516845703125
121, 0.2323986105620861,3.146945536136627,0.21152877807617188
122, -0.4766925871372223,3.577454149723053,0.5806541442871094
123, -0.390196293592453,3.6358314156532288,0.6128120422363281
124, 0.08649230003356934,3.604257643222809,0.07546234130859375
125, -0.3588646352291107,3.5326433777809143,-0.4614295959472656
126, -0.2963056266307831,3.4543710350990295,-0.5005302429199219
127, -0.10634252429008484,4.671405375003815,-1.6344375610351563
128, 0.3601144626736641,5.193702280521393,-0.8590011596679688
129, 0.20171747356653214,5.684762537479401,-1.8973045349121094
130, 0.41271552443504333,5.0786972641944885,-1.494110107421875
131, 0.27391151897609234,4.551316797733307,-1.4028701782226563
132, -0.2763887941837311,5.920749247074127,-0.7656440734863281
133, -0.33205804228782654,6.2733007073402405,-0.23091506958007813
134, -0.7887435257434845,5.855499804019928,-0.2108154296875
135, -0.6793785989284515,5.4457884430885315,0.23198699951171875
136, -0.5613448321819305,5.355172216892242,0.8543968200683594
137, -1.6397445499897003,4.997412741184235,0.2563743591308594
138, -1.4345301687717438,5.300880491733551,0.6668167114257813
139, -1.199976235628128,5.680233538150787,-0.24755477905273438
140, -0.6923839747905731,5.884139597415924,-0.3514671325683594
141, -0.9676759541034698,6.72034078836441,-0.19286727905273438
142, -0.9592567980289459,6.903805792331696,-0.28676605224609375
143, -1.5534243881702423,7.047668516635895,0.10082244873046875
144, -1.61354461312294,6.915638029575348,0.7567062377929688
145, -2.09199920296669,7.322519361972809,0.3839263916015625
146, -2.6474319994449615,7.198242723941803,0.11373519897460938
147, -2.3889433443546295,8.13818222284317,-0.9966011047363281
148, -1.5790487825870514,7.887613832950592,-0.7317848205566406
149, -1.6049361526966095,8.578556597232819,-0.75634765625
150, -2.069596916437149,8.081981241703033,-0.8165702819824219
151, -3.3082427084445953,8.44186931848526,-1.8158149719238281
152, -2.312716633081436,8.371695101261139,-1.65399169921875
153, -1.8310319483280182,7.606477320194244,-1.00616455078125
154, -1.591211587190628,8.136673510074615,-1.9559593200683594
155, -1.5370676815509796,7.482016146183014,-1.8856239318847656
156, -1.4751347601413727,7.615377962589264,-2.1023902893066406
157, -1.2706277668476105,7.009272634983063,-1.33734130859375
158, -2.116030126810074,6.259652674198151,-2.4521217346191406
159, -2.919932037591934,7.133966028690338,-2.5392723083496094
160, -4.359456688165665,6.7342148423194885,-2.3675384521484375
161, -5.077376991510391,5.939302504062653,-2.58160400390625
162, -4.940756946802139,5.975808680057526,-3.521148681640625
163, -5.411891609430313,5.506337225437164,-3.2784881591796875
164, -5.560520321130753,5.895943701267242,-3.4239120483398438
165, -4.991187244653702,5.298692286014557,-3.4135704040527344
166, -3.9770733416080475,4.755617201328278,-3.26177978515625
167, -3.4902457296848297,6.306038916110992,-3.3068389892578125
168, -3.3540026247501373,7.471117556095123,-3.972148895263672
169, -4.4060942232608795,6.926331102848053,-4.233936309814453
170, -4.0102359354496,6.146241724491119,-4.582637786865234
171, -4.071953445672989,5.909151613712311,-4.304286956787109
172, -3.220015436410904,5.506386339664459,-4.067241668701172
173, -2.3755764067173004,6.276198923587799,-3.2383995056152344
174, -2.4338792860507965,6.3689685463905334,-4.198360443115234
175, -2.1879571974277496,5.829380095005035,-4.914054870605469
176, -2.0492893755435944,5.622164785861969,-4.7017974853515625
177, -2.150540977716446,5.251693308353424,-4.028575897216797
178, -2.1953043043613434,4.6156235337257385,-3.9806137084960938
179, -3.246380001306534,4.811019003391266,-3.1931381225585938
180, -3.1726390421390533,5.044934809207916,-4.176830291748047
181, -4.228852421045303,5.440165102481842,-4.100185394287109
182, -4.597950607538223,5.991079390048981,-4.267414093017578
183, -4.763562828302383,6.176908075809479,-4.847576141357422
184, -3.7063044607639313,6.563145220279694,-5.317436218261719
185, -3.5306438505649567,7.273883402347565,-4.422412872314453
186, -2.9164156019687653,7.361554205417633,-4.578754425048828
187, -3.0292724668979645,7.563629686832428,-4.443828582763672
188, -3.482891708612442,8.081121981143951,-4.8544464111328125
189, -3.670459657907486,8.008324205875397,-4.326633453369141
190, -3.248948246240616,7.204177439212799,-4.871063232421875
191, -3.216874271631241,7.325214922428131,-4.877685546875
192, -3.4541915953159332,7.2959728837013245,-5.454288482666016
193, -3.552548795938492,7.1798043847084045,-6.115695953369141
194, -4.0551702082157135,6.957109987735748,-5.789485931396484
195, -4.440922409296036,7.43423467874527,-5.839225769042969
196, -3.5931178629398346,8.82260376214981,-5.276401519775391
197, -4.302692085504532,9.5845428109169,-5.195339202880859
198, -4.428933292627335,8.194331705570221,-4.9431915283203125
199, -3.6084305346012115,8.087419092655182,-5.011741638183594
200, -2.5041143000125885,10.215226709842682,-4.496742248535156
201, -2.481783300638199,10.373521387577057,-4.07122802734375
202, -1.1439078152179718,10.171469271183014,-3.921215057373047
203, -0.6654671728610992,10.559256136417389,-3.298236846923828
204, -1.4533146917819977,9.306942522525787,-3.4604835510253906
205, -1.4880992472171783,9.918551981449127,-3.484893798828125
206, -1.6611988842487335,9.391418039798737,-2.6521148681640625
207, -1.2460828125476837,9.793176233768463,-2.2695236206054688
208, -1.4618573486804962,9.404461443424225,-1.9119911193847656
209, -1.6926234066486359,9.492517054080963,-2.70001220703125
210, -2.2110377848148346,8.874986231327057,-2.218952178955078
211, -2.5172738134860992,8.570335924625397,-2.91290283203125
212, -2.731135755777359,7.860582888126373,-3.5035972595214844
213, -3.0358339846134186,7.673801958560944,-4.295772552490234
214, -3.3254596292972565,8.210601389408112,-3.661457061767578
215, -3.0516373217105865,6.642035067081451,-4.731109619140625
216, -3.6551147997379303,6.547946035861969,-4.694755554199219
217, -3.674920469522476,6.030001699924469,-4.554271697998047
218, -4.229133278131485,6.385538160800934,-4.803062438964844
219, -3.7001692354679108,5.495431482791901,-3.9687271118164063
220, -3.608464390039444,5.396887362003326,-3.4735336303710938
221, -3.7319113314151764,5.850313723087311,-3.0677452087402344
222, -2.4914430677890778,5.392624914646149,-2.583343505859375
223, -3.1340915262699127,5.359893381595612,-3.2415847778320313
224, -4.428610950708389,4.1945419907569885,-3.0862693786621094
225, -4.485083729028702,4.637311518192291,-3.430187225341797
226, -4.12785878777504,5.254945814609528,-2.357940673828125
227, -5.154677540063858,5.117116987705231,-3.215717315673828
228, -5.895297199487686,4.704850733280182,-2.946380615234375
229, -5.7216998636722565,3.692557394504547,-3.3537254333496094
230, -5.909717231988907,3.3747008442878723,-4.662822723388672
231, -5.836446911096573,3.6493807435035706,-4.154949188232422
232, -6.120144993066788,3.8196621537208557,-3.740528106689453
233, -5.79345765709877,3.6410031914711,-3.3185958862304688
234, -6.51453223824501,3.3938096165657043,-3.7081680297851563
235, -6.444293648004532,3.094658672809601,-4.038108825683594
236, -7.132506042718887,3.3039920926094055,-3.292491912841797
237, -7.4597770273685455,3.501684248447418,-4.153770446777344
238, -6.866947799921036,4.525476515293121,-4.927669525146484
239, -7.1206351816654205,5.318032324314117,-4.6528778076171875
240, -7.383963733911514,6.708769857883453,-4.1622161865234375
241, -7.854342132806778,7.490274012088776,-3.7276687622070313
242, -7.486977249383926,6.9200997948646545,-2.6366310119628906
243, -7.843059211969376,7.5481467843055725,-3.3458175659179688
244, -7.721333175897598,7.0356064438819885,-4.040126800537109
245, -6.401329189538956,7.0447569489479065,-4.597560882568359
246, -7.201879650354385,6.517536699771881,-5.068778991699219
247, -7.291165500879288,6.809411108493805,-4.327899932861328
248, -6.793433338403702,5.965642988681793,-4.039817810058594
249, -8.280060440301895,6.430034697055817,-4.1829833984375
250, -9.307959228754044,6.488462030887604,-4.428947448730469
251, -8.93426862359047,7.434981882572174,-4.342258453369141
252, -8.623130470514297,7.927035868167877,-5.574237823486328
253, -8.322171837091446,7.648759424686432,-6.030315399169922
254, -7.935819298028946,7.163309156894684,-6.372528076171875
255, -7.724765449762344,6.51594740152359,-5.459564208984375
256, -6.585250526666641,6.085045874118805,-5.520195007324219
257, -7.208061367273331,5.27771383523941,-5.537990570068359
258, -6.1783587038517,5.933477938175201,-5.6209716796875
259, -5.798331409692764,5.5627670884132385,-5.523700714111328
260, -5.728006988763809,4.914560377597809,-5.599010467529297
261, -6.730055004358292,5.303647100925446,-5.589385986328125
262, -7.454750686883926,5.342473566532135,-5.739948272705078
263, -7.267742782831192,5.709225237369537,-5.05169677734375
264, -6.688084274530411,5.534460604190826,-4.89898681640625
265, -6.237232834100723,5.818397104740143,-5.5173492431640625
266, -6.145759731531143,5.672408163547516,-5.429847717285156
267, -6.2960025370121,4.880766928195953,-5.9293212890625
268, -8.006041198968887,5.210030615329742,-5.489086151123047
269, -6.911546379327774,5.059082090854645,-5.824104309082031
270, -7.020720154047012,5.896780550479889,-5.543231964111328
271, -7.281695991754532,6.337738573551178,-5.088325500488281
272, -7.874078422784805,5.947204649448395,-5.196727752685547
273, -7.057524353265762,5.187851965427399,-5.361385345458984
274, -7.1042353212833405,5.602647364139557,-5.6395263671875
275, -7.636206299066544,5.415968477725983,-5.487117767333984
276, -8.556010872125626,6.163592875003815,-4.625484466552734
277, -9.877897888422012,5.791636526584625,-4.8905792236328125
278, -10.716119438409805,5.626648485660553,-4.1920166015625
279, -10.004059463739395,6.272673189640045,-4.483650207519531
280, -10.41272035241127,6.50300794839859,-5.223293304443359
281, -9.882482200860977,6.648687899112701,-5.477306365966797
282, -10.73038163781166,8.151159822940826,-5.372509002685547
283, -10.51518502831459,8.12419182062149,-4.376304626464844
284, -11.16138043999672,8.005133211612701,-4.041145324707031
285, -9.44461789727211,8.148784220218658,-3.8135948181152344
286, -9.405414253473282,8.089182436466217,-5.067226409912109
287, -9.613958984613419,8.327382624149323,-4.407295227050781
288, -10.363457351922989,7.608028948307037,-4.472248077392578
289, -9.99554792046547,7.731314241886139,-4.575122833251953
290, -10.297894150018692,7.832556307315826,-4.144550323486328
291, -11.08279862999916,7.461159288883209,-4.968254089355469
292, -11.341437011957169,6.620869696140289,-3.5154151916503906
293, -11.141970306634903,6.898717939853668,-4.149356842041016
294, -11.388874679803848,6.54298597574234,-4.756046295166016
295, -11.689802795648575,6.94446188211441,-4.838817596435547
296, -10.914003998041153,6.796010076999664,-5.486175537109375
297, -9.567036300897598,6.770575106143951,-6.137439727783203
298, -9.38648572564125,6.940643846988678,-4.956661224365234
299, -9.319204956293106,7.135508120059967,-4.605777740478516
300, -8.773011833429337,6.811976492404938,-3.83648681640625
301, -8.891648918390274,5.556548655033112,-3.465709686279297
302, -9.086776405572891,5.009246408939362,-3.4538345336914063
303, -8.809894233942032,6.586595118045807,-3.5967559814453125
304, -8.66651502251625,5.794026434421539,-4.4202880859375
305, -9.16450086236,5.906650602817535,-2.958911895751953
306, -8.40824094414711,5.781033098697662,-3.140960693359375
307, -8.480133682489395,6.609737932682037,-3.0920791625976563
308, -8.429296165704727,6.68840366601944,-3.406932830810547
309, -7.433083206415176,6.309113562107086,-3.8182296752929688
310, -7.132541805505753,5.0420714020729065,-3.9777603149414063
311, -6.928610950708389,4.452220976352692,-4.696559906005859
312, -7.040836960077286,4.425337851047516,-5.825450897216797
313, -6.150716930627823,4.865693151950836,-5.125617980957031
314, -5.638919502496719,4.12642627954483,-4.825649261474609
315, -4.978821903467178,4.023212492465973,-4.958332061767578
316, -4.495135456323624,5.102414667606354,-3.7155418395996094
317, -4.248513847589493,4.946347773075104,-3.9843788146972656
318, -5.1195270121097565,5.231755316257477,-3.5305519104003906
319, -5.318844944238663,4.848897993564606,-2.817737579345703
320, -4.998073726892471,4.9074817299842834,-3.849933624267578
321, -4.917586475610733,5.4767709374427795,-2.5960121154785156
322, -5.4216815531253815,5.752955496311188,-4.130828857421875
323, -5.394437462091446,5.524907171726227,-4.682712554931641
324, -5.653505474328995,4.422676146030426,-5.0500335693359375
325, -4.503185421228409,5.034218370914459,-4.626285552978516
326, -4.376745373010635,3.830654203891754,-4.2739105224609375
327, -5.457761436700821,3.715191900730133,-4.716892242431641
328, -6.427497535943985,4.456815302371979,-5.030128479003906
329, -5.573125034570694,5.413339674472809,-5.381542205810547
330, -6.120422035455704,5.201623499393463,-5.884521484375
331, -7.3952323496341705,4.952176630496979,-5.027591705322266
332, -7.043932110071182,5.072976171970367,-5.269596099853516
333, -6.4372855722904205,4.825613558292389,-4.510738372802734
334, -6.515043884515762,6.278670370578766,-4.251899719238281
335, -5.739624172449112,6.845428049564362,-4.305484771728516
336, -6.114866882562637,6.596921980381012,-5.187984466552734
337, -5.511420875787735,5.224302351474762,-5.320648193359375
338, -5.878390461206436,5.018289625644684,-6.192394256591797
339, -5.494208961725235,4.39999395608902,-6.0030670166015625
340, -5.973641067743301,4.613939821720123,-6.4070892333984375
341, -6.330481678247452,4.8778491616249084,-5.8861541748046875
342, -6.485329777002335,5.128356516361237,-5.06280517578125
343, -6.407086998224258,4.160305559635162,-5.054050445556641
344, -6.196253448724747,3.763815462589264,-5.394676208496094
345, -5.917508274316788,4.630810797214508,-5.554943084716797
346, -7.1372553408145905,4.2667489647865295,-5.015560150146484
347, -5.891218334436417,4.095678389072418,-3.8486480712890625
348, -4.7988602221012115,3.5509005188941956,-3.884288787841797
349, -4.835590034723282,3.8869886994361877,-4.878116607666016
350, -3.9540516436100006,4.276794493198395,-4.320259094238281
351, -4.323918014764786,5.025126516819,-4.591560363769531
352, -4.4990178644657135,5.0817723870277405,-5.138008117675781
353, -5.093539863824844,5.080935537815094,-5.443641662597656
354, -5.45534673333168,5.46333509683609,-5.375881195068359
355, -5.49197593331337,4.509798109531403,-5.6150665283203125
356, -5.255539089441299,4.847959578037262,-5.530147552490234
357, -5.204575687646866,4.478954374790192,-4.156085968017578
358, -5.16393581032753,4.320876657962799,-3.8135948181152344
359, -6.051204830408096,4.596294939517975,-4.236232757568359
360, -6.214149624109268,3.6839314103126526,-4.3140716552734375
361, -6.505362659692764,3.8305230736732483,-3.9386329650878906
362, -5.959261566400528,3.294924318790436,-4.108379364013672
363, -6.945236831903458,3.252848207950592,-4.163585662841797
364, -5.722238689661026,2.8686779141426086,-4.124504089355469
365, -5.463853985071182,2.5001123547554016,-4.8242645263671875
366, -5.9588638842105865,2.992848217487335,-4.301185607910156
367, -7.559266239404678,2.8898587822914124,-3.7687339782714844
368, -7.12395253777504,2.796361982822418,-3.7955093383789063
369, -7.8219620287418365,3.742816984653473,-3.5514373779296875
370, -7.536436229944229,4.558669626712799,-4.245452880859375
371, -9.191765457391739,3.810719072818756,-3.866382598876953
372, -9.62167802453041,3.1911140084266663,-3.8558616638183594
373, -9.57758966088295,5.162830412387848,-3.7508544921875
374, -9.162262588739395,5.223293840885162,-4.122928619384766
375, -10.475014358758926,4.663807928562164,-3.365947723388672
376, -10.460007339715958,4.607371389865875,-2.8548736572265625
377, -10.177384048700333,4.512259066104889,-2.5337066650390625
378, -10.053902298212051,4.601476728916168,-1.9967994689941406
379, -10.158165603876114,5.072034418582916,-1.5020294189453125
380, -9.115015655755997,4.876523077487946,-1.8658943176269531
381, -9.251918464899063,5.135526716709137,-2.270061492919922
382, -9.517354637384415,5.297796785831451,-2.2619400024414063
383, -9.054907470941544,5.748086988925934,-1.6889877319335938
384, -8.762516647577286,6.447555124759674,-1.0347824096679688
385, -8.809074074029922,6.423621237277985,-0.8885765075683594
386, -9.770103126764297,6.689232409000397,-2.082794189453125
387, -9.836390167474747,7.090184271335602,-1.6662673950195313
388, -9.97729554772377,7.207996428012848,-2.689067840576172
389, -10.234939247369766,7.194959223270416,-2.9094772338867188
390, -10.505405098199844,6.446868002414703,-2.8184738159179688
391, -11.631757408380508,6.588036119937897,-3.1647491455078125
392, -11.353243499994278,7.182644903659821,-2.689727783203125
393, -11.002528816461563,7.25128036737442,-3.0061378479003906
394, -11.142996460199356,6.962194502353668,-2.7697715759277344
395, -12.070665031671524,5.878089487552643,-3.8463478088378906
396, -12.704853683710098,6.769750654697418,-4.48944091796875
397, -12.554947525262833,6.686065256595612,-4.016258239746094
398, -12.51287904381752,6.830362379550934,-3.9937286376953125
399, -12.498852401971817,6.66185337305069,-4.253997802734375
400, -12.923399597406387,6.100666582584381,-4.9264678955078125
401, -13.650421768426895,6.534043371677399,-4.236896514892578
402, -13.473988205194473,6.432484209537506,-3.973163604736328
403, -13.846529632806778,6.3761191964149475,-3.5983352661132813
404, -12.889822632074356,7.187535345554352,-4.010936737060547
405, -13.550368934869766,6.788540899753571,-3.625041961669922
406, -11.902336746454239,7.527731478214264,-3.2981910705566406
407, -12.073638588190079,8.474044382572174,-3.3428916931152344
408, -11.847632080316544,6.934690058231354,-2.8970794677734375
409, -10.935738235712051,9.004197657108307,-2.541088104248047
410, -10.545564323663712,9.019334375858307,-2.1924591064453125
411, -11.103939682245255,9.326179087162018,-2.570526123046875
412, -11.40511479973793,10.571147501468658,-2.954151153564453
413, -11.4309221804142,10.041177332401276,-2.604839324951172
414, -10.516020447015762,8.818027079105377,-2.3294296264648438
415, -9.993107467889786,8.98693710565567,-2.3366851806640625
416, -10.921805053949356,8.598663866519928,-1.2012443542480469
417, -11.538704544305801,8.922013819217682,-1.4841690063476563
418, -10.167451530694962,8.405994951725006,-1.5961875915527344
419, -9.971522003412247,8.322215616703033,-0.4872093200683594
420, -10.10154214501381,8.13226467370987,-0.14446258544921875
421, -9.763543754816055,8.250795900821686,-0.26253509521484375
422, -9.803015381097794,8.604327738285065,-0.9364128112792969
423, -8.734150558710098,9.49887329339981,-0.419036865234375
424, -8.25058713555336,9.614614069461823,0.3823204040527344
425, -8.39325013756752,9.364860117435455,0.16831588745117188
426, -8.779167801141739,8.908611834049225,-0.11023330688476563
427, -8.93354383111,7.3565574288368225,-0.4218559265136719
428, -8.869854599237442,5.918417990207672,-0.15386581420898438
429, -8.900178581476212,7.237692892551422,-0.8551139831542969
430, -9.88686814904213,6.80945211648941,-0.872772216796875
431, -9.068415313959122,5.996710360050201,-0.060222625732421875
432, -7.908488899469376,5.264894545078278,-0.7344169616699219
433, -7.765823990106583,6.52582460641861,-0.08395004272460938
434, -7.354269176721573,6.552474081516266,-1.3436737060546875
435, -8.05556932091713,7.443059504032135,-0.2257232666015625
436, -8.803537040948868,7.111542761325836,-0.2666053771972656
437, -8.282250076532364,8.228672564029694,0.574249267578125
438, -8.066950470209122,7.447251856327057,0.7731094360351563
439, -8.972499519586563,8.200811922550201,0.2811241149902344
440, -9.340922981500626,8.026218950748444,-0.06946563720703125
441, -8.563135772943497,8.109213411808014,-0.38658905029296875
442, -8.16219773888588,8.354779779911041,-0.339263916015625
443, -7.941685348749161,8.24167400598526,-0.5733642578125
444, -7.820841461420059,7.274941027164459,-1.9415359497070313
445, -8.220231682062149,7.689359247684479,-2.5839385986328125
446, -8.804131180047989,8.298367083072662,-2.0600318908691406
447, -9.376310020685196,8.39427238702774,-3.0011024475097656
448, -8.120513588190079,8.886244356632233,-2.8952674865722656
449, -7.609889656305313,7.924430429935455,-2.9909744262695313
450, -8.855226188898087,8.00510174036026,-2.6109886169433594
451, -9.259988456964493,7.550307810306549,-2.915142059326172
452, -9.42532029747963,8.551091730594635,-3.268756866455078
453, -10.120448738336563,8.617935717105865,-2.5913352966308594
454, -9.058209091424942,8.504808008670807,-2.7279014587402344
455, -8.910276085138321,9.12555080652237,-3.377044677734375
456, -8.393186241388321,9.98461776971817,-3.4218902587890625
457, -7.864716202020645,10.435550272464752,-2.8813819885253906
458, -8.380051285028458,9.224455416202545,-2.459789276123047
459, -8.347485214471817,9.674467623233795,-1.6928138732910156
460, -8.102538734674454,9.246231615543365,-2.2974929809570313
461, -8.072972923517227,8.61556488275528,-2.6747169494628906
462, -7.321086078882217,8.645219385623932,-3.1101455688476563
463, -7.877073913812637,9.876798212528229,-3.8890419006347656
464, -8.295956283807755,9.80616146326065,-4.7678985595703125
465, -8.082148224115372,10.230567514896393,-4.159446716308594
466, -7.594947010278702,9.696267664432526,-3.920269012451172
467, -7.641930729150772,9.994629442691803,-2.8218460083007813
468, -7.084080368280411,10.467085421085358,-3.026233673095703
469, -5.909123569726944,10.906191408634186,-2.2421646118164063
470, -5.8074771463871,10.622816622257233,-2.75238037109375
471, -5.186919838190079,10.943123400211334,-2.454151153564453
472, -4.893378883600235,11.10295158624649,-2.310321807861328
473, -4.798164039850235,10.53244262933731,-3.5382003784179688
474, -4.456119209527969,10.220326006412506,-3.943328857421875
475, -4.466044574975967,10.102953493595123,-4.733062744140625
476, -3.9649950563907623,10.804009020328522,-4.513828277587891
477, -4.538734585046768,10.284377634525299,-4.808315277099609
478, -5.298471599817276,10.750178873538971,-3.6166000366210938
479, -3.65885654091835,10.908861696720123,-3.6006622314453125
480, -4.383080154657364,10.221695482730865,-3.327159881591797
481, -4.544154316186905,10.833055078983307,-3.749053955078125
482, -4.636017948389053,11.126855432987213,-3.0121002197265625
483, -4.196549087762833,10.028316080570221,-2.046642303466797
484, -5.375133663415909,10.995246469974518,-2.2540321350097656
485, -4.765389114618301,10.851278841495514,-2.2727928161621094
486, -4.654222160577774,11.401184618473053,-1.989227294921875
487, -3.924877315759659,11.035331308841705,-1.3010749816894531
488, -3.3932322561740875,11.284659922122955,-1.39947509765625
489, -2.902440220117569,10.676239550113678,-0.32623291015625
490, -4.017832905054092,10.162560045719147,-0.7501411437988281
491, -4.568987041711807,11.137430727481842,-1.5055389404296875
492, -4.12310329079628,11.108839571475983,-2.70587158203125
493, -3.488562732934952,10.875917971134186,-2.006328582763672
494, -3.4550649225711823,10.370173990726471,-1.5829582214355469
495, -2.884402185678482,10.326408922672272,-2.1510696411132813
496, -2.365018993616104,10.584843218326569,-1.5141334533691406
497, -3.3886636793613434,10.722745478153229,-1.7140045166015625
498, -4.444320827722549,10.061636507511139,-2.5769805908203125
499, -4.301147609949112,10.72023731470108,-1.7952346801757813
500, -3.9563805162906647,11.20134311914444,-1.6420555114746094
501, -3.986283928155899,11.647060930728912,-1.0464668273925781
502, -3.4577786028385162,11.692708551883698,-1.1148948669433594
503, -2.3039800226688385,12.597850382328033,-1.6437187194824219
504, -3.3310236036777496,12.65185695886612,-1.3292961120605469
505, -2.877232700586319,12.074170649051666,-0.7706413269042969
506, -2.6180860102176666,11.692932665348053,-0.25640869140625
507, -2.530534654855728,11.351735651493073,-0.26902008056640625
508, -1.9763485491275787,10.632274210453033,-0.22320175170898438
509, -2.005979686975479,11.272595942020416,-0.8332176208496094
510, -3.100971609354019,11.12139755487442,0.3563957214355469
511, -1.9816371500492096,11.53785091638565,0.38543701171875
512, -2.9853581488132477,10.090204775333405,-0.5819740295410156
513, -1.7561337053775787,9.690182268619537,-0.41888427734375
514, -0.7254914343357086,10.215501368045807,-0.3066444396972656
515, -0.9460784494876862,9.530952036380768,-1.4995574951171875
516, -0.7283702194690704,9.581190645694733,-1.57098388671875
517, -0.18811562657356262,9.227337419986725,-1.4151992797851563
518, -0.11781185865402222,9.415376245975494,-1.1434822082519531
519, -0.26639071106910706,8.007895052433014,-0.6575202941894531
520, 0.26707970444113016,8.471504747867584,-1.1219139099121094
521, -0.09126231074333191,9.328043520450592,0.06271743774414063
522, -0.04234924912452698,9.579509317874908,0.33835601806640625
523, -0.21786347031593323,9.214899599552155,-0.22565078735351563
524, 0.33160271868109703,9.789805948734283,-0.25327301025390625
525, -0.08392557501792908,9.414645731449127,-0.144500732421875
526, 0.36336734145879745,9.962395250797272,-0.18412399291992188
527, 0.8161530196666718,10.342502176761627,-0.2801971435546875
528, 1.1584694683551788,10.20538479089737,0.061702728271484375
529, 1.2342075407505035,9.449313700199127,0.1319122314453125
530, 1.0416739881038666,8.903459131717682,0.4688835144042969
531, 2.0492728650569916,8.655162394046783,-0.441192626953125
532, 1.508847326040268,8.15284115076065,0.7277603149414063
533, 1.9813044965267181,8.346928179264069,-0.4052581787109375
534, 1.3602891862392426,9.07286411523819,1.0855522155761719
535, 0.5516313314437866,9.688816606998444,0.5116920471191406
536, 0.8035033643245697,8.965817987918854,0.3423118591308594
537, 0.701751708984375,9.755080759525299,0.7906494140625
538, 0.9191939532756805,10.136366426944733,1.5830726623535156
539, 1.0000340044498444,9.85918003320694,0.7636337280273438
540, 1.7555051743984222,10.632803499698639,1.4314498901367188
541, 2.1208501756191254,10.428768694400787,1.5505256652832031
542, 1.94373819231987,10.060931742191315,1.2274017333984375
543, 1.5920939147472382,9.667623102664948,1.3820686340332031
544, 1.879247397184372,8.69895988702774,1.1795234680175781
545, 2.693168967962265,8.182585299015045,2.4198265075683594
546, 2.7163487374782562,7.318455278873444,1.3682861328125
547, 2.1682961881160736,7.508934557437897,1.6231765747070313
548, 2.5708387792110443,7.41485983133316,0.6306686401367188
549, 3.4324088990688324,7.788293421268463,0.3381805419921875
550, 3.4059365689754486,7.458327829837799,-0.3402824401855469
551, 3.2159479558467865,8.223717272281647,-0.3540763854980469
552, 3.0193649232387543,7.348468840122223,-0.4042701721191406
553, 2.473454087972641,7.024383127689362,-1.5245780944824219
554, 3.0170479714870453,6.682733118534088,-0.635772705078125
555, 3.0135770738124847,6.87060409784317,-0.5962905883789063
556, 2.9212377965450287,7.108293116092682,0.07949447631835938
557, 2.1077174842357635,6.858514845371246,-0.07606887817382813
558, 1.7230987250804901,7.289365351200104,-1.2727928161621094
559, 3.65127095580101,7.596855700016022,-2.817005157470703
560, 4.254642575979233,6.66174989938736,-2.8253822326660156
561, 3.6684430539608,7.5034127831459045,-3.3220901489257813
562, 4.063422530889511,9.050898134708405,-3.0266990661621094
563, 3.637673944234848,8.86133724451065,-4.368862152099609
564, 2.729675382375717,8.498595774173737,-3.255096435546875
565, 3.116368144750595,8.363488733768463,-3.7199134826660156
566, 2.7047124803066254,8.578027307987213,-3.5891189575195313
567, 3.0319696366786957,9.438724100589752,-3.9732933044433594
568, 2.145877331495285,9.861583292484283,-3.7366981506347656
569, 2.7824991643428802,9.583242952823639,-3.14251708984375
570, 2.325232833623886,9.65600448846817,-2.8908462524414063
571, 3.0848377645015717,9.474806368350983,-2.399913787841797
572, 3.186569780111313,8.913713991641998,-2.584064483642578
573, 3.0317128598690033,8.88376671075821,-2.305194854736328
574, 3.547133058309555,9.238344728946686,-1.6464118957519531
575, 3.5227006375789642,9.151886522769928,-2.006175994873047
576, 4.098583549261093,8.129205286502838,-2.2307662963867188
577, 4.536128848791122,9.063898622989655,-2.6802711486816406
578, 3.8325975835323334,8.77148586511612,-2.9122772216796875
579, 3.774359554052353,8.821029245853424,-3.6437149047851563
580, 4.420678466558456,8.799054682254791,-3.688934326171875
581, 5.290958255529404,9.51790577173233,-3.557544708251953
582, 5.203425735235214,9.795418322086334,-4.056632995605469
583, 5.664122432470322,9.858056604862213,-4.435115814208984
584, 5.792606681585312,9.732263147830963,-5.737438201904297
585, 4.314965099096298,9.69731193780899,-4.723400115966797
586, 4.403922408819199,10.18271404504776,-4.313549041748047
587, 5.909042686223984,10.01791626214981,-3.142108917236328
588, 5.5861638486385345,10.803518831729889,-4.031757354736328
589, 5.830293983221054,10.258619844913483,-4.457942962646484
590, 6.111081928014755,10.13211876153946,-4.109516143798828
591, 6.550766319036484,10.049375116825104,-3.330310821533203
592, 6.3767379224300385,10.889957010746002,-3.3056106567382813
593, 6.680929034948349,10.065996706485748,-3.0457611083984375
594, 5.8856538236141205,10.046294748783112,-3.9361228942871094
595, 6.01457867026329,11.266980707645416,-3.421489715576172
596, 6.6140731275081635,12.147170603275299,-3.3479881286621094
597, 6.545332282781601,12.108987390995026,-2.9330482482910156
598, 6.061252921819687,13.144719660282135,-3.2134246826171875
599, 7.8350580632686615,13.489608347415924,-4.215938568115234
600, 8.436666816473007,14.371264040470123,-3.7475967407226563
601, 8.2863048017025,14.963782846927643,-4.2722320556640625
602, 6.903861850500107,15.040422022342682,-4.2348480224609375
603, 5.226184219121933,15.092048227787018,-4.322589874267578
604, 5.544041961431503,14.456898272037506,-4.7928619384765625
605, 5.550018638372421,14.660818636417389,-4.4633331298828125
606, 5.594559520483017,14.26416927576065,-4.574012756347656
607, 5.674218028783798,13.955265581607819,-6.221405029296875
608, 5.512529700994492,14.531371653079987,-6.45745849609375
609, 4.481344074010849,14.639729082584381,-5.851634979248047
610, 4.865988105535507,15.314885675907135,-6.659435272216797
611, 5.042102664709091,16.325012743473053,-6.734981536865234
612, 4.597940295934677,15.473249971866608,-6.7135162353515625
613, 3.8258679807186127,15.22433716058731,-7.172996520996094
614, 2.7449725568294525,15.34008651971817,-7.297885894775391
615, 3.598301738500595,16.039688646793365,-8.322677612304688
616, 4.0971337258815765,15.320693552494049,-8.065391540527344
617, 4.755664199590683,15.027700960636139,-7.4712371826171875
618, 4.2803023755550385,15.134172976016998,-8.093826293945313
619, 4.2824409902095795,15.60488373041153,-7.919498443603516
620, 3.374229282140732,15.87076622247696,-8.323234558105469
621, 3.0015638768672943,15.300009310245514,-8.373355865478516
622, 2.934314340353012,15.135293543338776,-8.10943603515625
623, 4.603597968816757,16.49817329645157,-7.2476806640625
624, 4.69893154501915,16.983076632022858,-7.948925018310547
625, 4.858418792486191,16.692247927188873,-7.826793670654297
626, 5.027856200933456,16.257910311222076,-7.0193328857421875
627, 4.694144576787949,16.227188646793365,-7.124668121337891
628, 5.268302291631699,15.529791414737701,-6.910850524902344
629, 4.636133998632431,16.063416063785553,-7.233379364013672
630, 5.056332439184189,15.903851091861725,-6.7782135009765625
631, 5.0333236157894135,16.639513552188873,-6.969783782958984
632, 4.902856677770615,16.45558601617813,-6.887886047363281
633, 5.6118806302547455,16.49469619989395,-6.4143524169921875
634, 6.4631637036800385,17.11446624994278,-5.8546295166015625
635, 6.651286453008652,16.997730791568756,-5.7813720703125
636, 6.7907746732234955,17.10703331232071,-6.5523223876953125
637, 5.617028087377548,15.783796846866608,-6.1810302734375
638, 5.616203635931015,15.21377044916153,-6.266841888427734
639, 5.182697623968124,14.480171740055084,-6.588764190673828
640, 5.942232459783554,14.435730516910553,-5.456645965576172
641, 5.839136928319931,14.821305811405182,-5.443534851074219
642, 5.596692889928818,15.780142366886139,-5.915431976318359
643, 5.070732921361923,15.532614290714264,-6.312713623046875
644, 4.2544094026088715,15.854441225528717,-6.45526123046875
645, 3.188123792409897,14.823125422000885,-5.969272613525391
646, 3.95907124876976,14.737756311893463,-6.915653228759766
647, 3.000278800725937,15.248948633670807,-7.271186828613281
648, 2.4805446565151215,14.48040634393692,-6.012523651123047
649, 2.8753713071346283,13.701458513736725,-6.398929595947266
650, 3.5129450261592865,13.090678751468658,-6.4775848388671875
651, 4.774677127599716,12.785602152347565,-6.962493896484375
652, 4.319503158330917,12.082818567752838,-7.372051239013672
653, 4.021036714315414,12.592420160770416,-6.882633209228516
654, 4.6618636548519135,12.092272341251373,-5.8789215087890625
655, 6.011794894933701,12.198848307132721,-5.858142852783203
656, 6.653270572423935,13.206301271915436,-6.6008453369140625
657, 6.34330353140831,11.745226442813873,-6.609779357910156
658, 6.065740913152695,11.244520723819733,-6.429859161376953
659, 5.245985835790634,12.02497535943985,-6.759120941162109
660, 6.368098109960556,13.263623774051666,-6.986663818359375
661, 6.896538108587265,12.60125595331192,-7.138065338134766
662, 6.69628843665123,11.786189615726471,-7.3285980224609375
663, 6.873738139867783,13.064391672611237,-7.7621917724609375
664, 8.029727309942245,12.910369455814362,-8.200126647949219
665, 8.639746993780136,12.894107401371002,-9.507980346679688
666, 8.588219970464706,12.369268953800201,-9.22552490234375
667, 8.831594794988632,13.023862421512604,-9.132526397705078
668, 6.779266208410263,13.352888643741608,-9.734779357910156
669, 6.932051032781601,13.198195993900299,-9.370166778564453
670, 6.340459197759628,13.284603655338287,-10.876590728759766
671, 6.764608711004257,13.424286425113678,-10.926322937011719
672, 7.743814319372177,13.570885241031647,-11.794342041015625
673, 7.891261428594589,14.226407587528229,-12.098773956298828
674, 7.705674022436142,13.38627678155899,-11.488420486450195
675, 7.698788017034531,11.688181459903717,-11.228797912597656
676, 7.6371773183345795,12.005143702030182,-10.821903228759766
677, 7.440194457769394,12.005796015262604,-10.553417205810547
678, 6.623292773962021,12.884522020816803,-10.176589965820313
679, 6.7080815732479095,12.734427034854889,-9.807193756103516
680, 6.020322650671005,12.038341104984283,-8.812728881835938
681, 5.779145568609238,12.019692957401276,-9.402175903320313
682, 5.819332450628281,12.36990886926651,-9.69040298461914
683, 6.304870933294296,12.071183741092682,-8.41204833984375
684, 6.386450618505478,11.15420776605606,-8.993316650390625
685, 6.401676505804062,11.370360910892487,-8.704185485839844
686, 5.129793018102646,12.218197405338287,-9.151229858398438
687, 5.132006019353867,11.59139496088028,-9.471336364746094
688, 6.192863315343857,11.834218561649323,-8.863258361816406
689, 6.385474056005478,12.133789598941803,-9.031700134277344
690, 6.650165885686874,11.853735506534576,-8.506462097167969
691, 6.037988990545273,11.447079241275787,-8.068183898925781
692, 6.022761195898056,11.383462488651276,-8.060646057128906
693, 5.722029060125351,11.78397136926651,-7.4718017578125
694, 6.526055186986923,11.204063951969147,-7.169891357421875
695, 6.899741023778915,10.821428835391998,-7.83477783203125
696, 6.801784366369247,10.602785646915436,-7.654438018798828
697, 6.734532684087753,10.855583727359772,-7.952796936035156
698, 5.871783584356308,11.65763908624649,-6.7855072021484375
699, 5.724446624517441,11.671514093875885,-6.373313903808594
700, 5.991108268499374,12.376119196414948,-7.120811462402344
701, 5.9009173810482025,11.503105700016022,-7.736286163330078
702, 4.270639032125473,11.198573648929596,-7.053840637207031
703, 4.160697788000107,11.417379915714264,-6.4696197509765625
704, 3.769409269094467,10.782863199710846,-7.131893157958984
705, 4.863113731145859,11.771669924259186,-6.73626708984375
706, 4.856047481298447,11.734407007694244,-8.416576385498047
707, 5.4422310292720795,11.642531931400299,-7.783374786376953
708, 5.425252765417099,10.947263300418854,-7.480823516845703
709, 6.163186401128769,11.312313616275787,-7.972156524658203
710, 5.839835971593857,12.235148966312408,-7.028560638427734
711, 5.405443996191025,10.877225458621979,-7.041591644287109
712, 5.273664802312851,11.581672251224518,-6.807838439941406
713, 5.167060703039169,11.649581491947174,-7.395118713378906
714, 5.340198844671249,12.144583284854889,-8.202194213867188
715, 6.291058391332626,12.061595499515533,-7.8853759765625
716, 6.12069496512413,13.410055696964264,-7.293769836425781
717, 5.5966571271419525,12.94620567560196,-7.746646881103516
718, 5.042468398809433,12.408717691898346,-8.515865325927734
719, 4.553084701299667,13.420704424381256,-8.200759887695313
720, 5.050290435552597,13.381198465824127,-8.811569213867188
721, 3.733316272497177,13.56380707025528,-8.811481475830078
722, 4.892352432012558,13.614886820316315,-8.804801940917969
723, 5.249640792608261,13.318325579166412,-8.183059692382813
724, 6.295913547277451,13.209928095340729,-7.879436492919922
725, 6.824991554021835,13.38540893793106,-7.964153289794922
726, 6.7034943997859955,13.449214518070221,-7.017971038818359
727, 7.259843677282333,13.10990196466446,-7.5931396484375
728, 7.543225139379501,12.577445566654205,-7.478668212890625
729, 7.073025077581406,11.692986071109772,-8.203140258789063
730, 7.948570102453232,12.08999115228653,-7.9779052734375
731, 8.416931480169296,11.69559246301651,-7.487331390380859
732, 8.583549827337265,12.050725519657135,-6.947689056396484
733, 9.127225250005722,10.97558742761612,-6.814693450927734
734, 9.050437301397324,11.163125574588776,-6.802806854248047
735, 8.670803397893906,11.670457422733307,-6.984661102294922
736, 8.755327552556992,11.956938326358795,-6.967311859130859
737, 9.211524337530136,11.726008951663971,-6.6917724609375
738, 10.881488174200058,11.033046305179596,-5.567573547363281
739, 10.122801154851913,11.980834543704987,-5.622779846191406
740, 11.31331381201744,12.015802919864655,-6.286258697509766
741, 11.08903631567955,13.6823850274086,-7.233875274658203
742, 11.321387618780136,12.98065048456192,-7.065235137939453
743, 11.446640342473984,12.358693659305573,-6.918033599853516
744, 11.350006431341171,12.565668642520905,-7.15771484375
745, 12.098326057195663,12.826424181461334,-7.530612945556641
746, 11.851363509893417,12.550036013126373,-6.796390533447266
747, 10.891644805669785,11.253644526004791,-7.2677001953125
748, 10.708649009466171,12.140442430973053,-7.518058776855469
749, 10.408916801214218,11.137406885623932,-6.87322998046875
750, 10.633123725652695,11.867099344730377,-6.372905731201172
751, 10.459605544805527,12.093885958194733,-5.752239227294922
752, 10.123817771673203,12.510793268680573,-6.530124664306641
753, 9.263947814702988,11.932744562625885,-6.380363464355469
754, 8.886878341436386,11.717526972293854,-6.5784912109375
755, 8.391718238592148,12.941711962223053,-6.371044158935547
756, 8.125724643468857,13.704773485660553,-6.981803894042969
757, 7.6425460278987885,12.389789164066315,-7.476127624511719
758, 8.244732707738876,12.555764734745026,-7.812557220458984
759, 7.66289696097374,12.242088854312897,-7.4293365478515625
760, 6.739400237798691,12.77877002954483,-6.478519439697266
761, 7.734213680028915,12.83890014886856,-6.350742340087891
762, 7.0629046857357025,13.173543512821198,-6.523693084716797
763, 6.310426563024521,13.2299285531044,-5.991706848144531
764, 5.286062568426132,13.857975542545319,-5.414913177490234
765, 6.059323161840439,13.93240600824356,-5.606967926025391
766, 5.124630779027939,14.458513796329498,-6.522651672363281
767, 5.137988895177841,14.456235468387604,-5.270782470703125
768, 5.589907020330429,13.568969309329987,-5.389961242675781
769, 5.930657237768173,14.376311838626862,-4.888587951660156
770, 6.310635417699814,14.485139429569244,-6.242488861083984
771, 6.190034240484238,13.989923059940338,-5.8419647216796875
772, 6.354163974523544,13.611546099185944,-6.594268798828125
773, 6.767124027013779,13.075806200504303,-6.203807830810547
774, 7.278634399175644,12.523930132389069,-6.07928466796875
775, 6.613819926977158,11.929448664188385,-7.573127746582031
776, 5.959163516759872,12.234845697879791,-8.412590026855469
777, 6.344698280096054,12.65753322839737,-8.164604187011719
778, 6.41594871878624,12.341894686222076,-9.03973388671875
779, 6.856419891119003,13.135962069034576,-7.616573333740234
780, 6.889820426702499,13.68612915277481,-7.458446502685547
781, 6.299447864294052,14.731989443302155,-7.240863800048828
782, 6.969799369573593,14.989727556705475,-7.382362365722656
783, 7.207354873418808,14.565909922122955,-6.819236755371094
784, 6.759211868047714,13.784166872501373,-7.801227569580078
785, 6.859686225652695,13.950503885746002,-8.208049774169922
786, 5.777309268712997,13.486275255680084,-8.38668441772461
787, 6.933389514684677,12.460174143314362,-8.226398468017578
788, 7.650012820959091,13.034816324710846,-8.289558410644531
789, 7.610444873571396,11.462548792362213,-7.812652587890625
790, 7.507494777441025,10.72400814294815,-7.706504821777344
791, 8.505323737859726,11.245810091495514,-8.008487701416016
792, 7.844606727361679,11.949767649173737,-8.46405029296875
793, 7.464141696691513,11.679616510868073,-8.376075744628906
794, 6.110163062810898,11.212744295597076,-10.10818099975586
795, 5.800783485174179,11.21397739648819,-9.926162719726563
796, 5.219575256109238,10.930995523929596,-10.54806137084961
797, 4.939483970403671,11.526678621768951,-10.44809341430664
798, 5.587952941656113,11.958763659000397,-10.27496337890625
799, 5.8009065091609955,12.380386888980865,-11.11654281616211
800, 6.278308242559433,11.818191111087799,-11.189449310302734
801, 6.4445198476314545,10.945267260074615,-10.971187591552734
802, 6.627631992101669,11.901021540164948,-10.116714477539063
803, 6.938328117132187,12.161370813846588,-10.16802978515625
804, 5.74593386054039,11.678872644901276,-10.363723754882813
805, 5.448085635900497,12.057909548282623,-9.494426727294922
806, 6.526051849126816,11.467693865299225,-9.526359558105469
807, 5.919279903173447,12.331421434879303,-9.320388793945313
808, 6.243487685918808,12.42605835199356,-9.651161193847656
809, 7.045006603002548,11.958355486392975,-10.211883544921875
810, 6.469502776861191,12.35733562707901,-9.760501861572266
811, 6.003807872533798,11.709182322025299,-9.67013931274414
812, 5.657490581274033,10.210933268070221,-9.805389404296875
813, 6.240914672613144,9.522019922733307,-9.62002182006836
814, 6.4147747457027435,9.947337687015533,-10.32907485961914
815, 6.529316276311874,10.169024050235748,-10.154144287109375
816, 6.979620307683945,10.34110027551651,-9.74935531616211
817, 7.169473975896835,10.159079134464264,-10.03665542602539
818, 6.607738822698593,10.017530024051666,-11.0321044921875
819, 6.297571033239365,9.838653147220612,-11.44778060913086
820, 5.765923827886581,9.762069284915924,-10.73965835571289
821, 6.446639388799667,9.403729975223541,-10.187095642089844
822, 6.670765727758408,8.580474436283112,-9.691444396972656
823, 7.662549823522568,8.44364219903946,-9.591323852539063
824, 7.451169341802597,8.661119043827057,-9.515087127685547
825, 7.253976672887802,8.03259140253067,-9.37076187133789
826, 7.338343948125839,8.776238977909088,-9.501018524169922
827, 8.104843467473984,8.997525751590729,-9.21224594116211
828, 8.00284942984581,8.933878481388092,-8.815155029296875
829, 7.652211993932724,9.851971209049225,-8.973560333251953
830, 7.7646306455135345,9.443034708499908,-10.22482681274414
831, 9.705091804265976,9.059830248355865,-10.737781524658203
832, 9.557414382696152,9.35595566034317,-10.33505630493164
833, 8.903005927801132,10.415436327457428,-11.027145385742188
834, 9.166304916143417,10.65965324640274,-10.299095153808594
835, 8.365776389837265,11.289051592350006,-10.617530822753906
836, 8.980427116155624,10.767530024051666,-10.512996673583984
837, 8.266843169927597,11.547776758670807,-11.092742919921875
838, 8.486235946416855,11.791435778141022,-11.016742706298828
839, 8.49390634894371,12.18159157037735,-10.274223327636719
840, 7.9874628484249115,12.525204241275787,-11.699943542480469
841, 8.174155086278915,12.523993074893951,-11.367557525634766
842, 8.26123794913292,12.601580202579498,-11.813692092895508
843, 8.603246062994003,13.663590967655182,-11.150012969970703
844, 8.816437095403671,14.522545397281647,-10.56103515625
845, 8.898099273443222,14.066884577274323,-10.859771728515625
846, 8.88177427649498,13.929132044315338,-10.773155212402344
847, 8.730646461248398,14.188046038150787,-11.184856414794922
848, 8.664540618658066,13.623809397220612,-11.18082046508789
849, 9.00015577673912,13.866425096988678,-11.117012023925781
850, 9.180598586797714,13.955279886722565,-11.265010833740234
851, 9.922283500432968,14.048697054386139,-12.027524948120117
852, 8.954693168401718,14.465247690677643,-11.80710220336914
853, 9.339485496282578,13.955976068973541,-12.105684280395508
854, 10.138767570257187,14.69389683008194,-12.69729995727539
855, 10.58088430762291,14.31230217218399,-12.515464782714844
856, 11.040055602788925,14.111802637577057,-11.717121124267578
857, 10.46561273932457,13.686988413333893,-11.96420669555664
858, 10.712058395147324,11.891051828861237,-11.818122863769531
859, 10.292182296514511,12.20213657617569,-11.999521255493164
860, 11.21555170416832,12.500702440738678,-11.272388458251953
861, 10.387211173772812,13.653931200504303,-11.443859100341797
862, 11.621404021978378,13.868655741214752,-11.63260269165039
863, 12.701876014471054,13.718023836612701,-12.291267395019531
864, 11.971759170293808,13.381767809391022,-12.840948104858398
865, 11.394499152898788,14.320207178592682,-12.537630081176758
866, 10.513770431280136,13.64611679315567,-11.573078155517578
867, 11.43335947394371,14.285410463809967,-11.936511993408203
868, 11.7726911008358,13.832426607608795,-11.794057846069336
869, 11.866509765386581,13.178269922733307,-11.705564498901367
870, 11.203371375799179,13.4109006524086,-10.891937255859375
871, 10.921608299016953,13.47970062494278,-10.570602416992188
872, 10.109647125005722,13.968429148197174,-11.288578033447266
873, 9.365080207586288,13.357485353946686,-10.78424072265625
874, 9.722382873296738,14.00712639093399,-10.948238372802734
875, 10.352590888738632,14.16471916437149,-10.599292755126953
876, 10.42062982916832,13.691693842411041,-9.995319366455078
877, 10.070230811834335,14.001370012760162,-10.913738250732422
878, 9.559382766485214,12.797146379947662,-9.551166534423828
879, 9.13194689154625,12.920539438724518,-8.912273406982422
880, 7.922844260931015,11.647075235843658,-8.561553955078125
881, 7.694204181432724,12.94824367761612,-8.485664367675781
882, 6.640035003423691,13.22607284784317,-9.067493438720703
883, 7.176520198583603,13.456244051456451,-9.5670166015625
884, 8.197855323553085,13.768109858036041,-8.82196044921875
885, 7.668843120336533,13.496030390262604,-8.50299072265625
886, 7.904860824346542,13.618821680545807,-8.16707992553711
887, 8.162179321050644,13.834729731082916,-8.065841674804688
888, 9.278986304998398,14.727969706058502,-7.5727996826171875
889, 8.973983138799667,16.160484850406647,-7.414276123046875
890, 8.01878246665001,15.67464691400528,-8.056385040283203
891, 8.37429079413414,15.372110903263092,-8.30804443359375
892, 9.003815978765488,14.448991358280182,-9.333938598632813
893, 9.637100547552109,13.779926836490631,-9.292125701904297
894, 9.451336234807968,13.302289545536041,-9.327606201171875
895, 7.901730388402939,13.378630220890045,-8.753288269042969
896, 8.0093854367733,14.16367393732071,-9.007713317871094
897, 7.528241962194443,14.08629184961319,-8.909927368164063
898, 7.972022384405136,13.606655657291412,-8.77114486694336
899, 6.991365283727646,13.959764063358307,-7.835109710693359
900, 6.66323122382164,14.175463259220123,-7.767570495605469
901, 6.320760577917099,14.200985491275787,-8.914119720458984
902, 6.813951820135117,13.1007781624794,-8.399349212646484
903, 7.0108502805233,13.6787229180336,-9.38250732421875
904, 7.332822650671005,12.83218914270401,-8.869270324707031
905, 6.966256946325302,12.3764768242836,-8.80770492553711
906, 6.844511836767197,12.521965563297272,-8.606197357177734
907, 7.389954894781113,13.356431543827057,-8.233844757080078
908, 6.694206565618515,13.037933886051178,-7.991954803466797
909, 6.77602943778038,12.800756990909576,-8.156360626220703
910, 7.034014075994492,13.362273752689362,-7.619209289550781
911, 6.597311347723007,12.621398508548737,-7.8194732666015625
912, 6.736957401037216,11.603519022464752,-8.376827239990234
913, 6.734449714422226,11.207344591617584,-8.482704162597656
914, 7.7445453107357025,11.541912615299225,-8.260570526123047
915, 7.845084995031357,10.657043993473053,-8.31271743774414
916, 7.915843337774277,11.426897585391998,-9.184585571289063
917, 7.413215488195419,11.701500475406647,-9.543983459472656
918, 7.9655207097530365,12.767059862613678,-9.36642074584961
919, 8.386239379644394,14.070461809635162,-9.094676971435547
920, 8.483354896306992,14.253249704837799,-9.065540313720703
921, 8.900698035955429,13.409943163394928,-9.391353607177734
922, 9.084608405828476,13.324857294559479,-9.682109832763672
923, 8.933464378118515,13.093746721744537,-9.960563659667969
924, 8.897836059331894,12.948768198490143,-9.89004898071289
925, 9.11403688788414,13.078618586063385,-9.478832244873047
926, 9.414605468511581,12.529156267642975,-9.694881439208984
927, 9.541769355535507,13.064901888370514,-9.775440216064453
928, 9.114213317632675,13.73287159204483,-9.688465118408203
929, 9.03868517279625,12.843769609928131,-9.595470428466797
930, 9.248675674200058,12.539834558963776,-8.657779693603516
931, 8.489800781011581,13.527958452701569,-9.476085662841797
932, 8.31108221411705,12.864164888858795,-9.714122772216797
933, 8.002971023321152,12.52842003107071,-10.000003814697266
934, 7.631833404302597,11.6590057015419,-10.240528106689453
935, 7.0063603818416595,11.008606493473053,-10.924869537353516
936, 6.919731467962265,10.786943018436432,-11.674100875854492
937, 6.501521915197372,10.724319994449615,-12.299884796142578
938, 6.74889263510704,11.719886362552643,-11.773954391479492
939, 6.013730376958847,11.445952951908112,-11.526084899902344
940, 6.714671939611435,11.350482523441315,-11.504644393920898
941, 6.874733775854111,11.544681131839752,-10.724891662597656
942, 7.531238406896591,11.682712137699127,-12.001903533935547
943, 7.710033267736435,11.245523035526276,-11.103645324707031
944, 7.418934673070908,11.551734507083893,-12.224325180053711
945, 7.513747543096542,12.075763285160065,-11.270870208740234
946, 7.702183097600937,11.506558954715729,-11.33321762084961
947, 7.575513690710068,11.766710817813873,-11.566478729248047
948, 7.983040660619736,10.897737085819244,-11.698070526123047
949, 8.592105239629745,11.864863932132721,-11.63454818725586
950, 7.652520030736923,11.02608448266983,-12.060579299926758
951, 7.611016601324081,12.38924366235733,-11.588327407836914
952, 7.676679462194443,13.016519129276276,-12.37074089050293
953, 8.751984924077988,13.409580767154694,-12.351743698120117
954, 8.855062812566757,13.160954058170319,-12.776479721069336
955, 8.85373529791832,13.834534227848053,-13.266206741333008
956, 8.500804275274277,14.00042587518692,-12.551687240600586
957, 7.255227416753769,14.340214312076569,-12.344118118286133
958, 7.832774966955185,15.104159891605377,-12.442527770996094
959, 7.540545791387558,15.242943346500397,-12.294321060180664
960, 7.834803432226181,15.504347383975983,-12.107812881469727
961, 7.407767623662949,15.966242372989655,-12.214553833007813
962, 7.039042800664902,15.772198259830475,-11.190605163574219
963, 7.137225478887558,15.337591707706451,-10.723072052001953
964, 7.433588355779648,14.948077738285065,-11.37607192993164
965, 6.033920139074326,15.446556627750397,-11.221755981445313
966, 5.5200932919979095,15.340360224246979,-11.488601684570313
967, 5.2389629781246185,14.338017046451569,-11.604721069335938
968, 5.985571712255478,14.334559977054596,-10.962394714355469
969, 6.393704265356064,13.905336916446686,-10.403888702392578
970, 5.880976527929306,13.737335741519928,-10.617645263671875
971, 5.613103240728378,13.941796839237213,-10.686958312988281
972, 4.493663161993027,14.298124849796295,-11.389968872070313
973, 3.804858535528183,13.785212099552155,-11.199710845947266
974, 4.9968012273311615,12.64618068933487,-10.85968017578125
975, 5.180323928594589,12.61635833978653,-11.967573165893555
976, 4.592696040868759,11.968651354312897,-11.087654113769531
977, 4.328190177679062,13.183466494083405,-11.265640258789063
978, 4.010266870260239,13.24168449640274,-10.803939819335938
979, 4.125972598791122,12.747911036014557,-10.014942169189453
980, 4.586596816778183,12.663712084293365,-10.45290756225586
981, 3.8150013387203217,13.285355150699615,-10.30453109741211
982, 3.9518929421901703,13.874506533145905,-10.07827377319336
983, 3.9856856763362885,14.648013651371002,-9.945301055908203
984, 2.3892227113246918,15.251150667667389,-9.820613861083984
985, 2.141413539648056,15.652811586856842,-9.20656967163086
986, 1.8358295857906342,15.371528208255768,-9.833354949951172
987, 2.298731654882431,16.109741747379303,-9.273029327392578
988, 2.8390229642391205,15.10958057641983,-9.466361999511719
989, 3.187800258398056,15.760168612003326,-8.46146011352539
990, 4.060094445943832,15.565851747989655,-8.628459930419922
991, 4.199075549840927,15.18954998254776,-9.427043914794922
992, 4.289399951696396,15.345665514469147,-8.978656768798828
993, 4.738959640264511,15.71733146905899,-8.785835266113281
994, 3.7175370156764984,15.269098818302155,-8.358844757080078
995, 3.858105033636093,15.601864397525787,-7.852272033691406
996, 5.016144126653671,16.10434776544571,-8.10556411743164
997, 5.3410018384456635,15.519928514957428,-7.0554046630859375
998, 5.588985770940781,15.732729494571686,-7.149650573730469
999, 5.692624896764755,16.276085436344147,-6.701648712158203
