POSE, FRAME, ANGLE
sw06, 0, 147.55769489048407
sw06, 1, 147.55769489048407
sw06, 2, 147.55769489048407
sw06, 3, 147.55769489048407
sw06, 4, 147.55769489048407
sw06, 5, 147.55769489048407
sw06, 6, 147.55769489048407
sw06, 7, 147.55769489048407
sw06, 8, 147.55769489048407
sw06, 9, 147.55769489048407
sw06, 10, 147.55769489048407
sw06, 11, 147.55769489048407
sw06, 12, 147.55769489048407
sw06, 13, 147.55769489048407
sw06, 14, 147.55769489048407
sw06, 15, 147.55769489048407
sw06, 16, 147.55769489048407
sw06, 17, 147.55769489048407
sw06, 18, 147.55769489048407
sw06, 19, 147.55769489048407
sw06, 20, 147.55769489048407
sw06, 21, 147.55769489048407
sw06, 22, 147.55769489048407
sw06, 23, 147.55769489048407
sw06, 24, 147.55769489048407
sw06, 25, 147.55769489048407
sw06, 26, 147.55769489048407
sw06, 27, 147.55769489048407
sw06, 28, 147.55769489048407
sw06, 29, 147.55769489048407
sw06, 30, 147.55769489048407
sw06, 31, 147.55769489048407
sw06, 32, 147.55769489048407
sw06, 33, 147.55769489048407
sw06, 34, 147.55769489048407
sw06, 35, 147.55769489048407
sw06, 36, 147.55769489048407
sw06, 37, 147.55769489048407
sw06, 38, 147.55769489048407
sw06, 39, 147.55769489048407
sw06, 40, 147.55769489048407
sw06, 41, 147.55769489048407
sw06, 42, 147.55769489048407
sw06, 43, 147.55769489048407
sw06, 44, 147.55769489048407
sw06, 45, 147.55769489048407
sw06, 46, 147.55769489048407
sw06, 47, 147.55769489048407
sw06, 48, 147.55769489048407
sw06, 49, 147.55769489048407
sw06, 50, 147.55769489048407
sw06, 51, 147.55769489048407
sw06, 52, 147.55769489048407
sw06, 53, 147.55769489048407
sw06, 54, 147.55769489048407
sw06, 55, 147.55769489048407
sw06, 56, 147.55769489048407
sw06, 57, 147.55769489048407
sw06, 58, 147.55769489048407
sw06, 59, 147.55769489048407
sw06, 60, 147.55769489048407
sw06, 61, 147.55769489048407
sw06, 62, 147.55769489048407
sw06, 63, 147.55769489048407
sw06, 64, 147.55769489048407
sw06, 65, 147.55769489048407
sw06, 66, 147.55769489048407
sw06, 67, 147.55769489048407
sw06, 68, 147.55769489048407
sw06, 69, 147.55769489048407
sw06, 70, 147.55769489048407
sw06, 71, 147.55769489048407
sw06, 72, 147.55769489048407
sw06, 73, 147.55769489048407
sw06, 74, 147.55769489048407
sw06, 75, 147.55769489048407
sw06, 76, 147.55769489048407
sw06, 77, 147.55769489048407
sw06, 78, 147.55769489048407
sw06, 79, 147.55769489048407
sw06, 80, 147.55769489048407
sw06, 81, 147.55769489048407
sw06, 82, 147.55769489048407
sw06, 83, 147.55769489048407
sw06, 84, 147.55769489048407
sw06, 85, 147.55769489048407
sw06, 86, 147.55769489048407
sw06, 87, 147.55769489048407
sw06, 88, 147.55769489048407
sw06, 89, 147.55769489048407
sw06, 90, 147.55769489048407
sw06, 91, 147.55769489048407
sw06, 92, 147.55769489048407
sw06, 93, 147.55769489048407
sw06, 94, 147.55769489048407
sw06, 95, 147.55769489048407
sw06, 96, 147.55769489048407
sw06, 97, 147.55769489048407
sw06, 98, 147.55769489048407
sw06, 99, 147.55769489048407
sw06, 100, 147.55769489048407
sw06, 101, 147.55769489048407
sw06, 102, 147.55769489048407
sw06, 103, 147.55769489048407
sw06, 104, 147.55769489048407
sw06, 105, 147.55769489048407
sw06, 106, 147.55769489048407
sw06, 107, 147.55769489048407
sw06, 108, 147.55769489048407
sw06, 109, 147.55769489048407
sw06, 110, 147.55769489048407
sw06, 111, 147.55769489048407
sw06, 112, 147.55769489048407
sw06, 113, 147.55769489048407
sw06, 114, 147.55769489048407
sw06, 115, 147.55769489048407
sw06, 116, 147.55769489048407
sw06, 117, 147.55769489048407
sw06, 118, 147.55769489048407
sw06, 119, 147.55769489048407
sw06, 120, 147.55769489048407
sw06, 121, 147.55769489048407
sw06, 122, 147.55769489048407
sw06, 123, 147.55769489048407
sw06, 124, 147.55769489048407
sw06, 125, 147.55769489048407
sw06, 126, 147.55769489048407
sw06, 127, 147.55769489048407
sw06, 128, 147.55769489048407
sw06, 129, 147.55769489048407
sw06, 130, 147.55769489048407
sw06, 131, 147.55769489048407
sw06, 132, 147.55769489048407
sw06, 133, 147.55769489048407
sw06, 134, 147.55769489048407
sw06, 135, 147.55769489048407
sw06, 136, 147.55769489048407
sw06, 137, 147.55769489048407
sw06, 138, 147.55769489048407
sw06, 139, 147.55769489048407
sw06, 140, 147.55769489048407
sw06, 141, 147.55769489048407
sw06, 142, 147.55769489048407
sw06, 143, 147.55769489048407
sw06, 144, 147.55769489048407
sw06, 145, 147.55769489048407
sw06, 146, 147.55769489048407
sw06, 147, 147.55769489048407
sw06, 148, 147.55769489048407
sw06, 149, 147.55769489048407
sw06, 150, 147.55769489048407
sw06, 151, 147.55769489048407
sw06, 152, 147.55769489048407
sw06, 153, 147.55769489048407
sw06, 154, 147.55769489048407
sw06, 155, 147.55769489048407
sw06, 156, 147.55769489048407
sw06, 157, 147.55769489048407
sw06, 158, 147.55769489048407
sw06, 159, 147.55769489048407
sw06, 160, 147.55769489048407
sw06, 161, 147.55769489048407
sw06, 162, 147.55769489048407
sw06, 163, 147.55769489048407
sw06, 164, 147.55769489048407
sw06, 165, 147.55769489048407
sw06, 166, 147.55769489048407
sw06, 167, 147.55769489048407
sw06, 168, 147.55769489048407
sw06, 169, 147.55769489048407
sw06, 170, 147.55769489048407
sw06, 171, 147.55769489048407
sw06, 172, 147.55769489048407
sw06, 173, 147.55769489048407
sw06, 174, 147.55769489048407
sw06, 175, 147.55769489048407
sw06, 176, 147.55769489048407
sw06, 177, 147.55769489048407
sw06, 178, 147.55769489048407
sw06, 179, 147.55769489048407
sw06, 180, 147.55769489048407
sw06, 181, 147.55769489048407
sw06, 182, 147.55769489048407
sw06, 183, 147.55769489048407
sw06, 184, 147.55769489048407
sw06, 185, 147.55769489048407
sw06, 186, 147.55769489048407
sw06, 187, 147.55769489048407
sw06, 188, 147.55769489048407
sw06, 189, 147.55769489048407
sw06, 190, 147.55769489048407
sw06, 191, 147.55769489048407
sw06, 192, 147.55769489048407
sw06, 193, 147.55769489048407
sw06, 194, 147.55769489048407
sw06, 195, 147.55769489048407
sw06, 196, 147.55769489048407
sw06, 197, 147.55769489048407
sw06, 198, 147.55769489048407
sw06, 199, 147.55769489048407
sw06, 200, 145.39544231577068
sw06, 201, 145.39544231577068
sw06, 202, 145.39544231577068
sw06, 203, 145.39544231577068
sw06, 204, 145.39544231577068
sw06, 205, 145.39544231577068
sw06, 206, 145.39544231577068
sw06, 207, 145.39544231577068
sw06, 208, 145.39544231577068
sw06, 209, 145.39544231577068
sw06, 210, 145.39544231577068
sw06, 211, 145.39544231577068
sw06, 212, 145.39544231577068
sw06, 213, 145.39544231577068
sw06, 214, 145.39544231577068
sw06, 215, 145.39544231577068
sw06, 216, 145.39544231577068
sw06, 217, 145.39544231577068
sw06, 218, 145.39544231577068
sw06, 219, 145.39544231577068
sw06, 220, 145.39544231577068
sw06, 221, 145.39544231577068
sw06, 222, 145.39544231577068
sw06, 223, 145.39544231577068
sw06, 224, 145.39544231577068
sw06, 225, 145.39544231577068
sw06, 226, 145.39544231577068
sw06, 227, 145.39544231577068
sw06, 228, 145.39544231577068
sw06, 229, 145.39544231577068
sw06, 230, 145.39544231577068
sw06, 231, 145.39544231577068
sw06, 232, 145.39544231577068
sw06, 233, 145.39544231577068
sw06, 234, 145.39544231577068
sw06, 235, 145.39544231577068
sw06, 236, 145.39544231577068
sw06, 237, 145.39544231577068
sw06, 238, 145.39544231577068
sw06, 239, 145.39544231577068
sw06, 240, 145.39544231577068
sw06, 241, 145.39544231577068
sw06, 242, 145.39544231577068
sw06, 243, 145.39544231577068
sw06, 244, 145.39544231577068
sw06, 245, 145.39544231577068
sw06, 246, 145.39544231577068
sw06, 247, 145.39544231577068
sw06, 248, 145.39544231577068
sw06, 249, 145.39544231577068
sw06, 250, 145.39544231577068
sw06, 251, 145.39544231577068
sw06, 252, 145.39544231577068
sw06, 253, 145.39544231577068
sw06, 254, 145.39544231577068
sw06, 255, 145.39544231577068
sw06, 256, 145.39544231577068
sw06, 257, 145.39544231577068
sw06, 258, 145.39544231577068
sw06, 259, 145.39544231577068
sw06, 260, 145.39544231577068
sw06, 261, 145.39544231577068
sw06, 262, 145.39544231577068
sw06, 263, 145.39544231577068
sw06, 264, 145.39544231577068
sw06, 265, 145.39544231577068
sw06, 266, 145.39544231577068
sw06, 267, 145.39544231577068
sw06, 268, 145.39544231577068
sw06, 269, 145.39544231577068
sw06, 270, 145.39544231577068
sw06, 271, 145.39544231577068
sw06, 272, 145.39544231577068
sw06, 273, 145.39544231577068
sw06, 274, 145.39544231577068
sw06, 275, 145.39544231577068
sw06, 276, 145.39544231577068
sw06, 277, 145.39544231577068
sw06, 278, 145.39544231577068
sw06, 279, 145.39544231577068
sw06, 280, 145.39544231577068
sw06, 281, 145.39544231577068
sw06, 282, 145.39544231577068
sw06, 283, 145.39544231577068
sw06, 284, 145.39544231577068
sw06, 285, 145.39544231577068
sw06, 286, 145.39544231577068
sw06, 287, 145.39544231577068
sw06, 288, 145.39544231577068
sw06, 289, 145.39544231577068
sw06, 290, 145.39544231577068
sw06, 291, 145.39544231577068
sw06, 292, 145.39544231577068
sw06, 293, 145.39544231577068
sw06, 294, 145.39544231577068
sw06, 295, 145.39544231577068
sw06, 296, 145.39544231577068
sw06, 297, 145.39544231577068
sw06, 298, 145.39544231577068
sw06, 299, 145.39544231577068
sw06, 300, 145.39544231577068
sw06, 301, 145.39544231577068
sw06, 302, 145.39544231577068
sw06, 303, 145.39544231577068
sw06, 304, 145.39544231577068
sw06, 305, 145.39544231577068
sw06, 306, 145.39544231577068
sw06, 307, 145.39544231577068
sw06, 308, 145.39544231577068
sw06, 309, 145.39544231577068
sw06, 310, 145.39544231577068
sw06, 311, 145.39544231577068
sw06, 312, 145.39544231577068
sw06, 313, 145.39544231577068
sw06, 314, 145.39544231577068
sw06, 315, 145.39544231577068
sw06, 316, 145.39544231577068
sw06, 317, 145.39544231577068
sw06, 318, 145.39544231577068
sw06, 319, 145.39544231577068
sw06, 320, 145.39544231577068
sw06, 321, 145.39544231577068
sw06, 322, 145.39544231577068
sw06, 323, 145.39544231577068
sw06, 324, 145.39544231577068
sw06, 325, 145.39544231577068
sw06, 326, 145.39544231577068
sw06, 327, 145.39544231577068
sw06, 328, 145.39544231577068
sw06, 329, 145.39544231577068
sw06, 330, 145.39544231577068
sw06, 331, 145.39544231577068
sw06, 332, 145.39544231577068
sw06, 333, 145.39544231577068
sw06, 334, 145.39544231577068
sw06, 335, 145.39544231577068
sw06, 336, 145.39544231577068
sw06, 337, 145.39544231577068
sw06, 338, 145.39544231577068
sw06, 339, 145.39544231577068
sw06, 340, 145.39544231577068
sw06, 341, 145.39544231577068
sw06, 342, 145.39544231577068
sw06, 343, 145.39544231577068
sw06, 344, 145.39544231577068
sw06, 345, 145.39544231577068
sw06, 346, 145.39544231577068
sw06, 347, 145.39544231577068
sw06, 348, 145.39544231577068
sw06, 349, 145.39544231577068
sw06, 350, 145.39544231577068
sw06, 351, 145.39544231577068
sw06, 352, 145.39544231577068
sw06, 353, 145.39544231577068
sw06, 354, 145.39544231577068
sw06, 355, 145.39544231577068
sw06, 356, 145.39544231577068
sw06, 357, 145.39544231577068
sw06, 358, 145.39544231577068
sw06, 359, 145.39544231577068
sw06, 360, 145.39544231577068
sw06, 361, 145.39544231577068
sw06, 362, 145.39544231577068
sw06, 363, 145.39544231577068
sw06, 364, 145.39544231577068
sw06, 365, 145.39544231577068
sw06, 366, 145.39544231577068
sw06, 367, 145.39544231577068
sw06, 368, 145.39544231577068
sw06, 369, 145.39544231577068
sw06, 370, 145.39544231577068
sw06, 371, 145.39544231577068
sw06, 372, 145.39544231577068
sw06, 373, 145.39544231577068
sw06, 374, 145.39544231577068
sw06, 375, 145.39544231577068
sw06, 376, 145.39544231577068
sw06, 377, 145.39544231577068
sw06, 378, 145.39544231577068
sw06, 379, 145.39544231577068
sw06, 380, 145.39544231577068
sw06, 381, 145.39544231577068
sw06, 382, 145.39544231577068
sw06, 383, 145.39544231577068
sw06, 384, 145.39544231577068
sw06, 385, 145.39544231577068
sw06, 386, 145.39544231577068
sw06, 387, 145.39544231577068
sw06, 388, 145.39544231577068
sw06, 389, 145.39544231577068
sw06, 390, 145.39544231577068
sw06, 391, 145.39544231577068
sw06, 392, 145.39544231577068
sw06, 393, 145.39544231577068
sw06, 394, 145.39544231577068
sw06, 395, 145.39544231577068
sw06, 396, 145.39544231577068
sw06, 397, 145.39544231577068
sw06, 398, 145.39544231577068
sw06, 399, 145.39544231577068
sw06, 400, 146.0143369824275
sw06, 401, 146.0143369824275
sw06, 402, 146.0143369824275
sw06, 403, 146.0143369824275
sw06, 404, 146.0143369824275
sw06, 405, 146.0143369824275
sw06, 406, 146.0143369824275
sw06, 407, 146.0143369824275
sw06, 408, 146.0143369824275
sw06, 409, 146.0143369824275
sw06, 410, 146.0143369824275
sw06, 411, 146.0143369824275
sw06, 412, 146.0143369824275
sw06, 413, 146.0143369824275
sw06, 414, 146.0143369824275
sw06, 415, 146.0143369824275
sw06, 416, 146.0143369824275
sw06, 417, 146.0143369824275
sw06, 418, 146.0143369824275
sw06, 419, 146.0143369824275
sw06, 420, 146.0143369824275
sw06, 421, 146.0143369824275
sw06, 422, 146.0143369824275
sw06, 423, 146.0143369824275
sw06, 424, 146.0143369824275
sw06, 425, 146.0143369824275
sw06, 426, 146.0143369824275
sw06, 427, 146.0143369824275
sw06, 428, 146.0143369824275
sw06, 429, 146.0143369824275
sw06, 430, 146.0143369824275
sw06, 431, 146.0143369824275
sw06, 432, 146.0143369824275
sw06, 433, 146.0143369824275
sw06, 434, 146.0143369824275
sw06, 435, 146.0143369824275
sw06, 436, 146.0143369824275
sw06, 437, 146.0143369824275
sw06, 438, 146.0143369824275
sw06, 439, 146.0143369824275
sw06, 440, 146.0143369824275
sw06, 441, 146.0143369824275
sw06, 442, 146.0143369824275
sw06, 443, 146.0143369824275
sw06, 444, 146.0143369824275
sw06, 445, 146.0143369824275
sw06, 446, 146.0143369824275
sw06, 447, 146.0143369824275
sw06, 448, 146.0143369824275
sw06, 449, 146.0143369824275
sw06, 450, 146.0143369824275
sw06, 451, 146.0143369824275
sw06, 452, 146.0143369824275
sw06, 453, 146.0143369824275
sw06, 454, 146.0143369824275
sw06, 455, 146.0143369824275
sw06, 456, 146.0143369824275
sw06, 457, 146.0143369824275
sw06, 458, 146.0143369824275
sw06, 459, 146.0143369824275
sw06, 460, 146.0143369824275
sw06, 461, 146.0143369824275
sw06, 462, 146.0143369824275
sw06, 463, 146.0143369824275
sw06, 464, 146.0143369824275
sw06, 465, 146.0143369824275
sw06, 466, 146.0143369824275
sw06, 467, 146.0143369824275
sw06, 468, 146.0143369824275
sw06, 469, 146.0143369824275
sw06, 470, 146.0143369824275
sw06, 471, 146.0143369824275
sw06, 472, 146.0143369824275
sw06, 473, 146.0143369824275
sw06, 474, 146.0143369824275
sw06, 475, 146.0143369824275
sw06, 476, 146.0143369824275
sw06, 477, 146.0143369824275
sw06, 478, 146.0143369824275
sw06, 479, 146.0143369824275
sw06, 480, 146.0143369824275
sw06, 481, 146.0143369824275
sw06, 482, 146.0143369824275
sw06, 483, 146.0143369824275
sw06, 484, 146.0143369824275
sw06, 485, 146.0143369824275
sw06, 486, 146.0143369824275
sw06, 487, 146.0143369824275
sw06, 488, 146.0143369824275
sw06, 489, 146.0143369824275
sw06, 490, 146.0143369824275
sw06, 491, 146.0143369824275
sw06, 492, 146.0143369824275
sw06, 493, 146.0143369824275
sw06, 494, 146.0143369824275
sw06, 495, 146.0143369824275
sw06, 496, 146.0143369824275
sw06, 497, 146.0143369824275
sw06, 498, 146.0143369824275
sw06, 499, 146.0143369824275
sw06, 500, 146.0143369824275
sw06, 501, 146.0143369824275
sw06, 502, 146.0143369824275
sw06, 503, 146.0143369824275
sw06, 504, 146.0143369824275
sw06, 505, 146.0143369824275
sw06, 506, 146.0143369824275
sw06, 507, 146.0143369824275
sw06, 508, 146.0143369824275
sw06, 509, 146.0143369824275
sw06, 510, 146.0143369824275
sw06, 511, 146.0143369824275
sw06, 512, 146.0143369824275
sw06, 513, 146.0143369824275
sw06, 514, 146.0143369824275
sw06, 515, 146.0143369824275
sw06, 516, 146.0143369824275
sw06, 517, 146.0143369824275
sw06, 518, 146.0143369824275
sw06, 519, 146.0143369824275
sw06, 520, 146.0143369824275
sw06, 521, 146.0143369824275
sw06, 522, 146.0143369824275
sw06, 523, 146.0143369824275
sw06, 524, 146.0143369824275
sw06, 525, 146.0143369824275
sw06, 526, 146.0143369824275
sw06, 527, 146.0143369824275
sw06, 528, 146.0143369824275
sw06, 529, 146.0143369824275
sw06, 530, 146.0143369824275
sw06, 531, 146.0143369824275
sw06, 532, 146.0143369824275
sw06, 533, 146.0143369824275
sw06, 534, 146.0143369824275
sw06, 535, 146.0143369824275
sw06, 536, 146.0143369824275
sw06, 537, 146.0143369824275
sw06, 538, 146.0143369824275
sw06, 539, 146.0143369824275
sw06, 540, 146.0143369824275
sw06, 541, 146.0143369824275
sw06, 542, 146.0143369824275
sw06, 543, 146.0143369824275
sw06, 544, 146.0143369824275
sw06, 545, 146.0143369824275
sw06, 546, 146.0143369824275
sw06, 547, 146.0143369824275
sw06, 548, 146.0143369824275
sw06, 549, 146.0143369824275
sw06, 550, 146.0143369824275
sw06, 551, 146.0143369824275
sw06, 552, 146.0143369824275
sw06, 553, 146.0143369824275
sw06, 554, 146.0143369824275
sw06, 555, 146.0143369824275
sw06, 556, 146.0143369824275
sw06, 557, 146.0143369824275
sw06, 558, 146.0143369824275
sw06, 559, 146.0143369824275
sw06, 560, 146.0143369824275
sw06, 561, 146.0143369824275
sw06, 562, 146.0143369824275
sw06, 563, 146.0143369824275
sw06, 564, 146.0143369824275
sw06, 565, 146.0143369824275
sw06, 566, 146.0143369824275
sw06, 567, 146.0143369824275
sw06, 568, 146.0143369824275
sw06, 569, 146.0143369824275
sw06, 570, 146.0143369824275
sw06, 571, 146.0143369824275
sw06, 572, 146.0143369824275
sw06, 573, 146.0143369824275
sw06, 574, 146.0143369824275
sw06, 575, 146.0143369824275
sw06, 576, 146.0143369824275
sw06, 577, 146.0143369824275
sw06, 578, 146.0143369824275
sw06, 579, 146.0143369824275
sw06, 580, 146.0143369824275
sw06, 581, 146.0143369824275
sw06, 582, 146.0143369824275
sw06, 583, 146.0143369824275
sw06, 584, 146.0143369824275
sw06, 585, 146.0143369824275
sw06, 586, 146.0143369824275
sw06, 587, 146.0143369824275
sw06, 588, 146.0143369824275
sw06, 589, 146.0143369824275
sw06, 590, 146.0143369824275
sw06, 591, 146.0143369824275
sw06, 592, 146.0143369824275
sw06, 593, 146.0143369824275
sw06, 594, 146.0143369824275
sw06, 595, 146.0143369824275
sw06, 596, 146.0143369824275
sw06, 597, 146.0143369824275
sw06, 598, 146.0143369824275
sw06, 599, 146.0143369824275
sw06, 600, 152.0843352558705
sw06, 601, 152.0843352558705
sw06, 602, 152.0843352558705
sw06, 603, 152.0843352558705
sw06, 604, 152.0843352558705
sw06, 605, 152.0843352558705
sw06, 606, 152.0843352558705
sw06, 607, 152.0843352558705
sw06, 608, 152.0843352558705
sw06, 609, 152.0843352558705
sw06, 610, 152.0843352558705
sw06, 611, 152.0843352558705
sw06, 612, 152.0843352558705
sw06, 613, 152.0843352558705
sw06, 614, 152.0843352558705
sw06, 615, 152.0843352558705
sw06, 616, 152.0843352558705
sw06, 617, 152.0843352558705
sw06, 618, 152.0843352558705
sw06, 619, 152.0843352558705
sw06, 620, 152.0843352558705
sw06, 621, 152.0843352558705
sw06, 622, 152.0843352558705
sw06, 623, 152.0843352558705
sw06, 624, 152.0843352558705
sw06, 625, 152.0843352558705
sw06, 626, 152.0843352558705
sw06, 627, 152.0843352558705
sw06, 628, 152.0843352558705
sw06, 629, 152.0843352558705
sw06, 630, 152.0843352558705
sw06, 631, 152.0843352558705
sw06, 632, 152.0843352558705
sw06, 633, 152.0843352558705
sw06, 634, 152.0843352558705
sw06, 635, 152.0843352558705
sw06, 636, 152.0843352558705
sw06, 637, 152.0843352558705
sw06, 638, 152.0843352558705
sw06, 639, 152.0843352558705
sw06, 640, 152.0843352558705
sw06, 641, 152.0843352558705
sw06, 642, 152.0843352558705
sw06, 643, 152.0843352558705
sw06, 644, 152.0843352558705
sw06, 645, 152.0843352558705
sw06, 646, 152.0843352558705
sw06, 647, 152.0843352558705
sw06, 648, 152.0843352558705
sw06, 649, 152.0843352558705
sw06, 650, 152.0843352558705
sw06, 651, 152.0843352558705
sw06, 652, 152.0843352558705
sw06, 653, 152.0843352558705
sw06, 654, 152.0843352558705
sw06, 655, 152.0843352558705
sw06, 656, 152.0843352558705
sw06, 657, 152.0843352558705
sw06, 658, 152.0843352558705
sw06, 659, 152.0843352558705
sw06, 660, 152.0843352558705
sw06, 661, 152.0843352558705
sw06, 662, 152.0843352558705
sw06, 663, 152.0843352558705
sw06, 664, 152.0843352558705
sw06, 665, 152.0843352558705
sw06, 666, 152.0843352558705
sw06, 667, 152.0843352558705
sw06, 668, 152.0843352558705
sw06, 669, 152.0843352558705
sw06, 670, 152.0843352558705
sw06, 671, 152.0843352558705
sw06, 672, 152.0843352558705
sw06, 673, 152.0843352558705
sw06, 674, 152.0843352558705
sw06, 675, 152.0843352558705
sw06, 676, 152.0843352558705
sw06, 677, 152.0843352558705
sw06, 678, 152.0843352558705
sw06, 679, 152.0843352558705
sw06, 680, 152.0843352558705
sw06, 681, 152.0843352558705
sw06, 682, 152.0843352558705
sw06, 683, 152.0843352558705
sw06, 684, 152.0843352558705
sw06, 685, 152.0843352558705
sw06, 686, 152.0843352558705
sw06, 687, 152.0843352558705
sw06, 688, 152.0843352558705
sw06, 689, 152.0843352558705
sw06, 690, 152.0843352558705
sw06, 691, 152.0843352558705
sw06, 692, 152.0843352558705
sw06, 693, 152.0843352558705
sw06, 694, 152.0843352558705
sw06, 695, 152.0843352558705
sw06, 696, 152.0843352558705
sw06, 697, 152.0843352558705
sw06, 698, 152.0843352558705
sw06, 699, 152.0843352558705
sw06, 700, 152.0843352558705
sw06, 701, 152.0843352558705
sw06, 702, 152.0843352558705
sw06, 703, 152.0843352558705
sw06, 704, 152.0843352558705
sw06, 705, 152.0843352558705
sw06, 706, 152.0843352558705
sw06, 707, 152.0843352558705
sw06, 708, 152.0843352558705
sw06, 709, 152.0843352558705
sw06, 710, 152.0843352558705
sw06, 711, 152.0843352558705
sw06, 712, 152.0843352558705
sw06, 713, 152.0843352558705
sw06, 714, 152.0843352558705
sw06, 715, 152.0843352558705
sw06, 716, 152.0843352558705
sw06, 717, 152.0843352558705
sw06, 718, 152.0843352558705
sw06, 719, 152.0843352558705
sw06, 720, 152.0843352558705
sw06, 721, 152.0843352558705
sw06, 722, 152.0843352558705
sw06, 723, 152.0843352558705
sw06, 724, 152.0843352558705
sw06, 725, 152.0843352558705
sw06, 726, 152.0843352558705
sw06, 727, 152.0843352558705
sw06, 728, 152.0843352558705
sw06, 729, 152.0843352558705
sw06, 730, 152.0843352558705
sw06, 731, 152.0843352558705
sw06, 732, 152.0843352558705
sw06, 733, 152.0843352558705
sw06, 734, 152.0843352558705
sw06, 735, 152.0843352558705
sw06, 736, 152.0843352558705
sw06, 737, 152.0843352558705
sw06, 738, 152.0843352558705
sw06, 739, 152.0843352558705
sw06, 740, 152.0843352558705
sw06, 741, 152.0843352558705
sw06, 742, 152.0843352558705
sw06, 743, 152.0843352558705
sw06, 744, 152.0843352558705
sw06, 745, 152.0843352558705
sw06, 746, 152.0843352558705
sw06, 747, 152.0843352558705
sw06, 748, 152.0843352558705
sw06, 749, 152.0843352558705
sw06, 750, 152.0843352558705
sw06, 751, 152.0843352558705
sw06, 752, 152.0843352558705
sw06, 753, 152.0843352558705
sw06, 754, 152.0843352558705
sw06, 755, 152.0843352558705
sw06, 756, 152.0843352558705
sw06, 757, 152.0843352558705
sw06, 758, 152.0843352558705
sw06, 759, 152.0843352558705
sw06, 760, 152.0843352558705
sw06, 761, 152.0843352558705
sw06, 762, 152.0843352558705
sw06, 763, 152.0843352558705
sw06, 764, 152.0843352558705
sw06, 765, 152.0843352558705
sw06, 766, 152.0843352558705
sw06, 767, 152.0843352558705
sw06, 768, 152.0843352558705
sw06, 769, 152.0843352558705
sw06, 770, 152.0843352558705
sw06, 771, 152.0843352558705
sw06, 772, 152.0843352558705
sw06, 773, 152.0843352558705
sw06, 774, 152.0843352558705
sw06, 775, 152.0843352558705
sw06, 776, 152.0843352558705
sw06, 777, 152.0843352558705
sw06, 778, 152.0843352558705
sw06, 779, 152.0843352558705
sw06, 780, 152.0843352558705
sw06, 781, 152.0843352558705
sw06, 782, 152.0843352558705
sw06, 783, 152.0843352558705
sw06, 784, 152.0843352558705
sw06, 785, 152.0843352558705
sw06, 786, 152.0843352558705
sw06, 787, 152.0843352558705
sw06, 788, 152.0843352558705
sw06, 789, 152.0843352558705
sw06, 790, 152.0843352558705
sw06, 791, 152.0843352558705
sw06, 792, 152.0843352558705
sw06, 793, 152.0843352558705
sw06, 794, 152.0843352558705
sw06, 795, 152.0843352558705
sw06, 796, 152.0843352558705
sw06, 797, 152.0843352558705
sw06, 798, 152.0843352558705
sw06, 799, 152.0843352558705
sw06, 800, 150.1805143278479
sw06, 801, 150.1805143278479
sw06, 802, 150.1805143278479
sw06, 803, 150.1805143278479
sw06, 804, 150.1805143278479
sw06, 805, 150.1805143278479
sw06, 806, 150.1805143278479
sw06, 807, 150.1805143278479
sw06, 808, 150.1805143278479
sw06, 809, 150.1805143278479
sw06, 810, 150.1805143278479
sw06, 811, 150.1805143278479
sw06, 812, 150.1805143278479
sw06, 813, 150.1805143278479
sw06, 814, 150.1805143278479
sw06, 815, 150.1805143278479
sw06, 816, 150.1805143278479
sw06, 817, 150.1805143278479
sw06, 818, 150.1805143278479
sw06, 819, 150.1805143278479
sw06, 820, 150.1805143278479
sw06, 821, 150.1805143278479
sw06, 822, 150.1805143278479
sw06, 823, 150.1805143278479
sw06, 824, 150.1805143278479
sw06, 825, 150.1805143278479
sw06, 826, 150.1805143278479
sw06, 827, 150.1805143278479
sw06, 828, 150.1805143278479
sw06, 829, 150.1805143278479
sw06, 830, 150.1805143278479
sw06, 831, 150.1805143278479
sw06, 832, 150.1805143278479
sw06, 833, 150.1805143278479
sw06, 834, 150.1805143278479
sw06, 835, 150.1805143278479
sw06, 836, 150.1805143278479
sw06, 837, 150.1805143278479
sw06, 838, 150.1805143278479
sw06, 839, 150.1805143278479
sw06, 840, 150.1805143278479
sw06, 841, 150.1805143278479
sw06, 842, 150.1805143278479
sw06, 843, 150.1805143278479
sw06, 844, 150.1805143278479
sw06, 845, 150.1805143278479
sw06, 846, 150.1805143278479
sw06, 847, 150.1805143278479
sw06, 848, 150.1805143278479
sw06, 849, 150.1805143278479
sw06, 850, 150.1805143278479
sw06, 851, 150.1805143278479
sw06, 852, 150.1805143278479
sw06, 853, 150.1805143278479
sw06, 854, 150.1805143278479
sw06, 855, 150.1805143278479
sw06, 856, 150.1805143278479
sw06, 857, 150.1805143278479
sw06, 858, 150.1805143278479
sw06, 859, 150.1805143278479
sw06, 860, 150.1805143278479
sw06, 861, 150.1805143278479
sw06, 862, 150.1805143278479
sw06, 863, 150.1805143278479
sw06, 864, 150.1805143278479
sw06, 865, 150.1805143278479
sw06, 866, 150.1805143278479
sw06, 867, 150.1805143278479
sw06, 868, 150.1805143278479
sw06, 869, 150.1805143278479
sw06, 870, 150.1805143278479
sw06, 871, 150.1805143278479
sw06, 872, 150.1805143278479
sw06, 873, 150.1805143278479
sw06, 874, 150.1805143278479
sw06, 875, 150.1805143278479
sw06, 876, 150.1805143278479
sw06, 877, 150.1805143278479
sw06, 878, 150.1805143278479
sw06, 879, 150.1805143278479
sw06, 880, 150.1805143278479
sw06, 881, 150.1805143278479
sw06, 882, 150.1805143278479
sw06, 883, 150.1805143278479
sw06, 884, 150.1805143278479
sw06, 885, 150.1805143278479
sw06, 886, 150.1805143278479
sw06, 887, 150.1805143278479
sw06, 888, 150.1805143278479
sw06, 889, 150.1805143278479
sw06, 890, 150.1805143278479
sw06, 891, 150.1805143278479
sw06, 892, 150.1805143278479
sw06, 893, 150.1805143278479
sw06, 894, 150.1805143278479
sw06, 895, 150.1805143278479
sw06, 896, 150.1805143278479
sw06, 897, 150.1805143278479
sw06, 898, 150.1805143278479
sw06, 899, 150.1805143278479
sw06, 900, 150.1805143278479
sw06, 901, 150.1805143278479
sw06, 902, 150.1805143278479
sw06, 903, 150.1805143278479
sw06, 904, 150.1805143278479
sw06, 905, 150.1805143278479
sw06, 906, 150.1805143278479
sw06, 907, 150.1805143278479
sw06, 908, 150.1805143278479
sw06, 909, 150.1805143278479
sw06, 910, 150.1805143278479
sw06, 911, 150.1805143278479
sw06, 912, 150.1805143278479
sw06, 913, 150.1805143278479
sw06, 914, 150.1805143278479
sw06, 915, 150.1805143278479
sw06, 916, 150.1805143278479
sw06, 917, 150.1805143278479
sw06, 918, 150.1805143278479
sw06, 919, 150.1805143278479
sw06, 920, 150.1805143278479
sw06, 921, 150.1805143278479
sw06, 922, 150.1805143278479
sw06, 923, 150.1805143278479
sw06, 924, 150.1805143278479
sw06, 925, 150.1805143278479
sw06, 926, 150.1805143278479
sw06, 927, 150.1805143278479
sw06, 928, 150.1805143278479
sw06, 929, 150.1805143278479
sw06, 930, 150.1805143278479
sw06, 931, 150.1805143278479
sw06, 932, 150.1805143278479
sw06, 933, 150.1805143278479
sw06, 934, 150.1805143278479
sw06, 935, 150.1805143278479
sw06, 936, 150.1805143278479
sw06, 937, 150.1805143278479
sw06, 938, 150.1805143278479
sw06, 939, 150.1805143278479
sw06, 940, 150.1805143278479
sw06, 941, 150.1805143278479
sw06, 942, 150.1805143278479
sw06, 943, 150.1805143278479
sw06, 944, 150.1805143278479
sw06, 945, 150.1805143278479
sw06, 946, 150.1805143278479
sw06, 947, 150.1805143278479
sw06, 948, 150.1805143278479
sw06, 949, 150.1805143278479
sw06, 950, 150.1805143278479
sw06, 951, 150.1805143278479
sw06, 952, 150.1805143278479
sw06, 953, 150.1805143278479
sw06, 954, 150.1805143278479
sw06, 955, 150.1805143278479
sw06, 956, 150.1805143278479
sw06, 957, 150.1805143278479
sw06, 958, 150.1805143278479
sw06, 959, 150.1805143278479
sw06, 960, 150.1805143278479
sw06, 961, 150.1805143278479
sw06, 962, 150.1805143278479
sw06, 963, 150.1805143278479
sw06, 964, 150.1805143278479
sw06, 965, 150.1805143278479
sw06, 966, 150.1805143278479
sw06, 967, 150.1805143278479
sw06, 968, 150.1805143278479
sw06, 969, 150.1805143278479
sw06, 970, 150.1805143278479
sw06, 971, 150.1805143278479
sw06, 972, 150.1805143278479
sw06, 973, 150.1805143278479
sw06, 974, 150.1805143278479
sw06, 975, 150.1805143278479
sw06, 976, 150.1805143278479
sw06, 977, 150.1805143278479
sw06, 978, 150.1805143278479
sw06, 979, 150.1805143278479
sw06, 980, 150.1805143278479
sw06, 981, 150.1805143278479
sw06, 982, 150.1805143278479
sw06, 983, 150.1805143278479
sw06, 984, 150.1805143278479
sw06, 985, 150.1805143278479
sw06, 986, 150.1805143278479
sw06, 987, 150.1805143278479
sw06, 988, 150.1805143278479
sw06, 989, 150.1805143278479
sw06, 990, 150.1805143278479
sw06, 991, 150.1805143278479
sw06, 992, 150.1805143278479
sw06, 993, 150.1805143278479
sw06, 994, 150.1805143278479
sw06, 995, 150.1805143278479
sw06, 996, 150.1805143278479
sw06, 997, 150.1805143278479
sw06, 998, 150.1805143278479
sw06, 999, 150.1805143278479
sw06, 1000, 151.38879710658486
sw06, 1001, 151.38879710658486
sw06, 1002, 151.38879710658486
sw06, 1003, 151.38879710658486
sw06, 1004, 151.38879710658486
sw06, 1005, 151.38879710658486
sw06, 1006, 151.38879710658486
sw06, 1007, 151.38879710658486
sw06, 1008, 151.38879710658486
sw06, 1009, 151.38879710658486
sw06, 1010, 151.38879710658486
sw06, 1011, 151.38879710658486
sw06, 1012, 151.38879710658486
sw06, 1013, 151.38879710658486
sw06, 1014, 151.38879710658486
sw06, 1015, 151.38879710658486
sw06, 1016, 151.38879710658486
sw06, 1017, 151.38879710658486
sw06, 1018, 151.38879710658486
sw06, 1019, 151.38879710658486
sw06, 1020, 151.38879710658486
sw06, 1021, 151.38879710658486
sw06, 1022, 151.38879710658486
sw06, 1023, 151.38879710658486
sw06, 1024, 151.38879710658486
sw06, 1025, 151.38879710658486
sw06, 1026, 151.38879710658486
sw06, 1027, 151.38879710658486
sw06, 1028, 151.38879710658486
sw06, 1029, 151.38879710658486
sw06, 1030, 151.38879710658486
sw06, 1031, 151.38879710658486
sw06, 1032, 151.38879710658486
sw06, 1033, 151.38879710658486
sw06, 1034, 151.38879710658486
sw06, 1035, 151.38879710658486
sw06, 1036, 151.38879710658486
sw06, 1037, 151.38879710658486
sw06, 1038, 151.38879710658486
sw06, 1039, 151.38879710658486
sw06, 1040, 151.38879710658486
sw06, 1041, 151.38879710658486
sw06, 1042, 151.38879710658486
sw06, 1043, 151.38879710658486
sw06, 1044, 151.38879710658486
sw06, 1045, 151.38879710658486
sw06, 1046, 151.38879710658486
sw06, 1047, 151.38879710658486
sw06, 1048, 151.38879710658486
sw06, 1049, 151.38879710658486
sw06, 1050, 151.38879710658486
sw06, 1051, 151.38879710658486
sw06, 1052, 151.38879710658486
sw06, 1053, 151.38879710658486
sw06, 1054, 151.38879710658486
sw06, 1055, 151.38879710658486
sw06, 1056, 151.38879710658486
sw06, 1057, 151.38879710658486
sw06, 1058, 151.38879710658486
sw06, 1059, 151.38879710658486
sw06, 1060, 151.38879710658486
sw06, 1061, 151.38879710658486
sw06, 1062, 151.38879710658486
sw06, 1063, 151.38879710658486
sw06, 1064, 151.38879710658486
sw06, 1065, 151.38879710658486
sw06, 1066, 151.38879710658486
sw06, 1067, 151.38879710658486
sw06, 1068, 151.38879710658486
sw06, 1069, 151.38879710658486
sw06, 1070, 151.38879710658486
sw06, 1071, 151.38879710658486
sw06, 1072, 151.38879710658486
sw06, 1073, 151.38879710658486
sw06, 1074, 151.38879710658486
sw06, 1075, 151.38879710658486
sw06, 1076, 151.38879710658486
sw06, 1077, 151.38879710658486
sw06, 1078, 151.38879710658486
sw06, 1079, 151.38879710658486
sw06, 1080, 151.38879710658486
sw06, 1081, 151.38879710658486
sw06, 1082, 151.38879710658486
sw06, 1083, 151.38879710658486
sw06, 1084, 151.38879710658486
sw06, 1085, 151.38879710658486
sw06, 1086, 151.38879710658486
sw06, 1087, 151.38879710658486
sw06, 1088, 151.38879710658486
sw06, 1089, 151.38879710658486
sw06, 1090, 151.38879710658486
sw06, 1091, 151.38879710658486
sw06, 1092, 151.38879710658486
sw06, 1093, 151.38879710658486
sw06, 1094, 151.38879710658486
sw06, 1095, 151.38879710658486
sw06, 1096, 151.38879710658486
sw06, 1097, 151.38879710658486
sw06, 1098, 151.38879710658486
sw06, 1099, 151.38879710658486
sw06, 1100, 151.38879710658486
sw06, 1101, 151.38879710658486
sw06, 1102, 151.38879710658486
sw06, 1103, 151.38879710658486
sw06, 1104, 151.38879710658486
sw06, 1105, 151.38879710658486
sw06, 1106, 151.38879710658486
sw06, 1107, 151.38879710658486
sw06, 1108, 151.38879710658486
sw06, 1109, 151.38879710658486
sw06, 1110, 151.38879710658486
sw06, 1111, 151.38879710658486
sw06, 1112, 151.38879710658486
sw06, 1113, 151.38879710658486
sw06, 1114, 151.38879710658486
sw06, 1115, 151.38879710658486
sw06, 1116, 151.38879710658486
sw06, 1117, 151.38879710658486
sw06, 1118, 151.38879710658486
sw06, 1119, 151.38879710658486
sw06, 1120, 151.38879710658486
sw06, 1121, 151.38879710658486
sw06, 1122, 151.38879710658486
sw06, 1123, 151.38879710658486
sw06, 1124, 151.38879710658486
sw06, 1125, 151.38879710658486
sw06, 1126, 151.38879710658486
sw06, 1127, 151.38879710658486
sw06, 1128, 151.38879710658486
sw06, 1129, 151.38879710658486
sw06, 1130, 151.38879710658486
sw06, 1131, 151.38879710658486
sw06, 1132, 151.38879710658486
sw06, 1133, 151.38879710658486
sw06, 1134, 151.38879710658486
sw06, 1135, 151.38879710658486
sw06, 1136, 151.38879710658486
sw06, 1137, 151.38879710658486
sw06, 1138, 151.38879710658486
sw06, 1139, 151.38879710658486
sw06, 1140, 151.38879710658486
sw06, 1141, 151.38879710658486
sw06, 1142, 151.38879710658486
sw06, 1143, 151.38879710658486
sw06, 1144, 151.38879710658486
sw06, 1145, 151.38879710658486
sw06, 1146, 151.38879710658486
sw06, 1147, 151.38879710658486
sw06, 1148, 151.38879710658486
sw06, 1149, 151.38879710658486
sw06, 1150, 151.38879710658486
sw06, 1151, 151.38879710658486
sw06, 1152, 151.38879710658486
sw06, 1153, 151.38879710658486
sw06, 1154, 151.38879710658486
sw06, 1155, 151.38879710658486
sw06, 1156, 151.38879710658486
sw06, 1157, 151.38879710658486
sw06, 1158, 151.38879710658486
sw06, 1159, 151.38879710658486
sw06, 1160, 151.38879710658486
sw06, 1161, 151.38879710658486
sw06, 1162, 151.38879710658486
sw06, 1163, 151.38879710658486
sw06, 1164, 151.38879710658486
sw06, 1165, 151.38879710658486
sw06, 1166, 151.38879710658486
sw06, 1167, 151.38879710658486
sw06, 1168, 151.38879710658486
sw06, 1169, 151.38879710658486
sw06, 1170, 151.38879710658486
sw06, 1171, 151.38879710658486
sw06, 1172, 151.38879710658486
sw06, 1173, 151.38879710658486
sw06, 1174, 151.38879710658486
sw06, 1175, 151.38879710658486
sw06, 1176, 151.38879710658486
sw06, 1177, 151.38879710658486
sw06, 1178, 151.38879710658486
sw06, 1179, 151.38879710658486
sw06, 1180, 151.38879710658486
sw06, 1181, 151.38879710658486
sw06, 1182, 151.38879710658486
sw06, 1183, 151.38879710658486
sw06, 1184, 151.38879710658486
sw06, 1185, 151.38879710658486
sw06, 1186, 151.38879710658486
sw06, 1187, 151.38879710658486
sw06, 1188, 151.38879710658486
sw06, 1189, 151.38879710658486
sw06, 1190, 151.38879710658486
sw06, 1191, 151.38879710658486
sw06, 1192, 151.38879710658486
sw06, 1193, 151.38879710658486
sw06, 1194, 151.38879710658486
sw06, 1195, 151.38879710658486
sw06, 1196, 151.38879710658486
sw06, 1197, 151.38879710658486
sw06, 1198, 151.38879710658486
sw06, 1199, 151.38879710658486
sw06, 1200, 143.49746744324153
sw06, 1201, 143.49746744324153
sw06, 1202, 143.49746744324153
sw06, 1203, 143.49746744324153
sw06, 1204, 143.49746744324153
sw06, 1205, 143.49746744324153
sw06, 1206, 143.49746744324153
sw06, 1207, 143.49746744324153
sw06, 1208, 143.49746744324153
sw06, 1209, 143.49746744324153
sw06, 1210, 143.49746744324153
sw06, 1211, 143.49746744324153
sw06, 1212, 143.49746744324153
sw06, 1213, 143.49746744324153
sw06, 1214, 143.49746744324153
sw06, 1215, 143.49746744324153
sw06, 1216, 143.49746744324153
sw06, 1217, 143.49746744324153
sw06, 1218, 143.49746744324153
sw06, 1219, 143.49746744324153
sw06, 1220, 143.49746744324153
sw06, 1221, 143.49746744324153
sw06, 1222, 143.49746744324153
sw06, 1223, 143.49746744324153
sw06, 1224, 143.49746744324153
sw06, 1225, 143.49746744324153
sw06, 1226, 143.49746744324153
sw06, 1227, 143.49746744324153
sw06, 1228, 143.49746744324153
sw06, 1229, 143.49746744324153
sw06, 1230, 143.49746744324153
sw06, 1231, 143.49746744324153
sw06, 1232, 143.49746744324153
sw06, 1233, 143.49746744324153
sw06, 1234, 143.49746744324153
sw06, 1235, 143.49746744324153
sw06, 1236, 143.49746744324153
sw06, 1237, 143.49746744324153
sw06, 1238, 143.49746744324153
sw06, 1239, 143.49746744324153
sw06, 1240, 143.49746744324153
sw06, 1241, 143.49746744324153
sw06, 1242, 143.49746744324153
sw06, 1243, 143.49746744324153
sw06, 1244, 143.49746744324153
sw06, 1245, 143.49746744324153
sw06, 1246, 143.49746744324153
sw06, 1247, 143.49746744324153
sw06, 1248, 143.49746744324153
sw06, 1249, 143.49746744324153
sw06, 1250, 143.49746744324153
sw06, 1251, 143.49746744324153
sw06, 1252, 143.49746744324153
sw06, 1253, 143.49746744324153
sw06, 1254, 143.49746744324153
sw06, 1255, 143.49746744324153
sw06, 1256, 143.49746744324153
sw06, 1257, 143.49746744324153
sw06, 1258, 143.49746744324153
sw06, 1259, 143.49746744324153
sw06, 1260, 143.49746744324153
sw06, 1261, 143.49746744324153
sw06, 1262, 143.49746744324153
sw06, 1263, 143.49746744324153
sw06, 1264, 143.49746744324153
sw06, 1265, 143.49746744324153
sw06, 1266, 143.49746744324153
sw06, 1267, 143.49746744324153
sw06, 1268, 143.49746744324153
sw06, 1269, 143.49746744324153
sw06, 1270, 143.49746744324153
sw06, 1271, 143.49746744324153
sw06, 1272, 143.49746744324153
sw06, 1273, 143.49746744324153
sw06, 1274, 143.49746744324153
sw06, 1275, 143.49746744324153
sw06, 1276, 143.49746744324153
sw06, 1277, 143.49746744324153
sw06, 1278, 143.49746744324153
sw06, 1279, 143.49746744324153
sw06, 1280, 143.49746744324153
sw06, 1281, 143.49746744324153
sw06, 1282, 143.49746744324153
sw06, 1283, 143.49746744324153
sw06, 1284, 143.49746744324153
sw06, 1285, 143.49746744324153
sw06, 1286, 143.49746744324153
sw06, 1287, 143.49746744324153
sw06, 1288, 143.49746744324153
sw06, 1289, 143.49746744324153
sw06, 1290, 143.49746744324153
sw06, 1291, 143.49746744324153
sw06, 1292, 143.49746744324153
sw06, 1293, 143.49746744324153
sw06, 1294, 143.49746744324153
sw06, 1295, 143.49746744324153
sw06, 1296, 143.49746744324153
sw06, 1297, 143.49746744324153
sw06, 1298, 143.49746744324153
sw06, 1299, 143.49746744324153
sw06, 1300, 143.49746744324153
sw06, 1301, 143.49746744324153
sw06, 1302, 143.49746744324153
sw06, 1303, 143.49746744324153
sw06, 1304, 143.49746744324153
sw06, 1305, 143.49746744324153
sw06, 1306, 143.49746744324153
sw06, 1307, 143.49746744324153
sw06, 1308, 143.49746744324153
sw06, 1309, 143.49746744324153
sw06, 1310, 143.49746744324153
sw06, 1311, 143.49746744324153
sw06, 1312, 143.49746744324153
sw06, 1313, 143.49746744324153
sw06, 1314, 143.49746744324153
sw06, 1315, 143.49746744324153
sw06, 1316, 143.49746744324153
sw06, 1317, 143.49746744324153
sw06, 1318, 143.49746744324153
sw06, 1319, 143.49746744324153
sw06, 1320, 143.49746744324153
sw06, 1321, 143.49746744324153
sw06, 1322, 143.49746744324153
sw06, 1323, 143.49746744324153
sw06, 1324, 143.49746744324153
sw06, 1325, 143.49746744324153
sw06, 1326, 143.49746744324153
sw06, 1327, 143.49746744324153
sw06, 1328, 143.49746744324153
sw06, 1329, 143.49746744324153
sw06, 1330, 143.49746744324153
sw06, 1331, 143.49746744324153
sw06, 1332, 143.49746744324153
sw06, 1333, 143.49746744324153
sw06, 1334, 143.49746744324153
sw06, 1335, 143.49746744324153
sw06, 1336, 143.49746744324153
sw06, 1337, 143.49746744324153
sw06, 1338, 143.49746744324153
sw06, 1339, 143.49746744324153
sw06, 1340, 143.49746744324153
sw06, 1341, 143.49746744324153
sw06, 1342, 143.49746744324153
sw06, 1343, 143.49746744324153
sw06, 1344, 143.49746744324153
sw06, 1345, 143.49746744324153
sw06, 1346, 143.49746744324153
sw06, 1347, 143.49746744324153
sw06, 1348, 143.49746744324153
sw06, 1349, 143.49746744324153
sw06, 1350, 143.49746744324153
sw06, 1351, 143.49746744324153
sw06, 1352, 143.49746744324153
sw06, 1353, 143.49746744324153
sw06, 1354, 143.49746744324153
sw06, 1355, 143.49746744324153
sw06, 1356, 143.49746744324153
sw06, 1357, 143.49746744324153
sw06, 1358, 143.49746744324153
sw06, 1359, 143.49746744324153
sw06, 1360, 143.49746744324153
sw06, 1361, 143.49746744324153
sw06, 1362, 143.49746744324153
sw06, 1363, 143.49746744324153
sw06, 1364, 143.49746744324153
sw06, 1365, 143.49746744324153
sw06, 1366, 143.49746744324153
sw06, 1367, 143.49746744324153
sw06, 1368, 143.49746744324153
sw06, 1369, 143.49746744324153
sw06, 1370, 143.49746744324153
sw06, 1371, 143.49746744324153
sw06, 1372, 143.49746744324153
sw06, 1373, 143.49746744324153
sw06, 1374, 143.49746744324153
sw06, 1375, 143.49746744324153
sw06, 1376, 143.49746744324153
sw06, 1377, 143.49746744324153
sw06, 1378, 143.49746744324153
sw06, 1379, 143.49746744324153
sw06, 1380, 143.49746744324153
sw06, 1381, 143.49746744324153
sw06, 1382, 143.49746744324153
sw06, 1383, 143.49746744324153
sw06, 1384, 143.49746744324153
sw06, 1385, 143.49746744324153
sw06, 1386, 143.49746744324153
sw06, 1387, 143.49746744324153
sw06, 1388, 143.49746744324153
sw06, 1389, 143.49746744324153
sw06, 1390, 143.49746744324153
sw06, 1391, 143.49746744324153
sw06, 1392, 143.49746744324153
sw06, 1393, 143.49746744324153
sw06, 1394, 143.49746744324153
sw06, 1395, 143.49746744324153
sw06, 1396, 143.49746744324153
sw06, 1397, 143.49746744324153
sw06, 1398, 143.49746744324153
sw06, 1399, 143.49746744324153
sw06, 1400, 145.59230698835998
sw06, 1401, 145.59230698835998
sw06, 1402, 145.59230698835998
sw06, 1403, 145.59230698835998
sw06, 1404, 145.59230698835998
sw06, 1405, 145.59230698835998
sw06, 1406, 145.59230698835998
sw06, 1407, 145.59230698835998
sw06, 1408, 145.59230698835998
sw06, 1409, 145.59230698835998
sw06, 1410, 145.59230698835998
sw06, 1411, 145.59230698835998
sw06, 1412, 145.59230698835998
sw06, 1413, 145.59230698835998
sw06, 1414, 145.59230698835998
sw06, 1415, 145.59230698835998
sw06, 1416, 145.59230698835998
sw06, 1417, 145.59230698835998
sw06, 1418, 145.59230698835998
sw06, 1419, 145.59230698835998
sw06, 1420, 145.59230698835998
sw06, 1421, 145.59230698835998
sw06, 1422, 145.59230698835998
sw06, 1423, 145.59230698835998
sw06, 1424, 145.59230698835998
sw06, 1425, 145.59230698835998
sw06, 1426, 145.59230698835998
sw06, 1427, 145.59230698835998
sw06, 1428, 145.59230698835998
sw06, 1429, 145.59230698835998
sw06, 1430, 145.59230698835998
sw06, 1431, 145.59230698835998
sw06, 1432, 145.59230698835998
sw06, 1433, 145.59230698835998
sw06, 1434, 145.59230698835998
sw06, 1435, 145.59230698835998
sw06, 1436, 145.59230698835998
sw06, 1437, 145.59230698835998
sw06, 1438, 145.59230698835998
sw06, 1439, 145.59230698835998
sw06, 1440, 145.59230698835998
sw06, 1441, 145.59230698835998
sw06, 1442, 145.59230698835998
sw06, 1443, 145.59230698835998
sw06, 1444, 145.59230698835998
sw06, 1445, 145.59230698835998
sw06, 1446, 145.59230698835998
sw06, 1447, 145.59230698835998
sw06, 1448, 145.59230698835998
sw06, 1449, 145.59230698835998
sw06, 1450, 145.59230698835998
sw06, 1451, 145.59230698835998
sw06, 1452, 145.59230698835998
sw06, 1453, 145.59230698835998
sw06, 1454, 145.59230698835998
sw06, 1455, 145.59230698835998
sw06, 1456, 145.59230698835998
sw06, 1457, 145.59230698835998
sw06, 1458, 145.59230698835998
sw06, 1459, 145.59230698835998
sw06, 1460, 145.59230698835998
sw06, 1461, 145.59230698835998
sw06, 1462, 145.59230698835998
sw06, 1463, 145.59230698835998
sw06, 1464, 145.59230698835998
sw06, 1465, 145.59230698835998
sw06, 1466, 145.59230698835998
sw06, 1467, 145.59230698835998
sw06, 1468, 145.59230698835998
sw06, 1469, 145.59230698835998
sw06, 1470, 145.59230698835998
sw06, 1471, 145.59230698835998
sw06, 1472, 145.59230698835998
sw06, 1473, 145.59230698835998
sw06, 1474, 145.59230698835998
sw06, 1475, 145.59230698835998
sw06, 1476, 145.59230698835998
sw06, 1477, 145.59230698835998
sw06, 1478, 145.59230698835998
sw06, 1479, 145.59230698835998
sw06, 1480, 145.59230698835998
sw06, 1481, 145.59230698835998
sw06, 1482, 145.59230698835998
sw06, 1483, 145.59230698835998
sw06, 1484, 145.59230698835998
sw06, 1485, 145.59230698835998
sw06, 1486, 145.59230698835998
sw06, 1487, 145.59230698835998
sw06, 1488, 145.59230698835998
sw06, 1489, 145.59230698835998
sw06, 1490, 145.59230698835998
sw06, 1491, 145.59230698835998
sw06, 1492, 145.59230698835998
sw06, 1493, 145.59230698835998
sw06, 1494, 145.59230698835998
sw06, 1495, 145.59230698835998
sw06, 1496, 145.59230698835998
sw06, 1497, 145.59230698835998
sw06, 1498, 145.59230698835998
sw06, 1499, 145.59230698835998
sw06, 1500, 145.59230698835998
sw06, 1501, 145.59230698835998
sw06, 1502, 145.59230698835998
sw06, 1503, 145.59230698835998
sw06, 1504, 145.59230698835998
sw06, 1505, 145.59230698835998
sw06, 1506, 145.59230698835998
sw06, 1507, 145.59230698835998
sw06, 1508, 145.59230698835998
sw06, 1509, 145.59230698835998
sw06, 1510, 145.59230698835998
sw06, 1511, 145.59230698835998
sw06, 1512, 145.59230698835998
sw06, 1513, 145.59230698835998
sw06, 1514, 145.59230698835998
sw06, 1515, 145.59230698835998
sw06, 1516, 145.59230698835998
sw06, 1517, 145.59230698835998
sw06, 1518, 145.59230698835998
sw06, 1519, 145.59230698835998
sw06, 1520, 145.59230698835998
sw06, 1521, 145.59230698835998
sw06, 1522, 145.59230698835998
sw06, 1523, 145.59230698835998
sw06, 1524, 145.59230698835998
sw06, 1525, 145.59230698835998
sw06, 1526, 145.59230698835998
sw06, 1527, 145.59230698835998
sw06, 1528, 145.59230698835998
sw06, 1529, 145.59230698835998
sw06, 1530, 145.59230698835998
sw06, 1531, 145.59230698835998
sw06, 1532, 145.59230698835998
sw06, 1533, 145.59230698835998
sw06, 1534, 145.59230698835998
sw06, 1535, 145.59230698835998
sw06, 1536, 145.59230698835998
sw06, 1537, 145.59230698835998
sw06, 1538, 145.59230698835998
sw06, 1539, 145.59230698835998
sw06, 1540, 145.59230698835998
sw06, 1541, 145.59230698835998
sw06, 1542, 145.59230698835998
sw06, 1543, 145.59230698835998
sw06, 1544, 145.59230698835998
sw06, 1545, 145.59230698835998
sw06, 1546, 145.59230698835998
sw06, 1547, 145.59230698835998
sw06, 1548, 145.59230698835998
sw06, 1549, 145.59230698835998
sw06, 1550, 145.59230698835998
sw06, 1551, 145.59230698835998
sw06, 1552, 145.59230698835998
sw06, 1553, 145.59230698835998
sw06, 1554, 145.59230698835998
sw06, 1555, 145.59230698835998
sw06, 1556, 145.59230698835998
sw06, 1557, 145.59230698835998
sw06, 1558, 145.59230698835998
sw06, 1559, 145.59230698835998
sw06, 1560, 145.59230698835998
sw06, 1561, 145.59230698835998
sw06, 1562, 145.59230698835998
sw06, 1563, 145.59230698835998
sw06, 1564, 145.59230698835998
sw06, 1565, 145.59230698835998
sw06, 1566, 145.59230698835998
sw06, 1567, 145.59230698835998
sw06, 1568, 145.59230698835998
sw06, 1569, 145.59230698835998
sw06, 1570, 145.59230698835998
sw06, 1571, 145.59230698835998
sw06, 1572, 145.59230698835998
sw06, 1573, 145.59230698835998
sw06, 1574, 145.59230698835998
sw06, 1575, 145.59230698835998
sw06, 1576, 145.59230698835998
sw06, 1577, 145.59230698835998
sw06, 1578, 145.59230698835998
sw06, 1579, 145.59230698835998
sw06, 1580, 145.59230698835998
sw06, 1581, 145.59230698835998
sw06, 1582, 145.59230698835998
sw06, 1583, 145.59230698835998
sw06, 1584, 145.59230698835998
sw06, 1585, 145.59230698835998
sw06, 1586, 145.59230698835998
sw06, 1587, 145.59230698835998
sw06, 1588, 145.59230698835998
sw06, 1589, 145.59230698835998
sw06, 1590, 145.59230698835998
sw06, 1591, 145.59230698835998
sw06, 1592, 145.59230698835998
sw06, 1593, 145.59230698835998
sw06, 1594, 145.59230698835998
sw06, 1595, 145.59230698835998
sw06, 1596, 145.59230698835998
sw06, 1597, 145.59230698835998
sw06, 1598, 145.59230698835998
sw06, 1599, 145.59230698835998
sw06, 1600, 151.2573768733093
sw06, 1601, 151.2573768733093
sw06, 1602, 151.2573768733093
sw06, 1603, 151.2573768733093
sw06, 1604, 151.2573768733093
sw06, 1605, 151.2573768733093
sw06, 1606, 151.2573768733093
sw06, 1607, 151.2573768733093
sw06, 1608, 151.2573768733093
sw06, 1609, 151.2573768733093
sw06, 1610, 151.2573768733093
sw06, 1611, 151.2573768733093
sw06, 1612, 151.2573768733093
sw06, 1613, 151.2573768733093
sw06, 1614, 151.2573768733093
sw06, 1615, 151.2573768733093
sw06, 1616, 151.2573768733093
sw06, 1617, 151.2573768733093
sw06, 1618, 151.2573768733093
sw06, 1619, 151.2573768733093
sw06, 1620, 151.2573768733093
sw06, 1621, 151.2573768733093
sw06, 1622, 151.2573768733093
sw06, 1623, 151.2573768733093
sw06, 1624, 151.2573768733093
sw06, 1625, 151.2573768733093
sw06, 1626, 151.2573768733093
sw06, 1627, 151.2573768733093
sw06, 1628, 151.2573768733093
sw06, 1629, 151.2573768733093
sw06, 1630, 151.2573768733093
sw06, 1631, 151.2573768733093
sw06, 1632, 151.2573768733093
sw06, 1633, 151.2573768733093
sw06, 1634, 151.2573768733093
sw06, 1635, 151.2573768733093
sw06, 1636, 151.2573768733093
sw06, 1637, 151.2573768733093
sw06, 1638, 151.2573768733093
sw06, 1639, 151.2573768733093
sw06, 1640, 151.2573768733093
sw06, 1641, 151.2573768733093
sw06, 1642, 151.2573768733093
sw06, 1643, 151.2573768733093
sw06, 1644, 151.2573768733093
sw06, 1645, 151.2573768733093
sw06, 1646, 151.2573768733093
sw06, 1647, 151.2573768733093
sw06, 1648, 151.2573768733093
sw06, 1649, 151.2573768733093
sw06, 1650, 151.2573768733093
sw06, 1651, 151.2573768733093
sw06, 1652, 151.2573768733093
sw06, 1653, 151.2573768733093
sw06, 1654, 151.2573768733093
sw06, 1655, 151.2573768733093
sw06, 1656, 151.2573768733093
sw06, 1657, 151.2573768733093
sw06, 1658, 151.2573768733093
sw06, 1659, 151.2573768733093
sw06, 1660, 151.2573768733093
sw06, 1661, 151.2573768733093
sw06, 1662, 151.2573768733093
sw06, 1663, 151.2573768733093
sw06, 1664, 151.2573768733093
sw06, 1665, 151.2573768733093
sw06, 1666, 151.2573768733093
sw06, 1667, 151.2573768733093
sw06, 1668, 151.2573768733093
sw06, 1669, 151.2573768733093
sw06, 1670, 151.2573768733093
sw06, 1671, 151.2573768733093
sw06, 1672, 151.2573768733093
sw06, 1673, 151.2573768733093
sw06, 1674, 151.2573768733093
sw06, 1675, 151.2573768733093
sw06, 1676, 151.2573768733093
sw06, 1677, 151.2573768733093
sw06, 1678, 151.2573768733093
sw06, 1679, 151.2573768733093
sw06, 1680, 151.2573768733093
sw06, 1681, 151.2573768733093
sw06, 1682, 151.2573768733093
sw06, 1683, 151.2573768733093
sw06, 1684, 151.2573768733093
sw06, 1685, 151.2573768733093
sw06, 1686, 151.2573768733093
sw06, 1687, 151.2573768733093
sw06, 1688, 151.2573768733093
sw06, 1689, 151.2573768733093
sw06, 1690, 151.2573768733093
sw06, 1691, 151.2573768733093
sw06, 1692, 151.2573768733093
sw06, 1693, 151.2573768733093
sw06, 1694, 151.2573768733093
sw06, 1695, 151.2573768733093
sw06, 1696, 151.2573768733093
sw06, 1697, 151.2573768733093
sw06, 1698, 151.2573768733093
sw06, 1699, 151.2573768733093
sw06, 1700, 151.2573768733093
sw06, 1701, 151.2573768733093
sw06, 1702, 151.2573768733093
sw06, 1703, 151.2573768733093
sw06, 1704, 151.2573768733093
sw06, 1705, 151.2573768733093
sw06, 1706, 151.2573768733093
sw06, 1707, 151.2573768733093
sw06, 1708, 151.2573768733093
sw06, 1709, 151.2573768733093
sw06, 1710, 151.2573768733093
sw06, 1711, 151.2573768733093
sw06, 1712, 151.2573768733093
sw06, 1713, 151.2573768733093
sw06, 1714, 151.2573768733093
sw06, 1715, 151.2573768733093
sw06, 1716, 151.2573768733093
sw06, 1717, 151.2573768733093
sw06, 1718, 151.2573768733093
sw06, 1719, 151.2573768733093
sw06, 1720, 151.2573768733093
sw06, 1721, 151.2573768733093
sw06, 1722, 151.2573768733093
sw06, 1723, 151.2573768733093
sw06, 1724, 151.2573768733093
sw06, 1725, 151.2573768733093
sw06, 1726, 151.2573768733093
sw06, 1727, 151.2573768733093
sw06, 1728, 151.2573768733093
sw06, 1729, 151.2573768733093
sw06, 1730, 151.2573768733093
sw06, 1731, 151.2573768733093
sw06, 1732, 151.2573768733093
sw06, 1733, 151.2573768733093
sw06, 1734, 151.2573768733093
sw06, 1735, 151.2573768733093
sw06, 1736, 151.2573768733093
sw06, 1737, 151.2573768733093
sw06, 1738, 151.2573768733093
sw06, 1739, 151.2573768733093
sw06, 1740, 151.2573768733093
sw06, 1741, 151.2573768733093
sw06, 1742, 151.2573768733093
sw06, 1743, 151.2573768733093
sw06, 1744, 151.2573768733093
sw06, 1745, 151.2573768733093
sw06, 1746, 151.2573768733093
sw06, 1747, 151.2573768733093
sw06, 1748, 151.2573768733093
sw06, 1749, 151.2573768733093
sw06, 1750, 151.2573768733093
sw06, 1751, 151.2573768733093
sw06, 1752, 151.2573768733093
sw06, 1753, 151.2573768733093
sw06, 1754, 151.2573768733093
sw06, 1755, 151.2573768733093
sw06, 1756, 151.2573768733093
sw06, 1757, 151.2573768733093
sw06, 1758, 151.2573768733093
sw06, 1759, 151.2573768733093
sw06, 1760, 151.2573768733093
sw06, 1761, 151.2573768733093
sw06, 1762, 151.2573768733093
sw06, 1763, 151.2573768733093
sw06, 1764, 151.2573768733093
sw06, 1765, 151.2573768733093
sw06, 1766, 151.2573768733093
sw06, 1767, 151.2573768733093
sw06, 1768, 151.2573768733093
sw06, 1769, 151.2573768733093
sw06, 1770, 151.2573768733093
sw06, 1771, 151.2573768733093
sw06, 1772, 151.2573768733093
sw06, 1773, 151.2573768733093
sw06, 1774, 151.2573768733093
sw06, 1775, 151.2573768733093
sw06, 1776, 151.2573768733093
sw06, 1777, 151.2573768733093
sw06, 1778, 151.2573768733093
sw06, 1779, 151.2573768733093
sw06, 1780, 151.2573768733093
sw06, 1781, 151.2573768733093
sw06, 1782, 151.2573768733093
sw06, 1783, 151.2573768733093
sw06, 1784, 151.2573768733093
sw06, 1785, 151.2573768733093
sw06, 1786, 151.2573768733093
sw06, 1787, 151.2573768733093
sw06, 1788, 151.2573768733093
sw06, 1789, 151.2573768733093
sw06, 1790, 151.2573768733093
sw06, 1791, 151.2573768733093
sw06, 1792, 151.2573768733093
sw06, 1793, 151.2573768733093
sw06, 1794, 151.2573768733093
sw06, 1795, 151.2573768733093
sw06, 1796, 151.2573768733093
sw06, 1797, 151.2573768733093
sw06, 1798, 151.2573768733093
sw06, 1799, 151.2573768733093
sw06, 1800, 146.5875257119783
sw06, 1801, 146.5875257119783
sw06, 1802, 146.5875257119783
sw06, 1803, 146.5875257119783
sw06, 1804, 146.5875257119783
sw06, 1805, 146.5875257119783
sw06, 1806, 146.5875257119783
sw06, 1807, 146.5875257119783
sw06, 1808, 146.5875257119783
sw06, 1809, 146.5875257119783
sw06, 1810, 146.5875257119783
sw06, 1811, 146.5875257119783
sw06, 1812, 146.5875257119783
sw06, 1813, 146.5875257119783
sw06, 1814, 146.5875257119783
sw06, 1815, 146.5875257119783
sw06, 1816, 146.5875257119783
sw06, 1817, 146.5875257119783
sw06, 1818, 146.5875257119783
sw06, 1819, 146.5875257119783
sw06, 1820, 146.5875257119783
sw06, 1821, 146.5875257119783
sw06, 1822, 146.5875257119783
sw06, 1823, 146.5875257119783
sw06, 1824, 146.5875257119783
sw06, 1825, 146.5875257119783
sw06, 1826, 146.5875257119783
sw06, 1827, 146.5875257119783
sw06, 1828, 146.5875257119783
sw06, 1829, 146.5875257119783
sw06, 1830, 146.5875257119783
sw06, 1831, 146.5875257119783
sw06, 1832, 146.5875257119783
sw06, 1833, 146.5875257119783
sw06, 1834, 146.5875257119783
sw06, 1835, 146.5875257119783
sw06, 1836, 146.5875257119783
sw06, 1837, 146.5875257119783
sw06, 1838, 146.5875257119783
sw06, 1839, 146.5875257119783
sw06, 1840, 146.5875257119783
sw06, 1841, 146.5875257119783
sw06, 1842, 146.5875257119783
sw06, 1843, 146.5875257119783
sw06, 1844, 146.5875257119783
sw06, 1845, 146.5875257119783
sw06, 1846, 146.5875257119783
sw06, 1847, 146.5875257119783
sw06, 1848, 146.5875257119783
sw06, 1849, 146.5875257119783
sw06, 1850, 146.5875257119783
sw06, 1851, 146.5875257119783
sw06, 1852, 146.5875257119783
sw06, 1853, 146.5875257119783
sw06, 1854, 146.5875257119783
sw06, 1855, 146.5875257119783
sw06, 1856, 146.5875257119783
sw06, 1857, 146.5875257119783
sw06, 1858, 146.5875257119783
sw06, 1859, 146.5875257119783
sw06, 1860, 146.5875257119783
sw06, 1861, 146.5875257119783
sw06, 1862, 146.5875257119783
sw06, 1863, 146.5875257119783
sw06, 1864, 146.5875257119783
sw06, 1865, 146.5875257119783
sw06, 1866, 146.5875257119783
sw06, 1867, 146.5875257119783
sw06, 1868, 146.5875257119783
sw06, 1869, 146.5875257119783
sw06, 1870, 146.5875257119783
sw06, 1871, 146.5875257119783
sw06, 1872, 146.5875257119783
sw06, 1873, 146.5875257119783
sw06, 1874, 146.5875257119783
sw06, 1875, 146.5875257119783
sw06, 1876, 146.5875257119783
sw06, 1877, 146.5875257119783
sw06, 1878, 146.5875257119783
sw06, 1879, 146.5875257119783
sw06, 1880, 146.5875257119783
sw06, 1881, 146.5875257119783
sw06, 1882, 146.5875257119783
sw06, 1883, 146.5875257119783
sw06, 1884, 146.5875257119783
sw06, 1885, 146.5875257119783
sw06, 1886, 146.5875257119783
sw06, 1887, 146.5875257119783
sw06, 1888, 146.5875257119783
sw06, 1889, 146.5875257119783
sw06, 1890, 146.5875257119783
sw06, 1891, 146.5875257119783
sw06, 1892, 146.5875257119783
sw06, 1893, 146.5875257119783
sw06, 1894, 146.5875257119783
sw06, 1895, 146.5875257119783
sw06, 1896, 146.5875257119783
sw06, 1897, 146.5875257119783
sw06, 1898, 146.5875257119783
sw06, 1899, 146.5875257119783
sw06, 1900, 146.5875257119783
sw06, 1901, 146.5875257119783
sw06, 1902, 146.5875257119783
sw06, 1903, 146.5875257119783
sw06, 1904, 146.5875257119783
sw06, 1905, 146.5875257119783
sw06, 1906, 146.5875257119783
sw06, 1907, 146.5875257119783
sw06, 1908, 146.5875257119783
sw06, 1909, 146.5875257119783
sw06, 1910, 146.5875257119783
sw06, 1911, 146.5875257119783
sw06, 1912, 146.5875257119783
sw06, 1913, 146.5875257119783
sw06, 1914, 146.5875257119783
sw06, 1915, 146.5875257119783
sw06, 1916, 146.5875257119783
sw06, 1917, 146.5875257119783
sw06, 1918, 146.5875257119783
sw06, 1919, 146.5875257119783
sw06, 1920, 146.5875257119783
sw06, 1921, 146.5875257119783
sw06, 1922, 146.5875257119783
sw06, 1923, 146.5875257119783
sw06, 1924, 146.5875257119783
sw06, 1925, 146.5875257119783
sw06, 1926, 146.5875257119783
sw06, 1927, 146.5875257119783
sw06, 1928, 146.5875257119783
sw06, 1929, 146.5875257119783
sw06, 1930, 146.5875257119783
sw06, 1931, 146.5875257119783
sw06, 1932, 146.5875257119783
sw06, 1933, 146.5875257119783
sw06, 1934, 146.5875257119783
sw06, 1935, 146.5875257119783
sw06, 1936, 146.5875257119783
sw06, 1937, 146.5875257119783
sw06, 1938, 146.5875257119783
sw06, 1939, 146.5875257119783
sw06, 1940, 146.5875257119783
sw06, 1941, 146.5875257119783
sw06, 1942, 146.5875257119783
sw06, 1943, 146.5875257119783
sw06, 1944, 146.5875257119783
sw06, 1945, 146.5875257119783
sw06, 1946, 146.5875257119783
sw06, 1947, 146.5875257119783
sw06, 1948, 146.5875257119783
sw06, 1949, 146.5875257119783
sw06, 1950, 146.5875257119783
sw06, 1951, 146.5875257119783
sw06, 1952, 146.5875257119783
sw06, 1953, 146.5875257119783
sw06, 1954, 146.5875257119783
sw06, 1955, 146.5875257119783
sw06, 1956, 146.5875257119783
sw06, 1957, 146.5875257119783
sw06, 1958, 146.5875257119783
sw06, 1959, 146.5875257119783
sw06, 1960, 146.5875257119783
sw06, 1961, 146.5875257119783
sw06, 1962, 146.5875257119783
sw06, 1963, 146.5875257119783
sw06, 1964, 146.5875257119783
sw06, 1965, 146.5875257119783
sw06, 1966, 146.5875257119783
sw06, 1967, 146.5875257119783
sw06, 1968, 146.5875257119783
sw06, 1969, 146.5875257119783
sw06, 1970, 146.5875257119783
sw06, 1971, 146.5875257119783
sw06, 1972, 146.5875257119783
sw06, 1973, 146.5875257119783
sw06, 1974, 146.5875257119783
sw06, 1975, 146.5875257119783
sw06, 1976, 146.5875257119783
sw06, 1977, 146.5875257119783
sw06, 1978, 146.5875257119783
sw06, 1979, 146.5875257119783
sw06, 1980, 146.5875257119783
sw06, 1981, 146.5875257119783
sw06, 1982, 146.5875257119783
sw06, 1983, 146.5875257119783
sw06, 1984, 146.5875257119783
sw06, 1985, 146.5875257119783
sw06, 1986, 146.5875257119783
sw06, 1987, 146.5875257119783
sw06, 1988, 146.5875257119783
sw06, 1989, 146.5875257119783
sw06, 1990, 146.5875257119783
sw06, 1991, 146.5875257119783
sw06, 1992, 146.5875257119783
sw06, 1993, 146.5875257119783
sw06, 1994, 146.5875257119783
sw06, 1995, 146.5875257119783
sw06, 1996, 146.5875257119783
sw06, 1997, 146.5875257119783
sw06, 1998, 146.5875257119783
sw06, 1999, 146.5875257119783
sw06, 2000, 159.614051622675
sw06, 2001, 159.614051622675
sw06, 2002, 159.614051622675
sw06, 2003, 159.614051622675
sw06, 2004, 159.614051622675
sw06, 2005, 159.614051622675
sw06, 2006, 159.614051622675
sw06, 2007, 159.614051622675
sw06, 2008, 159.614051622675
sw06, 2009, 159.614051622675
sw06, 2010, 159.614051622675
sw06, 2011, 159.614051622675
sw06, 2012, 159.614051622675
sw06, 2013, 159.614051622675
sw06, 2014, 159.614051622675
sw06, 2015, 159.614051622675
sw06, 2016, 159.614051622675
sw06, 2017, 159.614051622675
sw06, 2018, 159.614051622675
sw06, 2019, 159.614051622675
sw06, 2020, 159.614051622675
sw06, 2021, 159.614051622675
sw06, 2022, 159.614051622675
sw06, 2023, 159.614051622675
sw06, 2024, 159.614051622675
sw06, 2025, 159.614051622675
sw06, 2026, 159.614051622675
sw06, 2027, 159.614051622675
sw06, 2028, 159.614051622675
sw06, 2029, 159.614051622675
sw06, 2030, 159.614051622675
sw06, 2031, 159.614051622675
sw06, 2032, 159.614051622675
sw06, 2033, 159.614051622675
sw06, 2034, 159.614051622675
sw06, 2035, 159.614051622675
sw06, 2036, 159.614051622675
sw06, 2037, 159.614051622675
sw06, 2038, 159.614051622675
sw06, 2039, 159.614051622675
sw06, 2040, 159.614051622675
sw06, 2041, 159.614051622675
sw06, 2042, 159.614051622675
sw06, 2043, 159.614051622675
sw06, 2044, 159.614051622675
sw06, 2045, 159.614051622675
sw06, 2046, 159.614051622675
sw06, 2047, 159.614051622675
sw06, 2048, 159.614051622675
sw06, 2049, 159.614051622675
sw06, 2050, 159.614051622675
sw06, 2051, 159.614051622675
sw06, 2052, 159.614051622675
sw06, 2053, 159.614051622675
sw06, 2054, 159.614051622675
sw06, 2055, 159.614051622675
sw06, 2056, 159.614051622675
sw06, 2057, 159.614051622675
sw06, 2058, 159.614051622675
sw06, 2059, 159.614051622675
sw06, 2060, 159.614051622675
sw06, 2061, 159.614051622675
sw06, 2062, 159.614051622675
sw06, 2063, 159.614051622675
sw06, 2064, 159.614051622675
sw06, 2065, 159.614051622675
sw06, 2066, 159.614051622675
sw06, 2067, 159.614051622675
sw06, 2068, 159.614051622675
sw06, 2069, 159.614051622675
sw06, 2070, 159.614051622675
sw06, 2071, 159.614051622675
sw06, 2072, 159.614051622675
sw06, 2073, 159.614051622675
sw06, 2074, 159.614051622675
sw06, 2075, 159.614051622675
sw06, 2076, 159.614051622675
sw06, 2077, 159.614051622675
sw06, 2078, 159.614051622675
sw06, 2079, 159.614051622675
sw06, 2080, 159.614051622675
sw06, 2081, 159.614051622675
sw06, 2082, 159.614051622675
sw06, 2083, 159.614051622675
sw06, 2084, 159.614051622675
sw06, 2085, 159.614051622675
sw06, 2086, 159.614051622675
sw06, 2087, 159.614051622675
sw06, 2088, 159.614051622675
sw06, 2089, 159.614051622675
sw06, 2090, 159.614051622675
sw06, 2091, 159.614051622675
sw06, 2092, 159.614051622675
sw06, 2093, 159.614051622675
sw06, 2094, 159.614051622675
sw06, 2095, 159.614051622675
sw06, 2096, 159.614051622675
sw06, 2097, 159.614051622675
sw06, 2098, 159.614051622675
sw06, 2099, 159.614051622675
sw06, 2100, 159.614051622675
sw06, 2101, 159.614051622675
sw06, 2102, 159.614051622675
sw06, 2103, 159.614051622675
sw06, 2104, 159.614051622675
sw06, 2105, 159.614051622675
sw06, 2106, 159.614051622675
sw06, 2107, 159.614051622675
sw06, 2108, 159.614051622675
sw06, 2109, 159.614051622675
sw06, 2110, 159.614051622675
sw06, 2111, 159.614051622675
sw06, 2112, 159.614051622675
sw06, 2113, 159.614051622675
sw06, 2114, 159.614051622675
sw06, 2115, 159.614051622675
sw06, 2116, 159.614051622675
sw06, 2117, 159.614051622675
sw06, 2118, 159.614051622675
sw06, 2119, 159.614051622675
sw06, 2120, 159.614051622675
sw06, 2121, 159.614051622675
sw06, 2122, 159.614051622675
sw06, 2123, 159.614051622675
sw06, 2124, 159.614051622675
sw06, 2125, 159.614051622675
sw06, 2126, 159.614051622675
sw06, 2127, 159.614051622675
sw06, 2128, 159.614051622675
sw06, 2129, 159.614051622675
sw06, 2130, 159.614051622675
sw06, 2131, 159.614051622675
sw06, 2132, 159.614051622675
sw06, 2133, 159.614051622675
sw06, 2134, 159.614051622675
sw06, 2135, 159.614051622675
sw06, 2136, 159.614051622675
sw06, 2137, 159.614051622675
sw06, 2138, 159.614051622675
sw06, 2139, 159.614051622675
sw06, 2140, 159.614051622675
sw06, 2141, 159.614051622675
sw06, 2142, 159.614051622675
sw06, 2143, 159.614051622675
sw06, 2144, 159.614051622675
sw06, 2145, 159.614051622675
sw06, 2146, 159.614051622675
sw06, 2147, 159.614051622675
sw06, 2148, 159.614051622675
sw06, 2149, 159.614051622675
sw06, 2150, 159.614051622675
sw06, 2151, 159.614051622675
sw06, 2152, 159.614051622675
sw06, 2153, 159.614051622675
sw06, 2154, 159.614051622675
sw06, 2155, 159.614051622675
sw06, 2156, 159.614051622675
sw06, 2157, 159.614051622675
sw06, 2158, 159.614051622675
sw06, 2159, 159.614051622675
sw06, 2160, 159.614051622675
sw06, 2161, 159.614051622675
sw06, 2162, 159.614051622675
sw06, 2163, 159.614051622675
sw06, 2164, 159.614051622675
sw06, 2165, 159.614051622675
sw06, 2166, 159.614051622675
sw06, 2167, 159.614051622675
sw06, 2168, 159.614051622675
sw06, 2169, 159.614051622675
sw06, 2170, 159.614051622675
sw06, 2171, 159.614051622675
sw06, 2172, 159.614051622675
sw06, 2173, 159.614051622675
sw06, 2174, 159.614051622675
sw06, 2175, 159.614051622675
sw06, 2176, 159.614051622675
sw06, 2177, 159.614051622675
sw06, 2178, 159.614051622675
sw06, 2179, 159.614051622675
sw06, 2180, 159.614051622675
sw06, 2181, 159.614051622675
sw06, 2182, 159.614051622675
sw06, 2183, 159.614051622675
sw06, 2184, 159.614051622675
sw06, 2185, 159.614051622675
sw06, 2186, 159.614051622675
sw06, 2187, 159.614051622675
sw06, 2188, 159.614051622675
sw06, 2189, 159.614051622675
sw06, 2190, 159.614051622675
sw06, 2191, 159.614051622675
sw06, 2192, 159.614051622675
sw06, 2193, 159.614051622675
sw06, 2194, 159.614051622675
sw06, 2195, 159.614051622675
sw06, 2196, 159.614051622675
sw06, 2197, 159.614051622675
sw06, 2198, 159.614051622675
sw06, 2199, 159.614051622675
sw06, 2200, 145.73012828517875
sw06, 2201, 145.73012828517875
sw06, 2202, 145.73012828517875
sw06, 2203, 145.73012828517875
sw06, 2204, 145.73012828517875
sw06, 2205, 145.73012828517875
sw06, 2206, 145.73012828517875
sw06, 2207, 145.73012828517875
sw06, 2208, 145.73012828517875
sw06, 2209, 145.73012828517875
sw06, 2210, 145.73012828517875
sw06, 2211, 145.73012828517875
sw06, 2212, 145.73012828517875
sw06, 2213, 145.73012828517875
sw06, 2214, 145.73012828517875
sw06, 2215, 145.73012828517875
sw06, 2216, 145.73012828517875
sw06, 2217, 145.73012828517875
sw06, 2218, 145.73012828517875
sw06, 2219, 145.73012828517875
sw06, 2220, 145.73012828517875
sw06, 2221, 145.73012828517875
sw06, 2222, 145.73012828517875
sw06, 2223, 145.73012828517875
sw06, 2224, 145.73012828517875
sw06, 2225, 145.73012828517875
sw06, 2226, 145.73012828517875
sw06, 2227, 145.73012828517875
sw06, 2228, 145.73012828517875
sw06, 2229, 145.73012828517875
sw06, 2230, 145.73012828517875
sw06, 2231, 145.73012828517875
sw06, 2232, 145.73012828517875
sw06, 2233, 145.73012828517875
sw06, 2234, 145.73012828517875
sw06, 2235, 145.73012828517875
sw06, 2236, 145.73012828517875
sw06, 2237, 145.73012828517875
sw06, 2238, 145.73012828517875
sw06, 2239, 145.73012828517875
sw06, 2240, 145.73012828517875
sw06, 2241, 145.73012828517875
sw06, 2242, 145.73012828517875
sw06, 2243, 145.73012828517875
sw06, 2244, 145.73012828517875
sw06, 2245, 145.73012828517875
sw06, 2246, 145.73012828517875
sw06, 2247, 145.73012828517875
sw06, 2248, 145.73012828517875
sw06, 2249, 145.73012828517875
sw06, 2250, 145.73012828517875
sw06, 2251, 145.73012828517875
sw06, 2252, 145.73012828517875
sw06, 2253, 145.73012828517875
sw06, 2254, 145.73012828517875
sw06, 2255, 145.73012828517875
sw06, 2256, 145.73012828517875
sw06, 2257, 145.73012828517875
sw06, 2258, 145.73012828517875
sw06, 2259, 145.73012828517875
sw06, 2260, 145.73012828517875
sw06, 2261, 145.73012828517875
sw06, 2262, 145.73012828517875
sw06, 2263, 145.73012828517875
sw06, 2264, 145.73012828517875
sw06, 2265, 145.73012828517875
sw06, 2266, 145.73012828517875
sw06, 2267, 145.73012828517875
sw06, 2268, 145.73012828517875
sw06, 2269, 145.73012828517875
sw06, 2270, 145.73012828517875
sw06, 2271, 145.73012828517875
sw06, 2272, 145.73012828517875
sw06, 2273, 145.73012828517875
sw06, 2274, 145.73012828517875
sw06, 2275, 145.73012828517875
sw06, 2276, 145.73012828517875
sw06, 2277, 145.73012828517875
sw06, 2278, 145.73012828517875
sw06, 2279, 145.73012828517875
sw06, 2280, 145.73012828517875
sw06, 2281, 145.73012828517875
sw06, 2282, 145.73012828517875
sw06, 2283, 145.73012828517875
sw06, 2284, 145.73012828517875
sw06, 2285, 145.73012828517875
sw06, 2286, 145.73012828517875
sw06, 2287, 145.73012828517875
sw06, 2288, 145.73012828517875
sw06, 2289, 145.73012828517875
sw06, 2290, 145.73012828517875
sw06, 2291, 145.73012828517875
sw06, 2292, 145.73012828517875
sw06, 2293, 145.73012828517875
sw06, 2294, 145.73012828517875
sw06, 2295, 145.73012828517875
sw06, 2296, 145.73012828517875
sw06, 2297, 145.73012828517875
sw06, 2298, 145.73012828517875
sw06, 2299, 145.73012828517875
sw06, 2300, 145.73012828517875
sw06, 2301, 145.73012828517875
sw06, 2302, 145.73012828517875
sw06, 2303, 145.73012828517875
sw06, 2304, 145.73012828517875
sw06, 2305, 145.73012828517875
sw06, 2306, 145.73012828517875
sw06, 2307, 145.73012828517875
sw06, 2308, 145.73012828517875
sw06, 2309, 145.73012828517875
sw06, 2310, 145.73012828517875
sw06, 2311, 145.73012828517875
sw06, 2312, 145.73012828517875
sw06, 2313, 145.73012828517875
sw06, 2314, 145.73012828517875
sw06, 2315, 145.73012828517875
sw06, 2316, 145.73012828517875
sw06, 2317, 145.73012828517875
sw06, 2318, 145.73012828517875
sw06, 2319, 145.73012828517875
sw06, 2320, 145.73012828517875
sw06, 2321, 145.73012828517875
sw06, 2322, 145.73012828517875
sw06, 2323, 145.73012828517875
sw06, 2324, 145.73012828517875
sw06, 2325, 145.73012828517875
sw06, 2326, 145.73012828517875
sw06, 2327, 145.73012828517875
sw06, 2328, 145.73012828517875
sw06, 2329, 145.73012828517875
sw06, 2330, 145.73012828517875
sw06, 2331, 145.73012828517875
sw06, 2332, 145.73012828517875
sw06, 2333, 145.73012828517875
sw06, 2334, 145.73012828517875
sw06, 2335, 145.73012828517875
sw06, 2336, 145.73012828517875
sw06, 2337, 145.73012828517875
sw06, 2338, 145.73012828517875
sw06, 2339, 145.73012828517875
sw06, 2340, 145.73012828517875
sw06, 2341, 145.73012828517875
sw06, 2342, 145.73012828517875
sw06, 2343, 145.73012828517875
sw06, 2344, 145.73012828517875
sw06, 2345, 145.73012828517875
sw06, 2346, 145.73012828517875
sw06, 2347, 145.73012828517875
sw06, 2348, 145.73012828517875
sw06, 2349, 145.73012828517875
sw06, 2350, 145.73012828517875
sw06, 2351, 145.73012828517875
sw06, 2352, 145.73012828517875
sw06, 2353, 145.73012828517875
sw06, 2354, 145.73012828517875
sw06, 2355, 145.73012828517875
sw06, 2356, 145.73012828517875
sw06, 2357, 145.73012828517875
sw06, 2358, 145.73012828517875
sw06, 2359, 145.73012828517875
sw06, 2360, 145.73012828517875
sw06, 2361, 145.73012828517875
sw06, 2362, 145.73012828517875
sw06, 2363, 145.73012828517875
sw06, 2364, 145.73012828517875
sw06, 2365, 145.73012828517875
sw06, 2366, 145.73012828517875
sw06, 2367, 145.73012828517875
sw06, 2368, 145.73012828517875
sw06, 2369, 145.73012828517875
sw06, 2370, 145.73012828517875
sw06, 2371, 145.73012828517875
sw06, 2372, 145.73012828517875
sw06, 2373, 145.73012828517875
sw06, 2374, 145.73012828517875
sw06, 2375, 145.73012828517875
sw06, 2376, 145.73012828517875
sw06, 2377, 145.73012828517875
sw06, 2378, 145.73012828517875
sw06, 2379, 145.73012828517875
sw06, 2380, 145.73012828517875
sw06, 2381, 145.73012828517875
sw06, 2382, 145.73012828517875
sw06, 2383, 145.73012828517875
sw06, 2384, 145.73012828517875
sw06, 2385, 145.73012828517875
sw06, 2386, 145.73012828517875
sw06, 2387, 145.73012828517875
sw06, 2388, 145.73012828517875
sw06, 2389, 145.73012828517875
sw06, 2390, 145.73012828517875
sw06, 2391, 145.73012828517875
sw06, 2392, 145.73012828517875
sw06, 2393, 145.73012828517875
sw06, 2394, 145.73012828517875
sw06, 2395, 145.73012828517875
sw06, 2396, 145.73012828517875
sw06, 2397, 145.73012828517875
sw06, 2398, 145.73012828517875
sw06, 2399, 145.73012828517875
sw06, 2400, 149.47024448357135
sw06, 2401, 149.47024448357135
sw06, 2402, 149.47024448357135
sw06, 2403, 149.47024448357135
sw06, 2404, 149.47024448357135
sw06, 2405, 149.47024448357135
sw06, 2406, 149.47024448357135
sw06, 2407, 149.47024448357135
sw06, 2408, 149.47024448357135
sw06, 2409, 149.47024448357135
sw06, 2410, 149.47024448357135
sw06, 2411, 149.47024448357135
sw06, 2412, 149.47024448357135
sw06, 2413, 149.47024448357135
sw06, 2414, 149.47024448357135
sw06, 2415, 149.47024448357135
sw06, 2416, 149.47024448357135
sw06, 2417, 149.47024448357135
sw06, 2418, 149.47024448357135
sw06, 2419, 149.47024448357135
sw06, 2420, 149.47024448357135
sw06, 2421, 149.47024448357135
sw06, 2422, 149.47024448357135
sw06, 2423, 149.47024448357135
sw06, 2424, 149.47024448357135
sw06, 2425, 149.47024448357135
sw06, 2426, 149.47024448357135
sw06, 2427, 149.47024448357135
sw06, 2428, 149.47024448357135
sw06, 2429, 149.47024448357135
sw06, 2430, 149.47024448357135
sw06, 2431, 149.47024448357135
sw06, 2432, 149.47024448357135
sw06, 2433, 149.47024448357135
sw06, 2434, 149.47024448357135
sw06, 2435, 149.47024448357135
sw06, 2436, 149.47024448357135
sw06, 2437, 149.47024448357135
sw06, 2438, 149.47024448357135
sw06, 2439, 149.47024448357135
sw06, 2440, 149.47024448357135
sw06, 2441, 149.47024448357135
sw06, 2442, 149.47024448357135
sw06, 2443, 149.47024448357135
sw06, 2444, 149.47024448357135
sw06, 2445, 149.47024448357135
sw06, 2446, 149.47024448357135
sw06, 2447, 149.47024448357135
sw06, 2448, 149.47024448357135
sw06, 2449, 149.47024448357135
sw06, 2450, 149.47024448357135
sw06, 2451, 149.47024448357135
sw06, 2452, 149.47024448357135
sw06, 2453, 149.47024448357135
sw06, 2454, 149.47024448357135
sw06, 2455, 149.47024448357135
sw06, 2456, 149.47024448357135
sw06, 2457, 149.47024448357135
sw06, 2458, 149.47024448357135
sw06, 2459, 149.47024448357135
sw06, 2460, 149.47024448357135
sw06, 2461, 149.47024448357135
sw06, 2462, 149.47024448357135
sw06, 2463, 149.47024448357135
sw06, 2464, 149.47024448357135
sw06, 2465, 149.47024448357135
sw06, 2466, 149.47024448357135
sw06, 2467, 149.47024448357135
sw06, 2468, 149.47024448357135
sw06, 2469, 149.47024448357135
sw06, 2470, 149.47024448357135
sw06, 2471, 149.47024448357135
sw06, 2472, 149.47024448357135
sw06, 2473, 149.47024448357135
sw06, 2474, 149.47024448357135
sw06, 2475, 149.47024448357135
sw06, 2476, 149.47024448357135
sw06, 2477, 149.47024448357135
sw06, 2478, 149.47024448357135
sw06, 2479, 149.47024448357135
sw06, 2480, 149.47024448357135
sw06, 2481, 149.47024448357135
sw06, 2482, 149.47024448357135
sw06, 2483, 149.47024448357135
sw06, 2484, 149.47024448357135
sw06, 2485, 149.47024448357135
sw06, 2486, 149.47024448357135
sw06, 2487, 149.47024448357135
sw06, 2488, 149.47024448357135
sw06, 2489, 149.47024448357135
sw06, 2490, 149.47024448357135
sw06, 2491, 149.47024448357135
sw06, 2492, 149.47024448357135
sw06, 2493, 149.47024448357135
sw06, 2494, 149.47024448357135
sw06, 2495, 149.47024448357135
sw06, 2496, 149.47024448357135
sw06, 2497, 149.47024448357135
sw06, 2498, 149.47024448357135
sw06, 2499, 149.47024448357135
sw06, 2500, 149.47024448357135
sw06, 2501, 149.47024448357135
sw06, 2502, 149.47024448357135
sw06, 2503, 149.47024448357135
sw06, 2504, 149.47024448357135
sw06, 2505, 149.47024448357135
sw06, 2506, 149.47024448357135
sw06, 2507, 149.47024448357135
sw06, 2508, 149.47024448357135
sw06, 2509, 149.47024448357135
sw06, 2510, 149.47024448357135
sw06, 2511, 149.47024448357135
sw06, 2512, 149.47024448357135
sw06, 2513, 149.47024448357135
sw06, 2514, 149.47024448357135
sw06, 2515, 149.47024448357135
sw06, 2516, 149.47024448357135
sw06, 2517, 149.47024448357135
sw06, 2518, 149.47024448357135
sw06, 2519, 149.47024448357135
sw06, 2520, 149.47024448357135
sw06, 2521, 149.47024448357135
sw06, 2522, 149.47024448357135
sw06, 2523, 149.47024448357135
sw06, 2524, 149.47024448357135
sw06, 2525, 149.47024448357135
sw06, 2526, 149.47024448357135
sw06, 2527, 149.47024448357135
sw06, 2528, 149.47024448357135
sw06, 2529, 149.47024448357135
sw06, 2530, 149.47024448357135
sw06, 2531, 149.47024448357135
sw06, 2532, 149.47024448357135
sw06, 2533, 149.47024448357135
sw06, 2534, 149.47024448357135
sw06, 2535, 149.47024448357135
sw06, 2536, 149.47024448357135
sw06, 2537, 149.47024448357135
sw06, 2538, 149.47024448357135
sw06, 2539, 149.47024448357135
sw06, 2540, 149.47024448357135
sw06, 2541, 149.47024448357135
sw06, 2542, 149.47024448357135
sw06, 2543, 149.47024448357135
sw06, 2544, 149.47024448357135
sw06, 2545, 149.47024448357135
sw06, 2546, 149.47024448357135
sw06, 2547, 149.47024448357135
sw06, 2548, 149.47024448357135
sw06, 2549, 149.47024448357135
sw06, 2550, 149.47024448357135
sw06, 2551, 149.47024448357135
sw06, 2552, 149.47024448357135
sw06, 2553, 149.47024448357135
sw06, 2554, 149.47024448357135
sw06, 2555, 149.47024448357135
sw06, 2556, 149.47024448357135
sw06, 2557, 149.47024448357135
sw06, 2558, 149.47024448357135
sw06, 2559, 149.47024448357135
sw06, 2560, 149.47024448357135
sw06, 2561, 149.47024448357135
sw06, 2562, 149.47024448357135
sw06, 2563, 149.47024448357135
sw06, 2564, 149.47024448357135
sw06, 2565, 149.47024448357135
sw06, 2566, 149.47024448357135
sw06, 2567, 149.47024448357135
sw06, 2568, 149.47024448357135
sw06, 2569, 149.47024448357135
sw06, 2570, 149.47024448357135
sw06, 2571, 149.47024448357135
sw06, 2572, 149.47024448357135
sw06, 2573, 149.47024448357135
sw06, 2574, 149.47024448357135
sw06, 2575, 149.47024448357135
sw06, 2576, 149.47024448357135
sw06, 2577, 149.47024448357135
sw06, 2578, 149.47024448357135
sw06, 2579, 149.47024448357135
sw06, 2580, 149.47024448357135
sw06, 2581, 149.47024448357135
sw06, 2582, 149.47024448357135
sw06, 2583, 149.47024448357135
sw06, 2584, 149.47024448357135
sw06, 2585, 149.47024448357135
sw06, 2586, 149.47024448357135
sw06, 2587, 149.47024448357135
sw06, 2588, 149.47024448357135
sw06, 2589, 149.47024448357135
sw06, 2590, 149.47024448357135
sw06, 2591, 149.47024448357135
sw06, 2592, 149.47024448357135
sw06, 2593, 149.47024448357135
sw06, 2594, 149.47024448357135
sw06, 2595, 149.47024448357135
sw06, 2596, 149.47024448357135
sw06, 2597, 149.47024448357135
sw06, 2598, 149.47024448357135
sw06, 2599, 149.47024448357135
sw06, 2600, 145.1446996838432
sw06, 2601, 145.1446996838432
sw06, 2602, 145.1446996838432
sw06, 2603, 145.1446996838432
sw06, 2604, 145.1446996838432
sw06, 2605, 145.1446996838432
sw06, 2606, 145.1446996838432
sw06, 2607, 145.1446996838432
sw06, 2608, 145.1446996838432
sw06, 2609, 145.1446996838432
sw06, 2610, 145.1446996838432
sw06, 2611, 145.1446996838432
sw06, 2612, 145.1446996838432
sw06, 2613, 145.1446996838432
sw06, 2614, 145.1446996838432
sw06, 2615, 145.1446996838432
sw06, 2616, 145.1446996838432
sw06, 2617, 145.1446996838432
sw06, 2618, 145.1446996838432
sw06, 2619, 145.1446996838432
sw06, 2620, 145.1446996838432
sw06, 2621, 145.1446996838432
sw06, 2622, 145.1446996838432
sw06, 2623, 145.1446996838432
sw06, 2624, 145.1446996838432
sw06, 2625, 145.1446996838432
sw06, 2626, 145.1446996838432
sw06, 2627, 145.1446996838432
sw06, 2628, 145.1446996838432
sw06, 2629, 145.1446996838432
sw06, 2630, 145.1446996838432
sw06, 2631, 145.1446996838432
sw06, 2632, 145.1446996838432
sw06, 2633, 145.1446996838432
sw06, 2634, 145.1446996838432
sw06, 2635, 145.1446996838432
sw06, 2636, 145.1446996838432
sw06, 2637, 145.1446996838432
sw06, 2638, 145.1446996838432
sw06, 2639, 145.1446996838432
sw06, 2640, 145.1446996838432
sw06, 2641, 145.1446996838432
sw06, 2642, 145.1446996838432
sw06, 2643, 145.1446996838432
sw06, 2644, 145.1446996838432
sw06, 2645, 145.1446996838432
sw06, 2646, 145.1446996838432
sw06, 2647, 145.1446996838432
sw06, 2648, 145.1446996838432
sw06, 2649, 145.1446996838432
sw06, 2650, 145.1446996838432
sw06, 2651, 145.1446996838432
sw06, 2652, 145.1446996838432
sw06, 2653, 145.1446996838432
sw06, 2654, 145.1446996838432
sw06, 2655, 145.1446996838432
sw06, 2656, 145.1446996838432
sw06, 2657, 145.1446996838432
sw06, 2658, 145.1446996838432
sw06, 2659, 145.1446996838432
sw06, 2660, 145.1446996838432
sw06, 2661, 145.1446996838432
sw06, 2662, 145.1446996838432
sw06, 2663, 145.1446996838432
sw06, 2664, 145.1446996838432
sw06, 2665, 145.1446996838432
sw06, 2666, 145.1446996838432
sw06, 2667, 145.1446996838432
sw06, 2668, 145.1446996838432
sw06, 2669, 145.1446996838432
sw06, 2670, 145.1446996838432
sw06, 2671, 145.1446996838432
sw06, 2672, 145.1446996838432
sw06, 2673, 145.1446996838432
sw06, 2674, 145.1446996838432
sw06, 2675, 145.1446996838432
sw06, 2676, 145.1446996838432
sw06, 2677, 145.1446996838432
sw06, 2678, 145.1446996838432
sw06, 2679, 145.1446996838432
sw06, 2680, 145.1446996838432
sw06, 2681, 145.1446996838432
sw06, 2682, 145.1446996838432
sw06, 2683, 145.1446996838432
sw06, 2684, 145.1446996838432
sw06, 2685, 145.1446996838432
sw06, 2686, 145.1446996838432
sw06, 2687, 145.1446996838432
sw06, 2688, 145.1446996838432
sw06, 2689, 145.1446996838432
sw06, 2690, 145.1446996838432
sw06, 2691, 145.1446996838432
sw06, 2692, 145.1446996838432
sw06, 2693, 145.1446996838432
sw06, 2694, 145.1446996838432
sw06, 2695, 145.1446996838432
sw06, 2696, 145.1446996838432
sw06, 2697, 145.1446996838432
sw06, 2698, 145.1446996838432
sw06, 2699, 145.1446996838432
sw06, 2700, 145.1446996838432
sw06, 2701, 145.1446996838432
sw06, 2702, 145.1446996838432
sw06, 2703, 145.1446996838432
sw06, 2704, 145.1446996838432
sw06, 2705, 145.1446996838432
sw06, 2706, 145.1446996838432
sw06, 2707, 145.1446996838432
sw06, 2708, 145.1446996838432
sw06, 2709, 145.1446996838432
sw06, 2710, 145.1446996838432
sw06, 2711, 145.1446996838432
sw06, 2712, 145.1446996838432
sw06, 2713, 145.1446996838432
sw06, 2714, 145.1446996838432
sw06, 2715, 145.1446996838432
sw06, 2716, 145.1446996838432
sw06, 2717, 145.1446996838432
sw06, 2718, 145.1446996838432
sw06, 2719, 145.1446996838432
sw06, 2720, 145.1446996838432
sw06, 2721, 145.1446996838432
sw06, 2722, 145.1446996838432
sw06, 2723, 145.1446996838432
sw06, 2724, 145.1446996838432
sw06, 2725, 145.1446996838432
sw06, 2726, 145.1446996838432
sw06, 2727, 145.1446996838432
sw06, 2728, 145.1446996838432
sw06, 2729, 145.1446996838432
sw06, 2730, 145.1446996838432
sw06, 2731, 145.1446996838432
sw06, 2732, 145.1446996838432
sw06, 2733, 145.1446996838432
sw06, 2734, 145.1446996838432
sw06, 2735, 145.1446996838432
sw06, 2736, 145.1446996838432
sw06, 2737, 145.1446996838432
sw06, 2738, 145.1446996838432
sw06, 2739, 145.1446996838432
sw06, 2740, 145.1446996838432
sw06, 2741, 145.1446996838432
sw06, 2742, 145.1446996838432
sw06, 2743, 145.1446996838432
sw06, 2744, 145.1446996838432
sw06, 2745, 145.1446996838432
sw06, 2746, 145.1446996838432
sw06, 2747, 145.1446996838432
sw06, 2748, 145.1446996838432
sw06, 2749, 145.1446996838432
sw06, 2750, 145.1446996838432
sw06, 2751, 145.1446996838432
sw06, 2752, 145.1446996838432
sw06, 2753, 145.1446996838432
sw06, 2754, 145.1446996838432
sw06, 2755, 145.1446996838432
sw06, 2756, 145.1446996838432
sw06, 2757, 145.1446996838432
sw06, 2758, 145.1446996838432
sw06, 2759, 145.1446996838432
sw06, 2760, 145.1446996838432
sw06, 2761, 145.1446996838432
sw06, 2762, 145.1446996838432
sw06, 2763, 145.1446996838432
sw06, 2764, 145.1446996838432
sw06, 2765, 145.1446996838432
sw06, 2766, 145.1446996838432
sw06, 2767, 145.1446996838432
sw06, 2768, 145.1446996838432
sw06, 2769, 145.1446996838432
sw06, 2770, 145.1446996838432
sw06, 2771, 145.1446996838432
sw06, 2772, 145.1446996838432
sw06, 2773, 145.1446996838432
sw06, 2774, 145.1446996838432
sw06, 2775, 145.1446996838432
sw06, 2776, 145.1446996838432
sw06, 2777, 145.1446996838432
sw06, 2778, 145.1446996838432
sw06, 2779, 145.1446996838432
sw06, 2780, 145.1446996838432
sw06, 2781, 145.1446996838432
sw06, 2782, 145.1446996838432
sw06, 2783, 145.1446996838432
sw06, 2784, 145.1446996838432
sw06, 2785, 145.1446996838432
sw06, 2786, 145.1446996838432
sw06, 2787, 145.1446996838432
sw06, 2788, 145.1446996838432
sw06, 2789, 145.1446996838432
sw06, 2790, 145.1446996838432
sw06, 2791, 145.1446996838432
sw06, 2792, 145.1446996838432
sw06, 2793, 145.1446996838432
sw06, 2794, 145.1446996838432
sw06, 2795, 145.1446996838432
sw06, 2796, 145.1446996838432
sw06, 2797, 145.1446996838432
sw06, 2798, 145.1446996838432
sw06, 2799, 145.1446996838432
sw06, 2800, 143.22284032127774
sw06, 2801, 143.22284032127774
sw06, 2802, 143.22284032127774
sw06, 2803, 143.22284032127774
sw06, 2804, 143.22284032127774
sw06, 2805, 143.22284032127774
sw06, 2806, 143.22284032127774
sw06, 2807, 143.22284032127774
sw06, 2808, 143.22284032127774
sw06, 2809, 143.22284032127774
sw06, 2810, 143.22284032127774
sw06, 2811, 143.22284032127774
sw06, 2812, 143.22284032127774
sw06, 2813, 143.22284032127774
sw06, 2814, 143.22284032127774
sw06, 2815, 143.22284032127774
sw06, 2816, 143.22284032127774
sw06, 2817, 143.22284032127774
sw06, 2818, 143.22284032127774
sw06, 2819, 143.22284032127774
sw06, 2820, 143.22284032127774
sw06, 2821, 143.22284032127774
sw06, 2822, 143.22284032127774
sw06, 2823, 143.22284032127774
sw06, 2824, 143.22284032127774
sw06, 2825, 143.22284032127774
sw06, 2826, 143.22284032127774
sw06, 2827, 143.22284032127774
sw06, 2828, 143.22284032127774
sw06, 2829, 143.22284032127774
sw06, 2830, 143.22284032127774
sw06, 2831, 143.22284032127774
sw06, 2832, 143.22284032127774
sw06, 2833, 143.22284032127774
sw06, 2834, 143.22284032127774
sw06, 2835, 143.22284032127774
sw06, 2836, 143.22284032127774
sw06, 2837, 143.22284032127774
sw06, 2838, 143.22284032127774
sw06, 2839, 143.22284032127774
sw06, 2840, 143.22284032127774
sw06, 2841, 143.22284032127774
sw06, 2842, 143.22284032127774
sw06, 2843, 143.22284032127774
sw06, 2844, 143.22284032127774
sw06, 2845, 143.22284032127774
sw06, 2846, 143.22284032127774
sw06, 2847, 143.22284032127774
sw06, 2848, 143.22284032127774
sw06, 2849, 143.22284032127774
sw06, 2850, 143.22284032127774
sw06, 2851, 143.22284032127774
sw06, 2852, 143.22284032127774
sw06, 2853, 143.22284032127774
sw06, 2854, 143.22284032127774
sw06, 2855, 143.22284032127774
sw06, 2856, 143.22284032127774
sw06, 2857, 143.22284032127774
sw06, 2858, 143.22284032127774
sw06, 2859, 143.22284032127774
sw06, 2860, 143.22284032127774
sw06, 2861, 143.22284032127774
sw06, 2862, 143.22284032127774
sw06, 2863, 143.22284032127774
sw06, 2864, 143.22284032127774
sw06, 2865, 143.22284032127774
sw06, 2866, 143.22284032127774
sw06, 2867, 143.22284032127774
sw06, 2868, 143.22284032127774
sw06, 2869, 143.22284032127774
sw06, 2870, 143.22284032127774
sw06, 2871, 143.22284032127774
sw06, 2872, 143.22284032127774
sw06, 2873, 143.22284032127774
sw06, 2874, 143.22284032127774
sw06, 2875, 143.22284032127774
sw06, 2876, 143.22284032127774
sw06, 2877, 143.22284032127774
sw06, 2878, 143.22284032127774
sw06, 2879, 143.22284032127774
sw06, 2880, 143.22284032127774
sw06, 2881, 143.22284032127774
sw06, 2882, 143.22284032127774
sw06, 2883, 143.22284032127774
sw06, 2884, 143.22284032127774
sw06, 2885, 143.22284032127774
sw06, 2886, 143.22284032127774
sw06, 2887, 143.22284032127774
sw06, 2888, 143.22284032127774
sw06, 2889, 143.22284032127774
sw06, 2890, 143.22284032127774
sw06, 2891, 143.22284032127774
sw06, 2892, 143.22284032127774
sw06, 2893, 143.22284032127774
sw06, 2894, 143.22284032127774
sw06, 2895, 143.22284032127774
sw06, 2896, 143.22284032127774
sw06, 2897, 143.22284032127774
sw06, 2898, 143.22284032127774
sw06, 2899, 143.22284032127774
sw06, 2900, 143.22284032127774
sw06, 2901, 143.22284032127774
sw06, 2902, 143.22284032127774
sw06, 2903, 143.22284032127774
sw06, 2904, 143.22284032127774
sw06, 2905, 143.22284032127774
sw06, 2906, 143.22284032127774
sw06, 2907, 143.22284032127774
sw06, 2908, 143.22284032127774
sw06, 2909, 143.22284032127774
sw06, 2910, 143.22284032127774
sw06, 2911, 143.22284032127774
sw06, 2912, 143.22284032127774
sw06, 2913, 143.22284032127774
sw06, 2914, 143.22284032127774
sw06, 2915, 143.22284032127774
sw06, 2916, 143.22284032127774
sw06, 2917, 143.22284032127774
sw06, 2918, 143.22284032127774
sw06, 2919, 143.22284032127774
sw06, 2920, 143.22284032127774
sw06, 2921, 143.22284032127774
sw06, 2922, 143.22284032127774
sw06, 2923, 143.22284032127774
sw06, 2924, 143.22284032127774
sw06, 2925, 143.22284032127774
sw06, 2926, 143.22284032127774
sw06, 2927, 143.22284032127774
sw06, 2928, 143.22284032127774
sw06, 2929, 143.22284032127774
sw06, 2930, 143.22284032127774
sw06, 2931, 143.22284032127774
sw06, 2932, 143.22284032127774
sw06, 2933, 143.22284032127774
sw06, 2934, 143.22284032127774
sw06, 2935, 143.22284032127774
sw06, 2936, 143.22284032127774
sw06, 2937, 143.22284032127774
sw06, 2938, 143.22284032127774
sw06, 2939, 143.22284032127774
sw06, 2940, 143.22284032127774
sw06, 2941, 143.22284032127774
sw06, 2942, 143.22284032127774
sw06, 2943, 143.22284032127774
sw06, 2944, 143.22284032127774
sw06, 2945, 143.22284032127774
sw06, 2946, 143.22284032127774
sw06, 2947, 143.22284032127774
sw06, 2948, 143.22284032127774
sw06, 2949, 143.22284032127774
sw06, 2950, 143.22284032127774
sw06, 2951, 143.22284032127774
sw06, 2952, 143.22284032127774
sw06, 2953, 143.22284032127774
sw06, 2954, 143.22284032127774
sw06, 2955, 143.22284032127774
sw06, 2956, 143.22284032127774
sw06, 2957, 143.22284032127774
sw06, 2958, 143.22284032127774
sw06, 2959, 143.22284032127774
sw06, 2960, 143.22284032127774
sw06, 2961, 143.22284032127774
sw06, 2962, 143.22284032127774
sw06, 2963, 143.22284032127774
sw06, 2964, 143.22284032127774
sw06, 2965, 143.22284032127774
sw06, 2966, 143.22284032127774
sw06, 2967, 143.22284032127774
sw06, 2968, 143.22284032127774
sw06, 2969, 143.22284032127774
sw06, 2970, 143.22284032127774
sw06, 2971, 143.22284032127774
sw06, 2972, 143.22284032127774
sw06, 2973, 143.22284032127774
sw06, 2974, 143.22284032127774
sw06, 2975, 143.22284032127774
sw06, 2976, 143.22284032127774
sw06, 2977, 143.22284032127774
sw06, 2978, 143.22284032127774
sw06, 2979, 143.22284032127774
sw06, 2980, 143.22284032127774
sw06, 2981, 143.22284032127774
sw06, 2982, 143.22284032127774
sw06, 2983, 143.22284032127774
sw06, 2984, 143.22284032127774
sw06, 2985, 143.22284032127774
sw06, 2986, 143.22284032127774
sw06, 2987, 143.22284032127774
sw06, 2988, 143.22284032127774
sw06, 2989, 143.22284032127774
sw06, 2990, 143.22284032127774
sw06, 2991, 143.22284032127774
sw06, 2992, 143.22284032127774
sw06, 2993, 143.22284032127774
sw06, 2994, 143.22284032127774
sw06, 2995, 143.22284032127774
sw06, 2996, 143.22284032127774
sw06, 2997, 143.22284032127774
sw06, 2998, 143.22284032127774
sw06, 2999, 143.22284032127774
sw06, 3000, 149.2910334290662
sw06, 3001, 149.2910334290662
sw06, 3002, 149.2910334290662
sw06, 3003, 149.2910334290662
sw06, 3004, 149.2910334290662
sw06, 3005, 149.2910334290662
sw06, 3006, 149.2910334290662
sw06, 3007, 149.2910334290662
sw06, 3008, 149.2910334290662
sw06, 3009, 149.2910334290662
sw06, 3010, 149.2910334290662
sw06, 3011, 149.2910334290662
sw06, 3012, 149.2910334290662
sw06, 3013, 149.2910334290662
sw06, 3014, 149.2910334290662
sw06, 3015, 149.2910334290662
sw06, 3016, 149.2910334290662
sw06, 3017, 149.2910334290662
sw06, 3018, 149.2910334290662
sw06, 3019, 149.2910334290662
sw06, 3020, 149.2910334290662
sw06, 3021, 149.2910334290662
sw06, 3022, 149.2910334290662
sw06, 3023, 149.2910334290662
sw06, 3024, 149.2910334290662
sw06, 3025, 149.2910334290662
sw06, 3026, 149.2910334290662
sw06, 3027, 149.2910334290662
sw06, 3028, 149.2910334290662
sw06, 3029, 149.2910334290662
sw06, 3030, 149.2910334290662
sw06, 3031, 149.2910334290662
sw06, 3032, 149.2910334290662
sw06, 3033, 149.2910334290662
sw06, 3034, 149.2910334290662
sw06, 3035, 149.2910334290662
sw06, 3036, 149.2910334290662
sw06, 3037, 149.2910334290662
sw06, 3038, 149.2910334290662
sw06, 3039, 149.2910334290662
sw06, 3040, 149.2910334290662
sw06, 3041, 149.2910334290662
sw06, 3042, 149.2910334290662
sw06, 3043, 149.2910334290662
sw06, 3044, 149.2910334290662
sw06, 3045, 149.2910334290662
sw06, 3046, 149.2910334290662
sw06, 3047, 149.2910334290662
sw06, 3048, 149.2910334290662
sw06, 3049, 149.2910334290662
sw06, 3050, 149.2910334290662
sw06, 3051, 149.2910334290662
sw06, 3052, 149.2910334290662
sw06, 3053, 149.2910334290662
sw06, 3054, 149.2910334290662
sw06, 3055, 149.2910334290662
sw06, 3056, 149.2910334290662
sw06, 3057, 149.2910334290662
sw06, 3058, 149.2910334290662
sw06, 3059, 149.2910334290662
sw06, 3060, 149.2910334290662
sw06, 3061, 149.2910334290662
sw06, 3062, 149.2910334290662
sw06, 3063, 149.2910334290662
sw06, 3064, 149.2910334290662
sw06, 3065, 149.2910334290662
sw06, 3066, 149.2910334290662
sw06, 3067, 149.2910334290662
sw06, 3068, 149.2910334290662
sw06, 3069, 149.2910334290662
sw06, 3070, 149.2910334290662
sw06, 3071, 149.2910334290662
sw06, 3072, 149.2910334290662
sw06, 3073, 149.2910334290662
sw06, 3074, 149.2910334290662
sw06, 3075, 149.2910334290662
sw06, 3076, 149.2910334290662
sw06, 3077, 149.2910334290662
sw06, 3078, 149.2910334290662
sw06, 3079, 149.2910334290662
sw06, 3080, 149.2910334290662
sw06, 3081, 149.2910334290662
sw06, 3082, 149.2910334290662
sw06, 3083, 149.2910334290662
sw06, 3084, 149.2910334290662
sw06, 3085, 149.2910334290662
sw06, 3086, 149.2910334290662
sw06, 3087, 149.2910334290662
sw06, 3088, 149.2910334290662
sw06, 3089, 149.2910334290662
sw06, 3090, 149.2910334290662
sw06, 3091, 149.2910334290662
sw06, 3092, 149.2910334290662
sw06, 3093, 149.2910334290662
sw06, 3094, 149.2910334290662
sw06, 3095, 149.2910334290662
sw06, 3096, 149.2910334290662
sw06, 3097, 149.2910334290662
sw06, 3098, 149.2910334290662
sw06, 3099, 149.2910334290662
sw06, 3100, 149.2910334290662
sw06, 3101, 149.2910334290662
sw06, 3102, 149.2910334290662
sw06, 3103, 149.2910334290662
sw06, 3104, 149.2910334290662
sw06, 3105, 149.2910334290662
sw06, 3106, 149.2910334290662
sw06, 3107, 149.2910334290662
sw06, 3108, 149.2910334290662
sw06, 3109, 149.2910334290662
sw06, 3110, 149.2910334290662
sw06, 3111, 149.2910334290662
sw06, 3112, 149.2910334290662
sw06, 3113, 149.2910334290662
sw06, 3114, 149.2910334290662
sw06, 3115, 149.2910334290662
sw06, 3116, 149.2910334290662
sw06, 3117, 149.2910334290662
sw06, 3118, 149.2910334290662
sw06, 3119, 149.2910334290662
sw06, 3120, 149.2910334290662
sw06, 3121, 149.2910334290662
sw06, 3122, 149.2910334290662
sw06, 3123, 149.2910334290662
sw06, 3124, 149.2910334290662
sw06, 3125, 149.2910334290662
sw06, 3126, 149.2910334290662
sw06, 3127, 149.2910334290662
sw06, 3128, 149.2910334290662
sw06, 3129, 149.2910334290662
sw06, 3130, 149.2910334290662
sw06, 3131, 149.2910334290662
sw06, 3132, 149.2910334290662
sw06, 3133, 149.2910334290662
sw06, 3134, 149.2910334290662
sw06, 3135, 149.2910334290662
sw06, 3136, 149.2910334290662
sw06, 3137, 149.2910334290662
sw06, 3138, 149.2910334290662
sw06, 3139, 149.2910334290662
sw06, 3140, 149.2910334290662
sw06, 3141, 149.2910334290662
sw06, 3142, 149.2910334290662
sw06, 3143, 149.2910334290662
sw06, 3144, 149.2910334290662
sw06, 3145, 149.2910334290662
sw06, 3146, 149.2910334290662
sw06, 3147, 149.2910334290662
sw06, 3148, 149.2910334290662
sw06, 3149, 149.2910334290662
sw06, 3150, 149.2910334290662
sw06, 3151, 149.2910334290662
sw06, 3152, 149.2910334290662
sw06, 3153, 149.2910334290662
sw06, 3154, 149.2910334290662
sw06, 3155, 149.2910334290662
sw06, 3156, 149.2910334290662
sw06, 3157, 149.2910334290662
sw06, 3158, 149.2910334290662
sw06, 3159, 149.2910334290662
sw06, 3160, 149.2910334290662
sw06, 3161, 149.2910334290662
sw06, 3162, 149.2910334290662
sw06, 3163, 149.2910334290662
sw06, 3164, 149.2910334290662
sw06, 3165, 149.2910334290662
sw06, 3166, 149.2910334290662
sw06, 3167, 149.2910334290662
sw06, 3168, 149.2910334290662
sw06, 3169, 149.2910334290662
sw06, 3170, 149.2910334290662
sw06, 3171, 149.2910334290662
sw06, 3172, 149.2910334290662
sw06, 3173, 149.2910334290662
sw06, 3174, 149.2910334290662
sw06, 3175, 149.2910334290662
sw06, 3176, 149.2910334290662
sw06, 3177, 149.2910334290662
sw06, 3178, 149.2910334290662
sw06, 3179, 149.2910334290662
sw06, 3180, 149.2910334290662
sw06, 3181, 149.2910334290662
sw06, 3182, 149.2910334290662
sw06, 3183, 149.2910334290662
sw06, 3184, 149.2910334290662
sw06, 3185, 149.2910334290662
sw06, 3186, 149.2910334290662
sw06, 3187, 149.2910334290662
sw06, 3188, 149.2910334290662
sw06, 3189, 149.2910334290662
sw06, 3190, 149.2910334290662
sw06, 3191, 149.2910334290662
sw06, 3192, 149.2910334290662
sw06, 3193, 149.2910334290662
sw06, 3194, 149.2910334290662
sw06, 3195, 149.2910334290662
sw06, 3196, 149.2910334290662