FRAME, xAxis, yAxis, zAxis
0,-16.35114296918848,26.064212250151616,167.20825737825658
1,-18.034158210954875,20.646496802156992,165.53863281813182
2,-18.128140529523062,22.259997991566323,167.32050067442913
3,-16.4782027800905,20.935831697616017,165.15601038647011
4,-17.224651616955594,21.139686803205112,166.69166630855287
5,-18.068801131958022,21.327195870759972,167.53203149234375
6,-18.137176413027092,20.35247614559757,168.165557222698
7,-18.25667508159063,23.46188269089829,166.34038798383153
8,-18.277114284422368,23.33422148138398,162.46049968818502
9,-19.355613766696948,23.183801135756866,164.19654945551773
10,-18.676300466924232,20.797724025588476,164.63223034694812
11,-17.380246792264767,21.042518217983098,163.83114480954794
12,-16.355081506906803,21.618544524304053,163.26109649461714
13,-15.880411905862386,20.922504589632545,159.1869064155664
14,-15.03012388134923,22.17596185449955,157.45278588508413
15,-15.587524578233417,23.259245969360943,159.78091669390017
16,-16.052221542871198,22.930725482946777,158.3194768473895
17,-18.077094005000433,25.002099415513317,158.83963309602711
18,-17.22444181356521,25.424834043883514,155.8100617533867
19,-18.230511336237814,24.85182230059679,152.11545937682482
20,-19.50043344777776,26.88367582146027,150.17346830933613
21,-17.745481636310572,29.108567089609124,152.59995403041708
22,-18.313051205645205,28.786264443781448,152.46983599594944
23,-17.23867195181127,29.824312774433533,153.33065638334557
24,-18.427290776367933,30.572306338431453,151.6181419594647
25,-17.501593637330394,31.431728934332412,148.76446074504048
26,-17.96750691686333,29.922669963890595,149.09405766642217
27,-17.38724618727125,30.418228381929115,151.64499754427143
28,-17.54878794952475,30.06818589326639,151.73925074084818
29,-18.394337381630326,30.970119989595577,150.01483712440776
30,-18.427596095841682,27.66832663963958,144.76533852615827
31,-16.833209822111126,26.626074146398526,148.00020829320175
32,-17.632554566760273,25.833265233209268,149.5187434616439
33,-19.863915473207502,26.367553592833236,150.61047045966922
34,-18.409133710628822,26.43909621469658,150.55612275424195
35,-19.48300900976021,24.924470724684188,148.21734101957964
36,-16.945846680791988,26.21454287096899,148.4798421307144
37,-19.534122582764528,27.506586949645317,153.47813951085917
38,-18.619012493753093,27.428260585091092,151.937013315179
39,-16.93008294910801,27.35194438856521,149.96012187308693
40,-16.254019341298054,25.73596628892699,151.66281528356058
41,-16.722425998572856,26.076149634472277,152.89863848577272
42,-17.427703868758798,25.84176117273287,152.51370084774223
43,-17.256637228193433,24.036120932316475,149.8696349415775
44,-17.282330143266062,24.29956997077292,154.59459524917116
45,-18.32072229438064,23.536518036014595,155.57199877828447
46,-18.360742925537075,24.583950337286666,156.99070505305716
47,-19.20603990746805,22.252762020208106,157.4916271190108
48,-20.23699800244077,20.091830756926164,157.45807356113036
49,-19.77642906558675,21.788394875199227,157.49102404525908
50,-20.892460367899464,18.85386404047204,156.1090016546688
51,-20.874700431982752,19.796037866121388,158.21676384447338
52,-20.06854237780089,17.961826989500917,157.3404534467899
53,-21.477496646367143,19.74937661272788,156.01135538412817
54,-23.25822148708,17.148267716976648,154.0539476624867
55,-22.780457803279454,16.563847578892908,149.3971218153409
56,-24.712781945350525,16.356930787836937,150.05057376068893
57,-24.639074326529528,15.681319958794797,151.84589335242106
58,-25.368824014550164,15.589835015711632,151.02473069012157
59,-26.128201818617452,17.137066836518848,148.00750922065063
60,-25.847627508487996,16.431055741127647,150.8875849957071
61,-27.30827920888949,17.774336481114823,149.68322474996512
62,-28.335051618765704,17.848250634007883,152.29263343805525
63,-29.118282867663208,19.330698762886584,151.68406694338302
64,-30.13105758633654,20.371046565105626,152.670723802205
65,-31.088754318588713,19.498616922973117,150.5599005842434
66,-29.812565558168373,21.182838547739667,150.53536072999302
67,-30.85890400025245,20.051922721719684,150.98198781558747
68,-30.702510243234578,23.014399618446284,154.55387616371178
69,-30.068296079452413,19.42416280314352,149.28681620366675
70,-30.56468094108161,17.465030361828127,148.00722255832756
71,-30.005272112313744,14.899340032752947,144.6337462609569
72,-29.590670656205873,17.821682593400325,147.11059526254746
73,-30.410263671241037,17.160103248048813,148.82820011848696
74,-29.936644592133245,15.331730633485357,146.50545156458216
75,-29.745791204244675,15.736185235169833,145.7215871477119
76,-30.9669055478443,14.97975667358362,149.5752917571048
77,-29.21712905882026,17.269357422014465,152.98685446690877
78,-28.35933584031232,14.83902750832852,150.02437536515208
79,-28.549880744926423,14.426146558166662,152.18477226780917
80,-30.035115136777005,17.209101011588867,156.00400895457778
81,-31.83719831586895,17.05277934058597,155.7583091189614
82,-30.242884121235598,13.963278887145034,155.16193590790618
83,-30.0641759150924,12.241199148442638,152.08564438087578
84,-30.33138058531813,10.769043846747413,148.9203370063878
85,-30.787319007774904,12.742468759913544,151.4684905254159
86,-31.700625046311885,13.087050951273822,152.68394023432205
87,-32.57149396888702,13.656419880740287,151.98247263766186
88,-32.8984585141106,12.068835217421233,147.49960571548445
89,-34.95185324335523,11.19042262538385,147.5584688986929
90,-34.1729065650253,9.006613439720471,144.09925326114458
91,-33.442661119158565,11.888289910704398,149.24322410482432
92,-34.27589901762764,11.346723146411005,152.6308581821266
93,-33.33498005075875,13.20356042012633,152.11654189903942
94,-33.38455773356047,9.28451119680538,151.23686582007178
95,-34.3059605788816,9.010480177406494,152.708681506002
96,-34.171051460744934,4.72904537653196,149.5436593784812
97,-34.22708977794118,3.52370332313117,147.5137918684437
98,-34.3721280189831,4.518515686522195,150.81782868810757
99,-36.27239837761632,6.32827363144673,153.08341079046244
100,-37.905715886397964,5.938606513638257,152.97050632584552
101,-35.84813504359947,4.395570573053978,147.94139021179276
102,-38.655158138014414,5.8456036497724835,149.04054375327158
103,-35.32028128362356,5.089799276597696,148.90912613945736
104,-36.18013481092526,5.999832358576819,148.78791304822533
105,-35.92101147537633,10.426628600445765,150.9224422451992
106,-35.23025070802104,10.169222830042203,154.75489302975882
107,-34.26276426405752,11.38589299182648,155.05462600896826
108,-34.022857304157974,10.42325737108183,156.64494595242837
109,-33.97861841017364,9.034635370956854,157.30795150253735
110,-36.17912094017858,10.549055757680243,157.30081892709677
111,-37.18458932514959,12.737032889613381,160.20171264138693
112,-33.6327029381926,12.910534138624879,162.21264047105964
113,-32.55679340594382,14.04661882477649,162.18203160762815
114,-32.70799032622748,14.430281744964232,163.39632577913724
115,-29.564496616197392,12.811723912669946,165.95207234058458
116,-30.126112300558958,14.357861463521582,165.66197778951658
117,-30.847236488047844,17.406767828444934,168.6353878921042
118,-28.605046942983147,18.543991180494213,168.28341690998843
119,-28.360795076884123,20.01371481909843,171.1315801400296
120,-27.99031233261322,19.468744208987502,171.86101875796905
121,-28.095209940755737,18.81503685061754,168.17410730362855
122,-26.660772382831126,19.07476253255825,168.62913537130066
123,-24.363889781365323,20.85705529483515,177.66813950831852
124,-25.799004483062138,21.89156932647803,174.9249245415353
125,-27.269748841344903,21.345344042176333,169.02196943121174
126,-27.360239955684634,20.384370962067678,169.31260059796014
127,-27.45720712482968,23.546501040462402,171.9700616637146
128,-27.789174977201686,22.436573684257386,170.30487560403432
129,-28.5634239691084,21.91287384481553,169.76622112079846
130,-29.33466395662968,21.660784316603003,173.19628243394197
131,-31.19207974113793,21.9104900202483,173.42203511646275
132,-29.31413825423569,21.836881075549886,173.81604173510976
133,-28.54226225900172,24.37771695499035,175.41145625707188
134,-28.35806320720708,28.278920144031684,174.3749933339007
135,-27.386165298245928,28.849071275793012,174.78111661472082
136,-26.747925043367278,29.477451059271235,175.82053342061891
137,-28.822282873784303,30.19857301274654,171.47201983506704
138,-25.779937382190443,30.439870381790627,172.80312578101274
139,-27.51687889777231,29.348232456006247,167.66799608789952
140,-23.71221673084936,31.641065059523733,175.03227502558988
141,-22.70654149929446,33.45976073763207,176.13145022765684
142,-20.971957697544674,32.6994255531248,174.06410572483856
143,-21.378993340101946,33.68122733309816,177.60951204152065
144,-19.85764490289713,32.69502227357074,179.95297414542065
145,-21.9570276860074,34.84363657756649,175.58140977415698
146,-21.666029588415572,32.14459603105147,173.14899554216822
147,-20.604250826210315,33.28274509756171,174.25093771113814
148,-21.69666443435361,30.484279475376674,170.90267970232293
149,-21.414561983116943,27.438811221945727,168.2227745912898
150,-23.2747447113016,28.445779223797256,163.6402527994076
151,-22.456982166038504,28.556449093093065,164.19072279277813
152,-20.124962621892152,29.46967603602719,166.66531717709736
153,-21.5739383965463,27.418487525256346,166.9613913515196
154,-21.169052169489483,28.38170262118513,167.37271037509908
155,-22.244231787961393,26.91031532034902,167.21056980870551
156,-22.008641753629444,26.862958372698362,164.2855401193641
157,-23.44199083768772,26.60795683003018,162.97409865895378
158,-25.42038004692215,26.955647212254764,162.60963386906815
159,-25.598747662893118,28.761915075247142,164.37554727354438
160,-24.986276073095013,28.97973370761714,164.1514083915966
161,-25.481749480628476,28.811046160493223,167.84523961375058
162,-25.083376313268946,31.442268908292725,171.78693651649894
163,-25.49371156411078,30.27770943933367,169.38678779195848
164,-24.817571445243306,31.59389414184851,168.7058592008523
165,-26.540059965446638,33.15717854808621,165.90617802699904
166,-28.95090109739323,32.36401014397184,166.65982226020037
167,-27.83349059172368,31.52980652616642,168.49135685191703
168,-27.069803458173674,31.99021972252768,169.316825273625
169,-27.09809685188575,31.624065799504727,169.2679035461312
170,-27.914356514069517,31.16766989324106,167.45509880054425
171,-28.25432747273448,32.32305873248533,168.19141331931266
172,-30.74506424103428,31.568487108396177,164.95835970074484
173,-29.76935058066823,31.416240775211925,167.04337794194032
174,-27.47370541360879,30.838006097393194,166.6735064096102
175,-28.716036194801926,30.654828271371663,163.98769394568876
176,-27.011070505176253,31.07792183756934,165.02396763035472
177,-28.270328164693154,32.8871396240234,165.27609631642312
178,-29.383439020425556,32.790837487747574,166.28570018327753
179,-27.26469300100447,33.608500968386124,167.8761453785095
180,-28.240759987874842,34.832017235222054,164.07701533523897
181,-25.827873328347387,38.40510177423629,166.20968710853816
182,-25.195089367483025,38.345398517482955,168.7721129951468
183,-24.73577731298688,39.45005916826603,170.7868775719463
184,-25.324339021661512,40.1226516722584,168.92667924381
185,-22.7845683704813,41.08923963742111,173.3636650265375
186,-22.98940788232087,38.391118888960406,171.99808302669436
187,-22.468088388942256,37.337379257365924,173.1545252419346
188,-22.301526429573194,36.4472475901877,168.97576910831145
189,-22.7709550686787,35.557193528984236,166.7692112313582
190,-22.489527657661327,36.672523727226974,166.34233168541135
191,-22.70575823851723,37.18228131023251,167.7806377901756
192,-23.009418692179764,36.03894951296483,166.41691939005617
193,-22.74905272187461,35.025678227282455,168.90908463489862
194,-23.076745279752505,35.96837187448226,166.8397203868607
195,-22.949767968223583,34.21743037898633,164.95534389427522
196,-20.921129289808984,34.213778515684965,167.30194200896014
197,-18.17800852102987,34.97898780097281,170.73246455884478
198,-18.082557568284415,35.04696798520431,174.5483391004483
199,-19.885543451775355,32.00063334126896,168.60220091046764
200,-17.60232253524407,31.721046292615107,170.27395353592357
201,-18.814403758875685,30.21194476375521,165.1431796969499
202,-17.99248229918236,31.314232024672894,166.17957450885012
203,-17.12018309942002,31.922075086303526,166.95587665987787
204,-17.388180922952518,31.40848730517635,170.82714382325236
205,-14.857453936213117,31.43728547038575,174.66042655661514
206,-16.694926262915892,31.472097539399112,175.46546301159046
207,-15.8743221992654,32.968925441392294,173.55897214711297
208,-16.920559751775784,34.557472164139895,173.97260530999347
209,-16.280967781318537,34.45412439855982,176.38034850305442
210,-16.41583103207159,35.988738581359556,-179.09463346038456
211,-19.65403609479768,37.26394652714056,-178.63034311772742
212,-20.358641956058527,36.63936009190361,178.77682325895583
213,-20.95556830664645,37.75747409830554,176.6957631571597
214,-20.662730150254962,40.04306682847897,-176.16410561036545
215,-24.249900161203218,37.12854882990617,177.15774711258922
216,-24.47551149409007,38.7076527034786,176.9562110565271
217,-24.401216642526485,37.98558596705228,171.9006136339257
218,-25.416078540948217,37.515894043355694,173.2159135574452
219,-26.18301369882714,36.276345495825765,167.47534154161613
220,-24.891095287731968,37.03167850891561,170.40706977412134
221,-23.249251305267407,37.03425677045186,172.81336178249586
222,-25.312325646214255,36.78629665506357,170.1137064257548
223,-26.16880664069268,36.83807850721909,173.1674940618594
224,-27.0205740789716,35.95662088710407,173.73369873740168
225,-29.94011002263994,36.260590062962784,167.94458358392535
226,-28.644797958512534,37.754018588184245,171.70671454033524
227,-29.886406126909808,38.04378783345438,170.20922467670167
228,-30.19367059808642,38.190834753161134,166.83399388252613
229,-31.752256570730832,37.140094601437035,163.94054132636012
230,-31.00161192884516,37.086172575014864,163.23705979408538
231,-29.277685148954927,38.80675956295499,167.97043161398602
232,-28.905818969495797,41.592425839095384,172.37754900171055
233,-29.74281161211505,43.237913136129905,170.35825859779564
234,-30.662734313041213,44.23988814888993,171.26527092142888
235,-31.244301748059996,43.96810155692364,174.3134848618493
236,-32.8065753893291,45.1591561879628,170.97742354672104
237,-30.23877320792326,45.79813384926751,170.86034871843626
238,-28.909602136602036,47.205641314379456,176.97995538589473
239,-27.190432353598407,46.39498564932094,175.90410837939373
240,-25.520730972894125,46.32144230973543,174.79046443332848
241,-24.04502661753037,45.62870925116999,178.62309398267269
242,-25.4095820005704,45.58050951815525,175.9114262121091
243,-27.133010567092185,44.917896710625755,170.67565054992394
244,-26.633401019484513,44.55077711717103,171.68681539147025
245,-28.302095038172183,42.62765255598996,171.70090468129942
246,-28.888692602182743,41.93388084598446,168.5380803160288
247,-25.90663887331624,41.928324973427166,170.8594841665074
248,-28.03013798250349,38.769308913735586,165.44621899899352
249,-26.90075223970359,38.31877321613367,164.20965872728144
250,-25.436897975172815,38.901321128458406,164.45387065093254
251,-25.8181686170257,42.106205398001286,164.16386020896732
252,-25.647402239229613,42.82224506699068,165.40486821362867
253,-25.50701027888591,43.03311333973492,162.45748598824972
254,-26.4174968897728,42.6554638241176,162.21782547051413
255,-26.134544368007198,41.72674498706013,165.61918414634124
256,-28.12856153490637,40.42188503424626,162.37268026119182
257,-28.717993163466744,41.1531944525651,164.19789909523624
258,-28.85280334202427,39.794462443677304,167.1186096268235
259,-29.36896898284036,42.57695964712807,168.48404038701517
260,-30.70480259332163,40.81339667814758,165.1650229257299
261,-31.58862904599928,42.00792069118161,160.80984863651176
262,-31.56962781128647,41.38326114830048,160.95695397515297
263,-28.66154087612502,41.86140667337778,167.0536352178257
264,-28.432976293225035,40.90997764037108,168.48287930173623
265,-25.89165743040883,42.93229293970766,170.99707210715894
266,-26.383116774801508,42.758471330806714,169.59097508884335
267,-27.34147105275989,44.44000381965939,169.27760723499054
268,-25.46367109280262,44.82089229011522,173.68802439099304
269,-26.667295524082284,43.730072703395045,167.27314338568723
270,-27.39768757602591,43.26106524629354,162.7232156496244
271,-24.71935763942649,44.691521792933315,167.25673514186883
272,-23.152309500398832,46.25161600652992,170.8814297876083
273,-24.24434201823109,44.2648630204898,169.57371870392248
274,-22.150393767071154,43.23772947743273,169.27619147455198
275,-21.62612437180901,46.85148731442914,172.2706774556111
276,-23.389950503058806,46.399115690159135,172.67309785525364
277,-23.61796507777669,46.61869712684535,169.18755695290474
278,-24.788460368477775,47.103741117753295,163.5443947820713
279,-24.736761246613487,45.13989784204945,162.0586176383641
280,-21.86519349874411,47.111381088802524,165.70677587318949
281,-23.830767340598374,48.287225474657774,166.20417323055938
282,-21.360514032285575,49.29066466390131,168.05125407511179
283,-21.39472421740481,51.15579665093893,168.01649825557354
284,-22.105151788803504,50.77602921500991,166.72753929875995
285,-21.472669969412813,49.65124581676465,170.83059302399488
286,-18.17172251320635,48.47934226889983,171.9431073123058
287,-18.9342070070219,48.24390927686781,169.42933255293858
288,-21.846288538063742,48.745381199383516,165.68591827054172
289,-22.05431264420814,48.785632102153286,163.0839239428034
290,-22.14161893240485,46.594869047270976,161.03176422026027
291,-21.951840710988353,46.623967446178945,161.91447525635056
292,-23.447489611810344,44.73908533704988,161.61660561052693
293,-23.202680790751472,44.840132923018366,161.1104821846661
294,-24.2866980280939,42.49073851567766,155.99623800723307
295,-24.358344665287312,42.585469780354565,157.03609884782426
296,-24.32310219921652,41.104389168163024,157.255681946025
297,-25.495356389902394,38.979521753987754,156.77363391249267
298,-21.829614809293354,38.065792555189745,159.8958233515808
299,-22.625371110096406,38.50803634553195,157.91793325482215
300,-23.598085549179146,38.6832677426853,162.85584903035752
301,-25.884394456025095,38.097660937583704,162.71405753561405
302,-28.51772393906503,40.33971199804402,159.61656200400927
303,-27.1229082615434,40.619983954040315,163.78876403855188
304,-26.381022977904163,40.648089623913044,168.27341475676062
305,-25.939056961745052,40.92011084211338,169.3216874190236
306,-28.5127235044534,40.057034676868696,169.31366152562626
307,-26.914743887684452,39.3667252984169,172.5160266592515
308,-26.61057437856541,40.20054824916207,178.15656585847177
309,-28.781628854948725,36.960671890668344,174.1806872660304
310,-31.46503284887348,37.72380269424727,176.32959243776844
311,-31.868308513562646,36.142572478444094,174.85512235280385
312,-32.79248333197837,35.82946680586838,174.51706708004315
313,-31.78461996492497,34.59164034728327,173.39042395200266
314,-31.656145568325925,33.71804861998002,175.784693790607
315,-31.268623251255946,33.301574624846644,178.8879677341604
316,-29.357137087303204,31.318993872705654,174.91033696583577
317,-28.917501631877016,32.18598687535061,176.398748376126
318,-30.066652926791228,31.911251494459105,168.75866229977407
319,-28.616136127755613,31.47944618970534,173.69172751095857
320,-29.727349464755356,30.271972685219424,171.8904614717818
321,-28.428294850223185,31.08895551275803,172.26475318094055
322,-27.98518077632648,32.331390766117636,174.1949776908013
323,-29.23076069542818,30.764198160429043,177.96214334355233
324,-30.727346012304814,31.39755789845092,172.11888062941784
325,-30.300465394254413,33.91506790403511,176.560494806193
326,-32.22641737703989,31.642666439998052,173.70080635954403
327,-31.85280687070972,32.17850124402744,177.60717439790213
328,-30.356043484968747,33.20069296506605,176.68296399985294
329,-30.517465035056627,32.03390105142971,172.34000150834345
330,-31.380575447637693,32.792631634851205,169.93763766295012
331,-31.341640321113875,32.8390826337207,169.23339127278257
332,-32.469640586326406,35.30558332163071,169.5701164873182
333,-34.00584720034942,33.442158985110574,168.54427767664106
334,-33.2613473269705,33.13138175452452,168.4701680601609
335,-33.018329976636366,33.4257618963039,168.89488332122156
336,-33.354261292968566,32.75144806014154,167.55356764999718
337,-36.31695484090176,32.23562960120847,170.4845373287354
338,-35.00961936067389,32.281170940790226,171.8419069208445
339,-36.788929780830884,30.545128134728834,173.18297732153823
340,-37.953984174408575,31.32794883971771,169.99965732814007
341,-36.08450706262372,31.9498787962024,170.047838136084
342,-34.52409485337098,32.508615269027246,169.00539810837208
343,-37.233647497768466,33.4766878321821,168.09680685237035
344,-39.046618867249414,33.22076243496874,168.7878031322357
345,-37.63550688889838,31.9427506715324,169.35951937505126
346,-36.972374582958444,32.43670163990361,170.89895238249966
347,-36.8596252927077,30.529867646449524,173.14862678823263
348,-36.31728157097213,29.429708508924573,171.9794512496562
349,-38.35540977539647,27.569923981837245,169.01853837401504
350,-37.421004401956594,28.378760580457254,168.91199178253575
351,-38.24673475401966,28.57600596322068,168.3600394558795
352,-38.501730628727294,29.741943061256027,165.20780178878553
353,-37.21036598722438,31.817879177056565,165.24826460242804
354,-37.82001533758017,32.85352232744422,162.86584822178443
355,-39.78511586347019,32.97126491482038,161.39588430872126
356,-41.0766305574835,31.451791898960405,161.41340284621148
357,-42.35143985645156,32.81687180167658,158.0055701871084
358,-43.765284928827874,34.21691050315393,160.00889746984188
359,-43.56729822046737,35.19558501132658,161.11667416192242
360,-42.88076285964485,36.38338789964718,160.21045327839346
361,-41.911936490444255,35.615407552952114,160.1127917346765
362,-44.16983281120997,36.817013690585156,161.72546453888876
363,-43.591773249945476,38.508669525145145,165.6267946192398
364,-43.84567581977612,39.10600329975522,166.7569091396176
365,-45.26455185099372,37.392101291115516,161.02074412768786
366,-42.883623394683134,37.21003364591666,160.75524381134994
367,-43.65266858048937,37.507266250879816,160.17743638934124
368,-44.54101555930895,36.414461237554804,158.00564485133373
369,-41.55254560753754,35.46774156216682,158.9096630641103
370,-42.58131313222611,35.16771484136698,158.4932389494155
371,-44.79689295384409,35.822040875229256,157.15080688404385
372,-45.32608411826883,34.219582578854585,154.32735573530783
373,-43.59739424564428,38.308761050057264,157.2699368372611
374,-43.19743648615623,38.49610689836928,158.78297172216304
375,-42.656207405530296,38.68018028204145,159.61520962859336
376,-42.46875423502714,38.17213628892317,159.57625651943852
377,-45.48187470145072,37.14039843963312,159.72345858452428
378,-42.72608203705518,36.10751655868719,156.21436627198779
379,-42.92938348565696,35.09872233621955,153.26092716602506
380,-42.39104565503558,31.539968205621516,155.76980209628886
381,-42.56438420699706,33.976885713046826,156.03860140419224
382,-43.33403806797167,33.61498593330578,156.25589306246704
383,-41.307536024512814,32.58696894291534,156.5819876411813
384,-41.389699129544695,32.440505657255954,158.15182483036065
385,-40.09998725476048,31.5232054562371,157.55702121253222
386,-40.52101215655113,30.87466143225002,156.55286550574888
387,-40.98689160736715,31.820427242220624,157.16209951845565
388,-39.60561412164248,32.52437659073433,159.31379534839112
389,-41.4700948365669,32.56418559293496,157.2546669227701
390,-41.235495855916604,33.39242415325877,158.19355107918238
391,-41.01492644536296,33.45315758030618,158.8830421760188
392,-40.21458763030244,31.780421380239503,155.19004126840073
393,-40.23873355761166,33.11478982859606,154.39175426732245
394,-40.46856761061274,32.81531885753515,151.48032347329217
395,-41.75863097407881,33.2052225952238,151.88967342946648
396,-41.933693914365115,33.11290541100974,144.93115259363253
397,-43.2640583081172,31.77667229089912,145.20305279514446
398,-42.090506436532195,31.320560307684985,145.44351076396399
399,-41.45003792475703,30.445561346134323,147.04776423394202
400,-42.15301149157259,31.64927683805556,149.57633451092548
401,-42.03429690922591,33.4170091699515,147.18714476236866
402,-39.928040513220026,34.51500773888492,149.87977194330952
403,-39.42667744783967,33.25356648519678,149.2868882233994
404,-39.17171591959524,33.360610244188784,152.7454568969084
405,-37.6207542452179,32.284738140330376,154.34335930517355
406,-37.61211030436174,32.38656007746994,152.4218602539665
407,-37.69390907382722,32.9555244455804,153.379990638673
408,-38.67370717612287,31.989220650274742,151.20057617671742
409,-37.23779479350624,31.267621930778784,146.6517207747907
410,-35.45932202961782,30.56485017222987,150.92597315039166
411,-35.09229007885452,31.280599383778814,152.30170116408766
412,-34.9916330763666,32.18194404319827,150.9373040970247
413,-34.37724640080143,32.75945154562349,151.30036371086325
414,-35.83763758659265,30.272683293965503,149.34034387215124
415,-35.78044719929534,29.43815368161745,152.08993270849462
416,-35.99823404995869,29.583038431523722,151.0654305460709
417,-35.225840875553295,30.248976534961386,150.1423534913954
418,-37.74610179673544,28.403399002389307,146.59594101419495
419,-37.97998563659733,28.20986498201218,147.99913389004547
420,-36.5115375325207,28.73600755459004,147.98791801468852
421,-37.286224671764536,28.91752650615245,151.4885205932475
422,-34.90333780938989,29.052958250858207,150.61705426826973
423,-35.99742564604154,27.859599740949744,148.41865960392025
424,-36.424784152483475,27.85164005399872,148.59171954178566
425,-37.20475949190353,28.9197760384209,146.91657322425638
426,-37.01584675095329,29.15625541913513,147.14567421368238
427,-38.80472960854217,31.710676323434544,150.07628910647838
428,-39.78664657018546,29.53937207482912,151.10393930213434
429,-40.288222811908135,29.80991542518768,151.25766291057298
430,-39.99817361681005,32.195373594929166,155.6352438395053
431,-40.841411592927805,31.09831099782118,154.59260653140083
432,-41.46814146351091,32.985370830760104,157.36672564791832
433,-38.39245260000666,32.526467973587046,156.6377155311301
434,-37.18040850255785,30.869341545563998,153.6933732469973
435,-34.32857858389374,31.88847654696167,153.17083371269558
436,-36.78507358372152,34.57934060382618,155.77119406535152
437,-36.23662866275068,33.643228039992124,154.5775433073198
438,-33.5513019997436,31.161644541986213,157.99918817009615
439,-34.074036354095576,33.52530995321005,158.65330455354632
440,-33.48410064896469,34.25850009435658,159.2840024414293
441,-34.01626900844307,33.89925057611231,161.02372045481277
442,-33.595705434955704,34.10551145570276,162.13634406881792
443,-36.03417284599242,33.52136867610398,159.54972685119444
444,-34.58404716376255,32.87334629987182,162.9112029725782
445,-35.065272238284614,32.51160677569146,160.20828210282687
446,-33.13577369182333,34.056020338321,160.91517370742935
447,-33.13813862204242,36.36497610197962,163.49079881733456
448,-31.515273331956546,35.550177838656374,161.86152603825323
449,-33.17573574539434,34.426085557788845,162.5405623175641
450,-33.19337076140945,36.574448344489994,161.30442261167028
451,-34.62862447520734,37.84986848864135,159.686993294564
452,-35.05044671207017,37.138844558735066,158.42421059080664
453,-33.100978423105076,39.3079283635084,157.07997945125672
454,-33.13316924895111,37.30382103833388,156.06549774210146
455,-32.45481074252909,36.604184894843264,157.95487240442569
456,-30.93712900951968,34.053423978122865,160.15926218611455
457,-29.973768649920647,34.06779761646405,158.09587762627692
458,-30.670201754241244,33.749552286348575,157.31261715014125
459,-29.408005290861702,33.470216190968145,159.87290127866584
460,-30.90504393108319,33.364900709229694,159.15734501531142
461,-31.719273437615765,31.984006699922567,155.08474922774238
462,-32.95004749243226,31.866623346472014,156.84938880662892
463,-33.72744628385882,33.575322879917174,157.22795727386148
464,-33.8179866613951,34.096401823188955,156.5281172087716
465,-32.79808057971099,33.07360025646643,158.64900622823717
466,-33.71559273234001,31.49107100892126,157.19622206290808
467,-33.01117339664379,32.49018247190744,156.24329658547708
468,-31.875949452974073,31.414021078206865,158.7873781202785
469,-30.379165366387618,30.378883709814755,161.83002183728252
470,-29.825331060869676,31.375553048238014,160.6060071358062
471,-29.170570349032953,30.450532182657366,158.97119771547528
472,-28.31305757515344,30.740934593295233,162.57365252616944
473,-28.79144555560691,29.67266689033328,161.54705544655548
474,-29.393863551763832,30.49973574289671,162.52649614687238
475,-29.16963374154218,31.944243050497448,165.49636616905295
476,-29.121650229548035,32.66704345573666,166.17094271694032
477,-30.250999490067183,31.616110069328478,163.61751754753908
478,-30.45976250854306,31.5284402446236,162.32213328780696
479,-30.37860917284159,29.78480307072049,166.0273972138316
480,-32.35795115440479,29.551554277542515,161.02157603551822
481,-33.599809160498815,29.710138738324634,161.3932031631431
482,-30.893335702405736,30.688189584873452,165.5497344043563
483,-32.36255069474849,30.056383554687333,166.23213986407822
484,-29.60682637875703,31.392133683650204,165.32197270398956
485,-27.910596884516245,29.35693569086017,164.0664656122985
486,-27.816349578702336,29.307251024323303,162.02896806115328
487,-29.127881343789813,31.34915627728416,165.22708971292275
488,-28.809550900089178,31.39536276001639,165.00686313549272
489,-29.222299205603132,29.40945098904592,160.9029057681738
490,-29.563332211984793,31.463258019359213,164.5002495082484
491,-28.193127587465295,33.299733565148884,165.04832153657725
492,-27.644366232496598,33.64323709312971,164.29097631976757
493,-26.813886032674713,33.4611719805555,166.62334052372807
494,-28.657238430735372,33.92161141965663,165.6646314261358
495,-28.27180836769401,32.70039215383705,165.1914287640487
496,-26.36859216301448,30.821707145130475,170.32864362658282
497,-25.33738719453928,31.6759061249848,168.65534196340482
498,-25.738816346770676,34.28589641592454,170.64660851021372
499,-24.26004856529589,33.825625927956395,168.7388129923301
500,-24.66219174665139,33.88607377844528,164.32940120615106
501,-22.49023965158567,33.01984182134783,166.31411569816768
502,-23.41390445986184,33.02647435555412,164.75264748672382
503,-22.535847797596386,33.016430245877174,167.82403081385362
504,-23.824594296098216,31.410318611526566,165.5669939447831
505,-25.613143308678435,30.968817134197046,164.41940398349973
506,-26.1282044253714,30.310178599067747,162.70960900326656
507,-26.602019537143676,30.08213244586195,166.20583445084569
508,-26.66150434837024,29.407792560955475,165.39041242466615
509,-27.68930917159019,30.393713704366355,164.15000072161408
510,-27.464223641605937,30.193645049227612,161.34756515048247
511,-26.321732861412592,29.772413493397316,164.0258112978627
512,-27.884695186955877,31.239958087239327,165.72572816169207
513,-26.706276970858127,28.752394221946112,165.78134233192162
514,-26.579899988105606,26.942814500064866,165.15785264739188
515,-28.858503534553865,25.962076189311624,165.2775126787579
516,-28.884561300132816,25.26533717969094,161.5531793946271
517,-27.606499364301094,25.149113894453258,159.59635224869476
518,-26.309844934929362,24.557937714004066,161.3005085295807
519,-29.268650436046215,26.18147434619099,165.95886615534093
520,-27.905503016143197,25.426300622921314,165.87915584526377
521,-25.789390061920034,26.420077643201058,168.35906344840038
522,-26.31944407813264,27.4754746937547,168.72648259015426
523,-24.50476955799311,27.624254266519344,171.3699166137884
524,-24.572669337811433,27.71501794827926,171.36109332892855
525,-23.901536562340898,26.925425036270827,172.16964351320934
526,-24.165436644221234,29.473612182512202,177.46762037262977
527,-24.5623430025945,29.25684822752305,174.58263988193013
528,-25.157464053008585,27.684498310727694,173.73616294141908
529,-25.515071440618186,29.400166098249787,172.53760787394685
530,-27.680029960189938,28.58694442721821,171.5337463211538
531,-29.022564003038543,28.07304748530193,170.36988610615973
532,-28.20116907652712,28.99767508075468,170.03865677720458
533,-29.462442216182474,29.02807038459148,164.69901000507173
534,-27.836726539545392,31.44792898131015,166.79082539421495
535,-26.784829224786893,32.22942459909242,163.37671136691097
536,-28.557385690172698,29.549852171157838,158.07214059797687
537,-29.711426414300433,28.739912598128278,154.99543589319936
538,-28.050659762633934,28.693446438343077,151.9752262126899
539,-29.0109985495998,26.872919968321984,153.45728883561378
540,-28.995969684118574,27.763791151601723,156.81634011379745
541,-29.602471779079927,27.85351953326778,154.48730667016875
542,-29.79541360986447,28.533861814644787,157.34342389923302
543,-28.75035271081537,28.186676441439175,158.1728712055904
544,-31.59249451233457,28.20094698471649,161.51016524024368
545,-30.172863314106966,27.782208510212563,167.23707889395718
546,-32.45713242542786,27.86329560536364,165.17552995283467
547,-32.11802572069622,27.920664748457195,160.54779854995803
548,-33.56304394626085,28.525235133577805,159.9458788364716
549,-30.538051493012368,27.65288385155397,167.45409126238667
550,-31.115483072751477,26.97191372017637,167.06854706416132
551,-29.45871385382069,25.376379732106574,169.3316925710067
552,-32.076990396144765,26.183084739550377,169.00889233630483
553,-34.23382842776139,26.936037976678843,166.83014025482606
554,-33.81346717236787,25.01643852867443,167.736322079194
555,-35.14666136065582,25.13841253618657,166.3252445818115
556,-34.614126919381526,25.83258947379961,167.49088414897764
557,-37.16086338457867,26.560394136420083,165.49189871221927
558,-35.81669029207651,26.612140590691016,161.62201541703877
559,-35.0229208591532,25.038004768926566,162.74721213656628
560,-36.71690222574528,23.541364437565566,162.44544175474883
561,-34.26403034126057,26.120275494656305,164.00926367565185
562,-33.9133533747429,24.666447235311313,160.49643796226562
563,-35.21941567632538,26.03978986383444,161.1039080451562
564,-34.49193837126365,27.009347649283583,164.3619486268491
565,-34.95197328732493,25.18911333591462,162.51927385959354
566,-34.72083759583298,23.391653559143116,158.83649263797523
567,-32.99152393233455,23.97191144815645,159.7784453645735
568,-31.869738814737392,28.284881418847682,164.92175814188292
569,-31.55218818051806,28.442781692355,162.2646519276786
570,-31.561354757036423,27.328290473945085,161.35537724907306
571,-32.62884683290166,25.767294844720336,157.26296672566124
572,-33.29797851161401,27.74877207590687,159.90153008415973
573,-31.7066756451101,27.443513572746316,161.4497144535956
574,-30.44922640070828,28.07973863781703,163.81170381402504
575,-30.491633124886732,27.97460722922196,167.64226993372452
576,-32.0632311720975,25.635094990446063,167.79487390690608
577,-30.675905672572526,27.26275222422857,166.46005588133386
578,-31.659596702560247,28.642005008222718,166.2220722989679
579,-33.159833855981994,30.48721209842277,165.66264560549212
580,-32.66227389475467,28.692325237138956,164.94966262618766
581,-31.49755569778324,28.351588646077186,164.74695831142813
582,-32.53285982965212,27.97655432918247,163.8554809440802
583,-31.658888597118274,27.71262278822125,167.21178604874984
584,-32.26242243804315,28.995156379772613,168.75486325151425
585,-32.446834682753824,30.821990686434518,167.41913365659028
586,-32.26082331364863,29.839310344797344,162.11182294264532
587,-31.531199006778607,26.525382842600823,163.37824251105457
588,-30.61165725596004,29.021560137951067,164.87841777412723
589,-32.77790693306993,28.846656008257384,165.1227933308893
590,-33.78181122462433,27.373809325561478,161.89442100705796
591,-33.853738386846224,25.532342661118978,162.24883419252848
592,-31.612950356474744,26.922387912157937,165.61482449560856
593,-31.75902366964414,25.521598950832832,164.96198186788817
594,-32.227643029115015,26.377912212234698,165.02714344899516
595,-30.631227199287586,29.013289909710384,168.68827108965374
596,-32.102086384749676,27.167917321054265,164.33640878065606
597,-30.332326997654967,28.12320446181358,169.24874140559808
598,-29.63111182829214,29.126679368725085,170.4068185118904
599,-30.805919496541154,26.169121008436477,168.82528389756723
600,-29.483139591236693,24.912939104468812,171.33078645057287
601,-25.379577291102528,25.21919998374227,173.0765004273745
602,-25.97142532000096,26.76482873615794,173.8117725938176
603,-25.7525879223467,27.182050028526334,172.12216164730532
604,-25.770939254179222,29.210149638417683,172.5516532211734
605,-25.56912191807763,28.773799474465456,173.7906350088034
606,-27.50299637721311,26.902946042647205,172.40652712490294
607,-28.03110557412048,27.37863571448332,172.63568955592552
608,-24.580282793738863,27.436441895622746,177.00620313495224
609,-24.950816582838723,28.551110094683057,173.70882521570923
610,-25.50580894461704,29.499436459919828,172.44303507752787
611,-25.794966834255533,30.14486612157825,172.77280171415345
612,-27.45958498408671,31.622850569869968,174.42401592383612
613,-28.79209306715657,30.653177310433232,172.7589851800141
614,-28.410759971326893,32.246386516034704,169.54785843886765
615,-29.65199580019258,31.09615466418341,169.8689023667335
616,-30.288034348840185,30.159564623650937,169.5469255377755
617,-29.167344428826883,29.424700897044975,172.63973238231304
618,-28.94418147002559,30.391195106071415,168.2687292011388
619,-26.92249723756746,28.869861241147007,171.25499699975242
620,-27.155815973539784,31.622863893711397,174.05208233380773
621,-26.2759999488414,29.80368757524452,173.28159957014503
622,-26.44194463000973,28.754240490060784,172.89799461479546
623,-26.787736109591417,27.64039532636698,176.0372266530273
624,-24.75367817859829,29.503243664219895,177.1795621487486
625,-24.226984319712404,30.799548246083322,-177.8381055992441
626,-25.43520831981994,29.425795366901735,-176.57275225541557
627,-26.524872314980783,29.72929479393744,-177.18866522722624
628,-27.59508023287581,29.35877964724557,-175.5001234607284
629,-25.97098444890575,30.08182093182471,-174.52897416570661
630,-26.74776171959653,28.11619132992907,-178.70982227016881
631,-26.008274546067288,28.863627516560406,178.68653926859324
632,-24.709457765030674,28.97225575509952,-176.81520071881062
633,-22.230699833411784,29.372987481168035,-177.0595765981782
634,-24.78126404764647,26.964592854810345,178.64162049892832
635,-24.512322043599998,25.571232051647886,177.49986245177737
636,-24.70847430332375,23.590145626241114,176.84110061840553
637,-27.043012706778182,25.410898521045876,174.01765700367017
638,-27.655391483894228,24.868504271226016,175.99276310259788
639,-30.075095086573697,26.64564911772441,176.15142660724254
640,-33.16396074693692,25.989280614662047,173.32795142861409
641,-31.205182292143558,26.940340046965666,177.1478931104992
642,-30.065409715259005,27.26458170685636,176.46745725637822
643,-31.064141589024207,28.54028069089969,176.62398283849754
644,-31.167449502948465,28.301609770364077,175.62968423260713
645,-34.848008177179764,30.33151505853956,172.57452007480447
646,-31.69003400512152,30.50423371509133,175.5274483484457
647,-32.96821283423852,31.172958601096262,176.52232297122092
648,-32.9336258817584,30.734850866699336,176.35624182115873
649,-33.899806224552215,30.071176391328912,175.2451565636181
650,-33.34152389152394,28.16067301077781,176.453678790246
651,-34.42639811139097,28.25311443493124,177.4656077869415
652,-35.83848373043699,27.369326830302978,175.350133148115
653,-34.041330365562445,28.419813828359285,177.47654243978477
654,-35.04242086658232,26.557424383668362,173.81134539046414
655,-35.40515919074188,26.513462940346592,174.86514812489833
656,-35.65693562857869,25.26363831975511,177.59979440516835
657,-37.76820705918205,24.0496828558205,173.46318282835665
658,-36.41302505571096,22.96758909257595,174.64633381079895
659,-34.844121734695555,24.49183475696394,170.52104593031876
660,-32.871319702343364,22.748397307031947,172.62161371623517
661,-33.37362976528252,21.9239244847328,175.51001930016403
662,-35.72860395072666,22.61970304563658,176.73390129903154
663,-31.692048648606235,22.386452334902277,179.25980032615044
664,-33.20898525569119,20.937015994615468,173.36019099026439
665,-32.644285733246434,19.887431739034977,174.10586392008477
666,-32.70871387111471,20.256657003883642,173.9329750319099
667,-33.4898836388114,19.752010916558948,174.36328357737662
668,-33.832417634431735,21.289889981750235,176.47745819023123
669,-31.785182851657225,20.462614063027548,177.3767456591406
670,-32.5740464499544,21.0131152958108,179.36807963367966
671,-33.352236584307946,19.859502470814146,177.14676191469613
672,-35.32165773519666,21.19276344761598,-176.64797104839053
673,-31.751066493260684,19.95423047884866,-174.67014743862933
674,-34.09791493190725,18.350755217137877,-176.06357521722003
675,-36.630819898665514,17.75990904425942,-171.02967394764622
676,-36.78504159854656,18.602968247192432,-171.53710017243748
677,-36.8890170969872,18.497262019371476,-172.01873858072267
678,-33.15493476022293,19.137334248948086,-175.4518710012576
679,-34.16158528923022,17.964771200383254,-175.35659396768315
680,-34.65198361237977,20.16780245995899,-176.58004280116276
681,-34.78725148698666,21.035707059129972,-175.31642130014302
682,-33.38522730145819,19.210160745446572,-176.82060742386975
683,-33.21971180248539,19.21545557021382,-176.37749365800514
684,-35.64485227303716,19.90391960560581,-174.7351254726467
685,-35.08824674625115,18.6058868744925,-177.59034694354776
686,-35.2987328729396,19.57385823449773,-179.47908252473073
687,-36.31204176329373,19.557701716684935,-178.17451903431405
688,-35.715447051634655,17.84811208142326,-178.2820328798767
689,-33.24095849702883,17.067947112131073,-176.59885956102622
690,-33.96432146340037,17.682206617476844,-178.90185483527992
691,-34.237426158800154,17.839198199597124,-179.01575609675064
692,-35.36944682310259,19.693536083485757,176.8392715603996
693,-33.648879973013315,22.0050786421789,-179.5015149181541
694,-34.03907200507347,20.37193430927862,178.53045560292173
695,-33.58111234068102,19.8354886996538,175.79082261559282
696,-32.81648891802251,20.081512548784605,178.18124312726164
697,-34.088640148090384,21.147985523692263,178.56794212199364
698,-32.337336569166276,20.976408922065957,175.94997696924446
699,-30.98922304843103,18.36360245593202,179.22735464122582
700,-31.61904225425839,21.149689675252752,178.50496245172488
701,-32.96010717167802,20.99229223283412,-179.90482040625344
702,-34.1341659039204,23.37714218141717,-178.25311596835562
703,-36.559776959206104,24.109370599722773,178.5430410748281
704,-35.31024125968679,25.231268854248793,-177.6775818075668
705,-35.45024180519934,23.224629529172518,179.390146023109
706,-37.062625641111026,21.129491804813814,177.51488218778027
707,-35.48826023820543,19.180767651382602,177.9277070365139
708,-36.28233943440589,19.271929785810574,-179.14196152735764
709,-36.79764552243672,18.721299105689592,-176.6190597277969
710,-33.803884451262014,19.187019374379208,-176.21237790790195
711,-36.177999106667485,18.112920183535177,-179.7268761464263
712,-34.85080036063926,18.722177656675683,-179.54059423516657
713,-35.8052961807041,18.322093644473757,-179.39986457465818
714,-34.259445673588615,19.295719825344456,-179.73383546903526
715,-33.75757802265159,19.574366624051464,179.81872176499564
716,-32.46056108800163,20.669444644489054,-177.5539746798704
717,-32.04464812574141,20.291057736268176,-179.33946910167478
718,-32.9826938617197,21.625894314526896,-178.29233295327606
719,-33.60136680970762,21.84377762249517,178.6167788182666
720,-32.466276928813706,18.96079213294679,-176.74238154677076
721,-31.295211373584188,19.33057000941966,-178.14149197675198
722,-32.34576242128027,17.111618409841206,-179.01365398648076
723,-32.62927146543283,17.733620234921485,-175.34886664439122
724,-33.18142490761206,16.384079899140776,-172.3298412939542
725,-32.12215548839584,16.55699241770079,-170.3443984058024
726,-32.25130038828301,17.452348795056693,-172.4510333204147
727,-32.25428720087234,16.433512048975565,-174.21009286032262
728,-33.71706820112794,15.533196085087534,-177.23801811795946
729,-33.657548575822055,15.950323306980115,-175.54928695277417
730,-33.156705115093615,13.566618483927805,-174.26563927003588
731,-33.74865563871632,13.468784678015018,-174.006838663575
732,-32.60483781760339,13.400759551298679,-173.9130471160678
733,-33.081538775231564,13.415316529526402,-169.86393808652494
734,-32.67965839962985,15.170203139132107,-168.557420705333
735,-30.856375559951218,12.898406418321112,-173.48961065495425
736,-31.640279429335298,14.975760040211489,-174.6513074183642
737,-31.00785880958064,14.968316754749784,-175.22650907947911
738,-33.22660487507246,13.999059811029797,-175.8853414502015
739,-31.654993697584054,13.734721204087483,-178.05300764824767
740,-31.645020306909988,12.385942472223821,-178.17500997247538
741,-31.840119300181513,15.247826486186977,-171.99778929240094
742,-32.803106369794556,16.482600776417776,-171.28675003668044
743,-32.33606163631953,16.805808059782358,-173.68602146964722
744,-30.519594106228986,17.12518235426283,-171.34489476969804
745,-32.70948089788878,17.108789438069913,-173.4891721001128
746,-31.84784695685719,18.714702576853178,-168.88628833956358
747,-33.08467605188829,17.64684094441413,-174.18675015937427
748,-31.361645071641192,18.67301464815542,-173.99557678117782
749,-32.83848378414336,19.282756349353402,-177.99177945532966
750,-32.17309992099181,20.72139391499747,179.80244759133814
751,-31.868537567439596,23.267495657052713,-177.96124281933587
752,-31.675768368162196,21.523413631263512,177.2712939537645
753,-31.813588906281897,23.254468451508693,-176.4510087965552
754,-31.692454872285968,22.856945287309937,179.17782651314604
755,-29.834516364560226,22.412162940447786,-179.0896442495087
756,-30.47273130663563,24.249239770104484,-176.75092861575536
757,-32.46064971003688,22.53108147974928,-178.98819488544325
758,-32.14057396418922,23.961075820780863,-177.76253608267274
759,-32.47052885077399,23.65919472716059,175.54594504213452
760,-29.936672953199164,24.0120922809474,176.33690860648258
761,-28.954128528244734,22.859340551656025,175.98547053993693
762,-27.48555837395977,25.614141853295546,178.38048489461653
763,-29.23078327025087,26.00574992213362,175.3588338071201
764,-27.51065669972038,26.498073597695427,174.57813477823794
765,-28.324102797188402,25.844250111744206,173.65960942586514
766,-28.528782163069184,29.11406757394982,179.74057781190763
767,-27.62470333425674,25.623856446642254,-179.06058232158477
768,-30.03706831553497,24.727251159468448,178.56022401406585
769,-28.487621948840935,26.659760001327378,-179.04915852593257
770,-28.716027268572446,27.404938126048418,177.990431546235
771,-29.308356168595758,27.25811871440236,175.76708850278018
772,-29.906962776696435,27.21258191246933,174.7980927701545
773,-30.72111964072654,27.463675547610567,174.5425952661032
774,-32.79464478920123,26.149791979067416,173.5098823066015
775,-33.08912669169056,26.390029404706674,172.69789940769087
776,-33.38147856779786,25.12236567173747,171.5052150552121
777,-33.70745070924536,23.673089218360413,169.59910730756476
778,-33.18760697604498,24.227165378660718,167.27614289151163
779,-31.43057208977918,24.471521653138613,170.76821517773976
780,-30.398567268312345,23.75934104629499,169.53672083607725
781,-30.23183897283448,23.910060795086352,167.80122759579206
782,-31.134586288630327,23.75087756423588,167.449863784907
783,-30.37483893932647,21.609432242503697,165.84303670622333
784,-31.149394538637896,22.92991387627844,166.54190100688223
785,-30.96813440760679,22.875788453100412,168.622796095883
786,-33.59039232900086,24.801654996709217,166.6550106284913
787,-33.22297220900257,23.511264162677897,165.25871708818863
788,-31.325489761532033,23.702598637714505,164.03037780991988
789,-32.52977139281907,23.85651272414169,164.56496738239366
790,-32.451318819341836,24.59860621545703,167.14054544375065
791,-29.699613337079903,23.92035820082091,166.91201218732726
792,-31.695489987234733,23.01926047777721,165.01379394018602
793,-31.331660271725838,23.098611647505557,161.9083203575721
794,-33.13825857417342,24.546536426041968,165.91084162001104
795,-33.16382875833153,23.86724188778497,160.11693700251845
796,-33.54558429420234,22.99883919654031,158.8916267281935
797,-32.43576638780362,23.5730609419537,158.57621618877116
798,-31.55079475620456,23.112594647766386,164.25696030266576
799,-31.175983483033313,23.467630821434764,162.81941755442105
800,-32.14772667750797,21.60505437322249,166.27752789742712
801,-34.27370767346958,21.965353447366002,167.0810568653352
802,-31.62839422003843,22.071917864784425,167.51506489753646
803,-32.636010368245344,22.345403078969564,162.14911457266626
804,-33.22490460993603,22.077282758670375,159.72596358193786
805,-31.094325325201236,20.399134730560192,156.87785205576924
806,-30.82751091935628,19.505266551001856,155.91712734832512
807,-29.529689931624706,19.7508189267169,153.7618903226733
808,-29.101668736755812,19.824114824039853,152.8741934018984
809,-30.82566448524017,22.3267917525104,155.18882180359674
810,-32.18244496116903,20.11773006911157,152.3699304826177
811,-32.65580045790069,21.43188205386133,154.42864993923976
812,-33.327991388372986,19.653565257951467,152.80368884276376
813,-35.612578271917215,19.38532067488048,151.0807740874133
814,-35.32360426501407,21.423029660559518,154.61324459729906
815,-34.435910236754886,19.38439551954769,154.1017410182054
816,-34.1914560772997,18.251044988737988,154.699682735518
817,-35.2910684154097,18.095663387677746,151.39706959865367
818,-35.209729378638194,19.555105561109226,154.32886597012464
819,-36.76791699211519,22.188690220108267,154.9908440476848
820,-33.235986240101525,21.941285314840083,155.11152701111715
821,-34.469823513811214,19.914455577184928,155.9074487190945
822,-35.75341315392973,19.21336506838139,153.9378275584632
823,-35.71379413986774,20.739399568490953,154.70641989773276
824,-35.764927751326624,21.558676863586076,154.05946255835278
825,-35.663973279285706,20.07513014664739,153.42969303791673
826,-35.827733935334685,20.155865014657856,154.98439900281545
827,-37.24867793942404,17.604976534348463,151.58489320844708
828,-35.666636081305974,17.68403639877518,152.06549420738085
829,-34.11209829195835,19.862306076067554,154.3029170289973
830,-35.308378238541316,18.81175500355562,151.31658453799074
831,-34.681263410158635,17.00465424862727,151.56573005562714
832,-33.66734474401176,16.745317155317238,152.8325227672431
833,-34.40901986564529,19.980452797351198,152.4479438036474
834,-31.90728680579354,19.603825480832793,154.3411724598684
835,-31.1085503222714,18.874361006856212,151.0960793481408
836,-29.832077262641146,18.629423068021595,154.72680144885226
837,-29.898640898892438,18.377103661961314,152.92835225804365
838,-31.225576102954825,18.84243672369671,152.6602938881124
839,-30.548697284804298,19.57061962404812,155.14518045514245
840,-31.050043848780902,20.97399859204367,156.4561836117694
841,-32.03638415281578,20.101108043990983,154.73254783592884
842,-32.49521281345218,18.81491918215341,151.93082256952803
843,-30.145014597769716,20.387222299929874,156.82150847864486
844,-30.02838944020203,19.27586704059205,154.2666197277135
845,-28.9540978361468,20.14290929808784,155.99472167239577
846,-30.814575275018395,20.659764075455644,153.36772618345137
847,-31.576750553870735,21.955312973051846,155.16980232946798
848,-31.158747772101254,19.751223959395702,150.9667709413526
849,-30.18884927515642,19.2960026011902,151.6168824093551
850,-28.88191577934439,18.53759024849485,148.63809070486073
851,-27.961794022084295,19.45150121872461,147.65267137510665
852,-27.75005737632873,20.689001555030824,153.02124507989168
853,-27.213182546906047,20.011165752837602,155.7559378783066
854,-28.083540191923777,20.020253915611214,159.3469890085023
855,-29.950881738839193,18.176149518633416,156.26973503302403
856,-31.138850105019014,16.826704029241117,156.9827671015111
857,-30.433747326163914,17.863741354174344,160.43307915744182
858,-33.68281451551626,16.30008018735278,159.13205761311264
859,-32.54917144196488,15.071350617635128,153.42491118985168
860,-31.835041550786503,16.822044444340015,155.27568323934477
861,-30.649486439281336,14.917734016271949,153.3345553266603
862,-31.634192991411087,15.467175047832976,153.8792321124861
863,-31.38046425463717,13.997789966491002,154.63046663546933
864,-31.180024324997813,14.927554499353604,154.25306522135477
865,-30.622244030344635,15.274995843796406,156.83680278136873
866,-31.179385215545665,13.647151826866443,150.72321770699486
867,-32.11167524878558,13.252200902184272,151.9582289136054
868,-31.64927524962947,11.119695772534183,155.90583900681
869,-32.195043210488684,12.24063213616915,153.88937508254003
870,-33.273817718221565,13.353339677411169,152.04369261783148
871,-32.30917049511285,14.87914739656138,153.07473615391925
872,-33.58350352363726,15.716488977935926,152.77703884940536
873,-32.27365240888618,17.836004290977378,152.26569665564298
874,-31.93367656291219,19.081344595065552,151.99570842183024
875,-32.246548541826066,18.89818669929038,152.0544189486015
876,-33.417649805428134,16.578094047087202,151.52179327018283
877,-32.44016164818985,19.91700840518533,154.0593189511368
878,-33.741664296225416,20.44661701566355,154.57483417155868
879,-34.163764327839964,20.687178386911445,153.4752623840872
880,-36.108780611613206,22.839442136381656,153.78817303831
881,-36.54560684555871,24.578435392516468,156.03342101581774
882,-36.723719013506226,22.688450624802982,155.27635546644976
883,-34.74269270528771,22.5258792019619,153.49539263002546
884,-32.47202435682941,20.886116635710223,154.5329982854122
885,-32.75956717118814,21.622092398190627,155.44725281905588
886,-32.777288815517366,22.48011961402686,158.22184297285196
887,-33.9757431493991,22.896570746699098,157.12096308078728
888,-33.36879308596624,21.41340263820474,158.10456248355914
889,-32.3811124021612,20.196399748493565,154.5278687087458
890,-34.77537429105684,19.42287546842077,152.86879148250202
891,-36.32198776474907,21.101894154135387,155.86131769284432
892,-35.539911754287495,22.977165086547753,161.2901040295488
893,-35.55265780290344,21.204119712787953,160.5001767981463
894,-36.47916188985872,22.540692898896015,160.72043099964114
895,-34.2894906537551,21.57200707503444,161.5566802384011
896,-34.08295795445562,21.91430232044094,161.87106009701895
897,-33.78552683874055,23.979758833084116,163.81866230184227
898,-34.95548410552178,25.096779609949223,165.26568051477398
899,-33.91142975237781,26.287115494714733,166.01360345982556
900,-35.06645671930277,26.07330011188697,165.21879688780234
901,-34.91028573799638,26.8272282103648,166.36605154071265
902,-34.82696681671667,26.291873261164096,168.0332916973389
903,-32.85039228024594,25.884614002686778,167.4328719636692
904,-35.479794116928616,24.527082918303385,162.47535145132002
905,-35.7546188313192,24.468757354674327,167.61556447811876
906,-36.917312508279345,22.80402402831081,164.02890399440233
907,-36.13106305073551,21.335215314486497,162.57372085660904
908,-35.68461126379802,20.726932873221028,164.21461911489726
909,-35.81678864633052,17.97559398064664,157.0889660476073
910,-35.727882162800185,17.809564176535535,157.44918015139692
911,-38.27938782490881,19.58718251745331,155.28521329374766
912,-40.753139963534586,20.999573615112823,155.65419433042973
913,-41.58332661739189,21.775763511152675,153.36755140311212
914,-42.650822026645216,20.952503695437223,155.16859913981443
915,-41.53067083857805,19.795843227616746,155.76909704173517
916,-39.43812651545438,20.18235612732917,154.2559706175655
917,-38.476345546795024,20.545777822891598,156.15876128875536
918,-37.41484558996414,22.062951604733996,158.23575622995267
919,-35.781556429386235,22.3285546684132,159.6457974302732
920,-33.99596897764848,19.25402208062097,161.29721004947422
921,-34.36467055498462,20.231536782915583,163.01128841640144
922,-35.84220161328495,20.46072793546798,168.1525917645675
923,-35.936199622353236,21.367192883830835,166.15014528204242
924,-37.979957147196004,21.710265325055907,165.64251985947257
925,-37.543696775547076,20.855567708070904,168.04795839538207
926,-35.99178165354077,21.333518113236615,170.18316571647404
927,-33.759443636568776,21.641022443962797,171.2728824646215
928,-31.41619577245294,22.350024832956787,169.36857813588477
929,-30.831178955475192,23.30745582386773,165.8366477581918
930,-30.86389425536702,22.4787397693616,169.38653611589007
931,-30.04324019708724,22.359219561362746,167.15501386986992
932,-33.261339099754586,22.306553567714605,166.8476976107051
933,-33.8838869412343,20.6173811877109,165.06096254979298
934,-35.487818259219324,21.084814182695897,164.53879641758584
935,-36.234198303253045,20.22898471694879,163.13166347749777
936,-36.4344529758591,20.17905847809488,162.72380749571462
937,-36.34937809627892,22.334967807725594,160.2635585642705
938,-33.530048780879966,21.82930487801823,160.65710861381643
939,-33.924184970718464,23.507823935846634,160.05618683037918
940,-34.884145831844066,22.62101583914203,158.90734713526706
941,-34.465741901221804,20.252848343358526,159.2487758007618
942,-34.78433647069957,21.33571441308374,161.48034615350096
943,-34.032632381821266,21.784042161492415,158.55769091635742
944,-36.09648968444009,20.749569841596607,158.12880067712157
945,-35.42631155230596,20.779029652899794,158.97632032615977
946,-36.868056813976054,20.371717526541193,157.63050625839125
947,-36.261339182350916,22.035890186728636,160.58863456883594
948,-38.17695312759782,20.200857103865562,159.73862869177944
949,-38.67883219942068,20.593795328055144,159.64192217266847
950,-37.80449718461438,21.786356979171043,165.72933339095982
951,-39.45596353557398,20.908380444438635,162.02837386056078
952,-38.422847647451995,22.45098604416409,161.6046932016229
953,-39.234486683498794,20.73518412268279,158.01166404197153
954,-39.14236992189532,20.85042438474883,160.16021654975145
955,-39.47698362630322,21.61935790157048,160.08625772720916
956,-38.345201163287335,20.019885110405774,159.01745178410812
957,-39.773932741193875,19.39231323031828,157.3760357606703
958,-39.19316592463129,17.779179606869004,156.08528390824952
959,-37.88308857113362,16.90542030313852,159.51121085540572
960,-35.3584812798425,16.960108581892438,160.50443411372353
961,-35.4692984617948,18.248242860203586,160.912914416589
962,-34.63944935206071,18.004185411996534,158.60822702399875
963,-36.73846336299283,17.43588362668029,159.9754749437485
964,-35.44489735357127,17.75810202877409,161.90097868685646
965,-34.882741128836415,19.32719401117723,163.2201860607223
966,-35.55516866966385,20.876163927334638,162.88765963077623
967,-35.97560583056012,18.951760739858877,161.0149005842379
968,-37.19309904914307,17.00089351925486,162.70673921092003
969,-36.073214295168,14.871780059301559,160.18592540598306
970,-36.131630079967884,18.228705422720203,163.52070740147775
971,-35.77230533372692,18.323192754072164,163.15538909508686
972,-35.525968589436275,20.200329576915898,163.71386092892317
973,-35.37623610975914,19.923761636155934,166.3430722735347
974,-37.17256919168748,19.60923452602173,163.44066368161114
975,-37.4070825995046,19.41475870229719,166.25903008713644
976,-38.64567124592356,21.53749432646257,165.46110158932893
977,-37.24106330005442,20.381276720192208,158.90837196220903
978,-36.72822134260482,21.087428100305306,158.3030790395878
979,-36.5179622057154,21.06763513529405,157.74037622244842
980,-37.96941973225668,20.532145563061796,151.5817987177263
981,-37.694868044912496,21.99314682640107,154.46275727289898
982,-37.00643059326913,21.219380052927352,155.13575978792477
983,-35.35241513262649,20.797626906835106,153.72371475599311
984,-34.146385379566894,21.585439059746335,153.00401478000572
985,-32.762029601407406,21.784739299882002,157.21842106487486
986,-31.399109329218653,21.444618626822695,156.4751041570169
987,-30.000049354274054,21.292741553014704,159.05373289825258
988,-30.914313354401298,18.745443727915923,156.21193692426183
989,-29.856621001541303,20.13173126989305,155.1570024303764
990,-30.97234743627257,18.073427546782252,156.95918419404487
991,-32.41081265646259,17.44421531828895,155.8316972392178
992,-32.706074700655904,17.978930686677668,156.85449099631018
993,-32.05318322510443,16.647756601447753,153.28140515799933
994,-33.107158495603024,18.50558432161055,157.15583829720327
995,-33.32949982415454,19.65278516843737,155.51782565104818
996,-32.94883267893957,16.48804442596351,152.1208766730575
997,-32.122735838054524,16.773131011929163,157.67912177375678
998,-31.56391257192837,15.89516771123475,157.0508746986029
999,-30.860726957119777,18.048742244593377,157.79654255830923
