POSE, FRAME, TYPE, RMSD
sw06_Full,1,Protein,2.077785015106201
sw06_Full,2,Protein,2.32719087600708
sw06_Full,3,Protein,2.3700954914093018
sw06_Full,4,Protein,3.123206377029419
sw06_Full,5,Protein,3.50842547416687
sw06_Full,6,Protein,3.8305866718292236
sw06_Full,7,Protein,3.8915464878082275
sw06_Full,8,Protein,4.285399913787842
sw06_Full,9,Protein,4.047372341156006
sw06_Full,10,Protein,4.062268257141113
sw06_Full,11,Protein,4.236839294433594
sw06_Full,12,Protein,3.781524419784546
sw06_Full,13,Protein,3.969794511795044
sw06_Full,14,Protein,4.477865219116211
sw06_Full,15,Protein,3.9763176441192627
sw06_Full,16,Protein,3.713247299194336
sw06_Full,17,Protein,3.428572654724121
sw06_Full,18,Protein,3.7976412773132324
sw06_Full,19,Protein,3.8605711460113525
sw06_Full,20,Protein,3.851686716079712
sw06_Full,21,Protein,4.10018253326416
sw06_Full,22,Protein,4.358514308929443
sw06_Full,23,Protein,4.26245641708374
sw06_Full,24,Protein,4.330338001251221
sw06_Full,25,Protein,4.359629154205322
sw06_Full,26,Protein,4.87865686416626
sw06_Full,27,Protein,4.709931373596191
sw06_Full,28,Protein,5.035624980926514
sw06_Full,29,Protein,4.9222187995910645
sw06_Full,30,Protein,5.28034782409668
sw06_Full,31,Protein,5.170683860778809
sw06_Full,32,Protein,4.888889789581299
sw06_Full,33,Protein,4.950211048126221
sw06_Full,34,Protein,4.874466419219971
sw06_Full,35,Protein,5.3653106689453125
sw06_Full,36,Protein,5.4987030029296875
sw06_Full,37,Protein,5.504288673400879
sw06_Full,38,Protein,5.976959705352783
sw06_Full,39,Protein,5.281108379364014
sw06_Full,40,Protein,5.5619401931762695
sw06_Full,41,Protein,5.368159294128418
sw06_Full,42,Protein,5.446577548980713
sw06_Full,43,Protein,5.610574722290039
sw06_Full,44,Protein,5.9239325523376465
sw06_Full,45,Protein,6.039091110229492
sw06_Full,46,Protein,5.696462154388428
sw06_Full,47,Protein,5.747353553771973
sw06_Full,48,Protein,6.099462509155273
sw06_Full,49,Protein,5.995688438415527
sw06_Full,50,Protein,6.098490238189697
sw06_Full,51,Protein,5.609495162963867
sw06_Full,52,Protein,5.209835529327393
sw06_Full,53,Protein,5.329915523529053
sw06_Full,54,Protein,5.3127031326293945
sw06_Full,55,Protein,5.4906158447265625
sw06_Full,56,Protein,4.991940498352051
sw06_Full,57,Protein,5.034544944763184
sw06_Full,58,Protein,5.098231315612793
sw06_Full,59,Protein,5.257198810577393
sw06_Full,60,Protein,5.852281093597412
sw06_Full,61,Protein,5.772559642791748
sw06_Full,62,Protein,6.2288289070129395
sw06_Full,63,Protein,6.2064924240112305
sw06_Full,64,Protein,5.768163681030273
sw06_Full,65,Protein,6.234305381774902
sw06_Full,66,Protein,6.09357213973999
sw06_Full,67,Protein,6.538089275360107
sw06_Full,68,Protein,6.254333972930908
sw06_Full,69,Protein,6.170015811920166
sw06_Full,70,Protein,5.74172306060791
sw06_Full,71,Protein,6.012080192565918
sw06_Full,72,Protein,7.013894557952881
sw06_Full,73,Protein,7.5624213218688965
sw06_Full,74,Protein,7.803590297698975
sw06_Full,75,Protein,7.673303127288818
sw06_Full,76,Protein,7.690307140350342
sw06_Full,77,Protein,7.801785945892334
sw06_Full,78,Protein,8.042645454406738
sw06_Full,79,Protein,9.10266399383545
sw06_Full,80,Protein,8.443007469177246
sw06_Full,81,Protein,9.016996383666992
sw06_Full,82,Protein,8.34875202178955
sw06_Full,83,Protein,8.484640121459961
sw06_Full,84,Protein,9.267644882202148
sw06_Full,85,Protein,9.247640609741211
sw06_Full,86,Protein,9.721850395202637
sw06_Full,87,Protein,9.396842956542969
sw06_Full,88,Protein,9.268939018249512
sw06_Full,89,Protein,8.971573829650879
sw06_Full,90,Protein,8.614859580993652
sw06_Full,91,Protein,8.455901145935059
sw06_Full,92,Protein,8.061516761779785
sw06_Full,93,Protein,7.809627532958984
sw06_Full,94,Protein,8.627827644348145
sw06_Full,95,Protein,8.59024429321289
sw06_Full,96,Protein,9.237874031066895
sw06_Full,97,Protein,9.06466007232666
sw06_Full,98,Protein,8.928908348083496
sw06_Full,99,Protein,8.654596328735352
sw06_Full,100,Protein,8.76915454864502
sw06_Full,101,Protein,8.562244415283203
sw06_Full,102,Protein,8.469817161560059
sw06_Full,103,Protein,8.65973949432373
sw06_Full,104,Protein,8.308626174926758
sw06_Full,105,Protein,8.049683570861816
sw06_Full,106,Protein,7.818506717681885
sw06_Full,107,Protein,8.329991340637207
sw06_Full,108,Protein,8.283698081970215
sw06_Full,109,Protein,8.17360782623291
sw06_Full,110,Protein,8.442469596862793
sw06_Full,111,Protein,8.814169883728027
sw06_Full,112,Protein,8.381574630737305
sw06_Full,113,Protein,8.75516128540039
sw06_Full,114,Protein,8.5424165725708
sw06_Full,115,Protein,8.783846855163574
sw06_Full,116,Protein,8.440336227416992
sw06_Full,117,Protein,8.630306243896484
sw06_Full,118,Protein,8.680386543273926
sw06_Full,119,Protein,8.746466636657715
sw06_Full,120,Protein,9.08009147644043
sw06_Full,121,Protein,9.006684303283691
sw06_Full,122,Protein,8.796972274780273
sw06_Full,123,Protein,8.445863723754883
sw06_Full,124,Protein,8.70175552368164
sw06_Full,125,Protein,8.691879272460938
sw06_Full,126,Protein,8.290140151977539
sw06_Full,127,Protein,8.596208572387695
sw06_Full,128,Protein,8.460221290588379
sw06_Full,129,Protein,8.525484085083008
sw06_Full,130,Protein,8.600112915039063
sw06_Full,131,Protein,9.194198608398438
sw06_Full,132,Protein,9.207448959350586
sw06_Full,133,Protein,8.927791595458984
sw06_Full,134,Protein,8.663410186767578
sw06_Full,135,Protein,8.89164924621582
sw06_Full,136,Protein,8.431273460388184
sw06_Full,137,Protein,8.764391899108887
sw06_Full,138,Protein,8.631174087524414
sw06_Full,139,Protein,8.579062461853027
sw06_Full,140,Protein,8.861682891845703
sw06_Full,141,Protein,8.173487663269043
sw06_Full,142,Protein,8.323051452636719
sw06_Full,143,Protein,8.410783767700195
sw06_Full,144,Protein,8.123860359191895
sw06_Full,145,Protein,8.463983535766602
sw06_Full,146,Protein,8.179807662963867
sw06_Full,147,Protein,8.832259178161621
sw06_Full,148,Protein,8.557923316955566
sw06_Full,149,Protein,8.147247314453125
sw06_Full,150,Protein,8.591611862182617
sw06_Full,151,Protein,8.486848831176758
sw06_Full,152,Protein,8.471046447753906
sw06_Full,153,Protein,8.8765287399292
sw06_Full,154,Protein,9.074490547180176
sw06_Full,155,Protein,8.884016036987305
sw06_Full,156,Protein,8.559231758117676
sw06_Full,157,Protein,8.496063232421875
sw06_Full,158,Protein,8.245970726013184
sw06_Full,159,Protein,8.367177963256836
sw06_Full,160,Protein,8.065887451171875
sw06_Full,161,Protein,8.184972763061523
sw06_Full,162,Protein,8.246837615966797
sw06_Full,163,Protein,8.187529563903809
sw06_Full,164,Protein,8.535905838012695
sw06_Full,165,Protein,8.141213417053223
sw06_Full,166,Protein,7.632004737854004
sw06_Full,167,Protein,7.7939958572387695
sw06_Full,168,Protein,7.396730899810791
sw06_Full,169,Protein,7.751333236694336
sw06_Full,170,Protein,7.3877692222595215
sw06_Full,171,Protein,7.787815570831299
sw06_Full,172,Protein,8.193487167358398
sw06_Full,173,Protein,8.234458923339844
sw06_Full,174,Protein,8.004936218261719
sw06_Full,175,Protein,8.444940567016602
sw06_Full,176,Protein,8.57106876373291
sw06_Full,177,Protein,8.274232864379883
sw06_Full,178,Protein,7.615623474121094
sw06_Full,179,Protein,7.157827377319336
sw06_Full,180,Protein,7.128214359283447
sw06_Full,181,Protein,7.381808757781982
sw06_Full,182,Protein,7.6396164894104
sw06_Full,183,Protein,7.303385257720947
sw06_Full,184,Protein,7.272732734680176
sw06_Full,185,Protein,7.136440277099609
sw06_Full,186,Protein,7.453360080718994
sw06_Full,187,Protein,7.7362518310546875
sw06_Full,188,Protein,7.29435920715332
sw06_Full,189,Protein,7.517751693725586
sw06_Full,190,Protein,7.925050735473633
sw06_Full,191,Protein,7.79701042175293
sw06_Full,192,Protein,7.896102428436279
sw06_Full,193,Protein,7.769393444061279
sw06_Full,194,Protein,7.138956546783447
sw06_Full,195,Protein,7.196175575256348
sw06_Full,196,Protein,7.546998500823975
sw06_Full,197,Protein,7.4774980545043945
sw06_Full,198,Protein,7.226332187652588
sw06_Full,199,Protein,7.50391960144043
sw06_Full,200,Protein,7.695343494415283
sw06_Full,201,Protein,7.5741658210754395
sw06_Full,202,Protein,7.2496514320373535
sw06_Full,203,Protein,7.232552528381348
sw06_Full,204,Protein,6.795731544494629
sw06_Full,205,Protein,6.534347057342529
sw06_Full,206,Protein,7.050514221191406
sw06_Full,207,Protein,7.114681243896484
sw06_Full,208,Protein,7.570504188537598
sw06_Full,209,Protein,7.796822547912598
sw06_Full,210,Protein,7.896182537078857
sw06_Full,211,Protein,8.47462272644043
sw06_Full,212,Protein,8.575346946716309
sw06_Full,213,Protein,8.679082870483398
sw06_Full,214,Protein,8.78981876373291
sw06_Full,215,Protein,8.57589054107666
sw06_Full,216,Protein,8.244720458984375
sw06_Full,217,Protein,7.844247817993164
sw06_Full,218,Protein,7.953001022338867
sw06_Full,219,Protein,7.433177471160889
sw06_Full,220,Protein,7.764794826507568
sw06_Full,221,Protein,7.911035060882568
sw06_Full,222,Protein,8.121442794799805
sw06_Full,223,Protein,8.15652847290039
sw06_Full,224,Protein,8.434014320373535
sw06_Full,225,Protein,7.8061909675598145
sw06_Full,226,Protein,8.223393440246582
sw06_Full,227,Protein,8.513348579406738
sw06_Full,228,Protein,8.433677673339844
sw06_Full,229,Protein,8.395849227905273
sw06_Full,230,Protein,8.671177864074707
sw06_Full,231,Protein,8.351824760437012
sw06_Full,232,Protein,8.377331733703613
sw06_Full,233,Protein,8.827198028564453
sw06_Full,234,Protein,8.551849365234375
sw06_Full,235,Protein,8.936137199401855
sw06_Full,236,Protein,8.435214042663574
sw06_Full,237,Protein,8.834957122802734
sw06_Full,238,Protein,8.266018867492676
sw06_Full,239,Protein,7.947837829589844
sw06_Full,240,Protein,7.981654167175293
sw06_Full,241,Protein,8.004241943359375
sw06_Full,242,Protein,8.211808204650879
sw06_Full,243,Protein,8.470600128173828
sw06_Full,244,Protein,8.374608993530273
sw06_Full,245,Protein,8.481989860534668
sw06_Full,246,Protein,8.475606918334961
sw06_Full,247,Protein,8.653104782104492
sw06_Full,248,Protein,8.392899513244629
sw06_Full,249,Protein,8.325583457946777
sw06_Full,250,Protein,8.38071346282959
sw06_Full,251,Protein,8.181201934814453
sw06_Full,252,Protein,8.116093635559082
sw06_Full,253,Protein,8.251340866088867
sw06_Full,254,Protein,8.34704303741455
sw06_Full,255,Protein,8.735209465026855
sw06_Full,256,Protein,8.643832206726074
sw06_Full,257,Protein,8.89572525024414
sw06_Full,258,Protein,8.517349243164063
sw06_Full,259,Protein,8.976263046264648
sw06_Full,260,Protein,9.274491310119629
sw06_Full,261,Protein,9.54316520690918
sw06_Full,262,Protein,9.54478645324707
sw06_Full,263,Protein,9.833227157592773
sw06_Full,264,Protein,9.59658145904541
sw06_Full,265,Protein,9.564288139343262
sw06_Full,266,Protein,9.5011568069458
sw06_Full,267,Protein,9.39257526397705
sw06_Full,268,Protein,9.69966983795166
sw06_Full,269,Protein,9.286263465881348
sw06_Full,270,Protein,9.410956382751465
sw06_Full,271,Protein,9.478899955749512
sw06_Full,272,Protein,9.311127662658691
sw06_Full,273,Protein,9.573246002197266
sw06_Full,274,Protein,9.627394676208496
sw06_Full,275,Protein,9.900361061096191
sw06_Full,276,Protein,9.997000694274902
sw06_Full,277,Protein,9.567367553710938
sw06_Full,278,Protein,9.841569900512695
sw06_Full,279,Protein,9.23720932006836
sw06_Full,280,Protein,9.083253860473633
sw06_Full,281,Protein,8.885942459106445
sw06_Full,282,Protein,9.312455177307129
sw06_Full,283,Protein,9.34405517578125
sw06_Full,284,Protein,9.154727935791016
sw06_Full,285,Protein,9.330039024353027
sw06_Full,286,Protein,9.372784614562988
sw06_Full,287,Protein,9.136384010314941
sw06_Full,288,Protein,9.250328063964844
sw06_Full,289,Protein,9.305068969726563
sw06_Full,290,Protein,8.97563648223877
sw06_Full,291,Protein,8.707362174987793
sw06_Full,292,Protein,8.652849197387695
sw06_Full,293,Protein,9.070735931396484
sw06_Full,294,Protein,9.183636665344238
sw06_Full,295,Protein,9.199782371520996
sw06_Full,296,Protein,9.28596019744873
sw06_Full,297,Protein,9.322622299194336
sw06_Full,298,Protein,9.18218994140625
sw06_Full,299,Protein,9.528604507446289
sw06_Full,300,Protein,9.42357063293457
sw06_Full,301,Protein,9.633772850036621
sw06_Full,302,Protein,9.397305488586426
sw06_Full,303,Protein,9.551480293273926
sw06_Full,304,Protein,9.199414253234863
sw06_Full,305,Protein,8.991753578186035
sw06_Full,306,Protein,8.726396560668945
sw06_Full,307,Protein,8.613388061523438
sw06_Full,308,Protein,9.093960762023926
sw06_Full,309,Protein,9.121180534362793
sw06_Full,310,Protein,8.937283515930176
sw06_Full,311,Protein,9.178065299987793
sw06_Full,312,Protein,9.007888793945313
sw06_Full,313,Protein,8.832233428955078
sw06_Full,314,Protein,9.222344398498535
sw06_Full,315,Protein,9.122735023498535
sw06_Full,316,Protein,9.298243522644043
sw06_Full,317,Protein,9.625591278076172
sw06_Full,318,Protein,9.742757797241211
sw06_Full,319,Protein,9.453448295593262
sw06_Full,320,Protein,9.52736759185791
sw06_Full,321,Protein,9.667510986328125
sw06_Full,322,Protein,9.629955291748047
sw06_Full,323,Protein,9.556998252868652
sw06_Full,324,Protein,9.614864349365234
sw06_Full,325,Protein,9.733357429504395
sw06_Full,326,Protein,10.306763648986816
sw06_Full,327,Protein,10.948348999023438
sw06_Full,328,Protein,11.595725059509277
sw06_Full,329,Protein,11.42765998840332
sw06_Full,330,Protein,11.651832580566406
sw06_Full,331,Protein,11.28919506072998
sw06_Full,332,Protein,11.248727798461914
sw06_Full,333,Protein,10.68462085723877
sw06_Full,334,Protein,10.917725563049316
sw06_Full,335,Protein,10.940109252929688
sw06_Full,336,Protein,11.122315406799316
sw06_Full,337,Protein,10.950881004333496
sw06_Full,338,Protein,11.037261962890625
sw06_Full,339,Protein,11.126374244689941
sw06_Full,340,Protein,10.560975074768066
sw06_Full,341,Protein,10.921436309814453
sw06_Full,342,Protein,10.95739459991455
sw06_Full,343,Protein,11.100303649902344
sw06_Full,344,Protein,10.759998321533203
sw06_Full,345,Protein,10.657331466674805
sw06_Full,346,Protein,10.86549186706543
sw06_Full,347,Protein,11.466229438781738
sw06_Full,348,Protein,11.768577575683594
sw06_Full,349,Protein,11.35870361328125
sw06_Full,350,Protein,11.721817016601563
sw06_Full,351,Protein,11.003266334533691
sw06_Full,352,Protein,11.093600273132324
sw06_Full,353,Protein,11.0836763381958
sw06_Full,354,Protein,11.739853858947754
sw06_Full,355,Protein,12.248148918151855
sw06_Full,356,Protein,12.520757675170898
sw06_Full,357,Protein,12.187556266784668
sw06_Full,358,Protein,12.48896598815918
sw06_Full,359,Protein,13.090495109558105
sw06_Full,360,Protein,12.941187858581543
sw06_Full,361,Protein,12.61607837677002
sw06_Full,362,Protein,12.207929611206055
sw06_Full,363,Protein,12.30863094329834
sw06_Full,364,Protein,12.07388973236084
sw06_Full,365,Protein,11.589706420898438
sw06_Full,366,Protein,11.223384857177734
sw06_Full,367,Protein,11.951787948608398
sw06_Full,368,Protein,12.178196907043457
sw06_Full,369,Protein,11.707853317260742
sw06_Full,370,Protein,11.732009887695313
sw06_Full,371,Protein,11.487634658813477
sw06_Full,372,Protein,11.338351249694824
sw06_Full,373,Protein,11.145073890686035
sw06_Full,374,Protein,11.298810958862305
sw06_Full,375,Protein,11.499826431274414
sw06_Full,376,Protein,11.684879302978516
sw06_Full,377,Protein,12.570101737976074
sw06_Full,378,Protein,11.967751502990723
sw06_Full,379,Protein,12.026808738708496
sw06_Full,380,Protein,12.232902526855469
sw06_Full,381,Protein,12.507613182067871
sw06_Full,382,Protein,12.375629425048828
sw06_Full,383,Protein,12.69017219543457
sw06_Full,384,Protein,12.399195671081543
sw06_Full,385,Protein,12.731188774108887
sw06_Full,386,Protein,13.002398490905762
sw06_Full,387,Protein,13.060002326965332
sw06_Full,388,Protein,12.803646087646484
sw06_Full,389,Protein,13.23050594329834
sw06_Full,390,Protein,13.12275505065918
sw06_Full,391,Protein,12.799286842346191
sw06_Full,392,Protein,12.238296508789063
sw06_Full,393,Protein,12.59306812286377
sw06_Full,394,Protein,11.958745956420898
sw06_Full,395,Protein,11.180289268493652
sw06_Full,396,Protein,11.724215507507324
sw06_Full,397,Protein,11.842031478881836
sw06_Full,398,Protein,11.723072052001953
sw06_Full,399,Protein,11.763880729675293
sw06_Full,400,Protein,11.719292640686035
sw06_Full,401,Protein,11.810833930969238
sw06_Full,402,Protein,12.48362922668457
sw06_Full,403,Protein,12.461705207824707
sw06_Full,404,Protein,12.716595649719238
sw06_Full,405,Protein,11.942394256591797
sw06_Full,406,Protein,11.6685152053833
sw06_Full,407,Protein,11.446728706359863
sw06_Full,408,Protein,12.041525840759277
sw06_Full,409,Protein,12.092362403869629
sw06_Full,410,Protein,12.872653007507324
sw06_Full,411,Protein,12.738866806030273
sw06_Full,412,Protein,12.65407657623291
sw06_Full,413,Protein,12.542987823486328
sw06_Full,414,Protein,12.433899879455566
sw06_Full,415,Protein,12.722552299499512
sw06_Full,416,Protein,13.231569290161133
sw06_Full,417,Protein,12.066238403320313
sw06_Full,418,Protein,12.75656795501709
sw06_Full,419,Protein,13.497193336486816
sw06_Full,420,Protein,13.432584762573242
sw06_Full,421,Protein,13.10968017578125
sw06_Full,422,Protein,13.038216590881348
sw06_Full,423,Protein,13.292969703674316
sw06_Full,424,Protein,13.2352933883667
sw06_Full,425,Protein,13.45423412322998
sw06_Full,426,Protein,13.81963062286377
sw06_Full,427,Protein,13.86160659790039
sw06_Full,428,Protein,13.702790260314941
sw06_Full,429,Protein,13.340557098388672
sw06_Full,430,Protein,12.491415977478027
sw06_Full,431,Protein,12.757989883422852
sw06_Full,432,Protein,12.951383590698242
sw06_Full,433,Protein,12.888453483581543
sw06_Full,434,Protein,12.879434585571289
sw06_Full,435,Protein,13.240823745727539
sw06_Full,436,Protein,12.492265701293945
sw06_Full,437,Protein,12.367460250854492
sw06_Full,438,Protein,11.871343612670898
sw06_Full,439,Protein,11.819177627563477
sw06_Full,440,Protein,11.71403694152832
sw06_Full,441,Protein,11.768380165100098
sw06_Full,442,Protein,12.38768482208252
sw06_Full,443,Protein,12.319872856140137
sw06_Full,444,Protein,12.579239845275879
sw06_Full,445,Protein,13.234457015991211
sw06_Full,446,Protein,13.745365142822266
sw06_Full,447,Protein,14.142327308654785
sw06_Full,448,Protein,14.056663513183594
sw06_Full,449,Protein,13.289097785949707
sw06_Full,450,Protein,13.591153144836426
sw06_Full,451,Protein,13.278213500976563
sw06_Full,452,Protein,13.677348136901855
sw06_Full,453,Protein,13.207695960998535
sw06_Full,454,Protein,13.17599868774414
sw06_Full,455,Protein,13.500911712646484
sw06_Full,456,Protein,13.547441482543945
sw06_Full,457,Protein,14.092643737792969
sw06_Full,458,Protein,13.611642837524414
sw06_Full,459,Protein,13.903550148010254
sw06_Full,460,Protein,13.793087005615234
sw06_Full,461,Protein,13.847075462341309
sw06_Full,462,Protein,14.003823280334473
sw06_Full,463,Protein,13.593588829040527
sw06_Full,464,Protein,13.394472122192383
sw06_Full,465,Protein,13.59328842163086
sw06_Full,466,Protein,13.463062286376953
sw06_Full,467,Protein,12.898731231689453
sw06_Full,468,Protein,12.82016372680664
sw06_Full,469,Protein,12.150012016296387
sw06_Full,470,Protein,12.131364822387695
sw06_Full,471,Protein,12.243292808532715
sw06_Full,472,Protein,12.486226081848145
sw06_Full,473,Protein,12.402606010437012
sw06_Full,474,Protein,11.967842102050781
sw06_Full,475,Protein,12.149993896484375
sw06_Full,476,Protein,12.705608367919922
sw06_Full,477,Protein,12.319278717041016
sw06_Full,478,Protein,12.447407722473145
sw06_Full,479,Protein,12.67727279663086
sw06_Full,480,Protein,12.816242218017578
sw06_Full,481,Protein,12.732950210571289
sw06_Full,482,Protein,12.536711692810059
sw06_Full,483,Protein,12.511795043945313
sw06_Full,484,Protein,12.927471160888672
sw06_Full,485,Protein,13.199756622314453
sw06_Full,486,Protein,12.863225936889648
sw06_Full,487,Protein,12.89136791229248
sw06_Full,488,Protein,13.017973899841309
sw06_Full,489,Protein,13.493559837341309
sw06_Full,490,Protein,13.567856788635254
sw06_Full,491,Protein,13.084010124206543
sw06_Full,492,Protein,13.629276275634766
sw06_Full,493,Protein,13.621630668640137
sw06_Full,494,Protein,13.68011474609375
sw06_Full,495,Protein,13.90048885345459
sw06_Full,496,Protein,14.281835556030273
sw06_Full,497,Protein,14.571800231933594
sw06_Full,498,Protein,14.782005310058594
sw06_Full,499,Protein,14.469204902648926
sw06_Full,500,Protein,14.662564277648926
sw06_Full,501,Protein,14.452733039855957
sw06_Full,502,Protein,13.998345375061035
sw06_Full,503,Protein,14.331053733825684
sw06_Full,504,Protein,14.718043327331543
sw06_Full,505,Protein,15.094842910766602
sw06_Full,506,Protein,15.036554336547852
sw06_Full,507,Protein,15.267136573791504
sw06_Full,508,Protein,15.440824508666992
sw06_Full,509,Protein,15.553106307983398
sw06_Full,510,Protein,15.952195167541504
sw06_Full,511,Protein,15.499750137329102
sw06_Full,512,Protein,16.008480072021484
sw06_Full,513,Protein,16.03508186340332
sw06_Full,514,Protein,15.507944107055664
sw06_Full,515,Protein,15.183419227600098
sw06_Full,516,Protein,16.242542266845703
sw06_Full,517,Protein,15.759838104248047
sw06_Full,518,Protein,15.472982406616211
sw06_Full,519,Protein,15.811558723449707
sw06_Full,520,Protein,15.701250076293945
sw06_Full,521,Protein,15.697999954223633
sw06_Full,522,Protein,15.746452331542969
sw06_Full,523,Protein,15.48559856414795
sw06_Full,524,Protein,15.78125286102295
sw06_Full,525,Protein,15.92085075378418
sw06_Full,526,Protein,16.263397216796875
sw06_Full,527,Protein,16.2735595703125
sw06_Full,528,Protein,16.428922653198242
sw06_Full,529,Protein,16.378433227539063
sw06_Full,530,Protein,16.60747718811035
sw06_Full,531,Protein,16.354585647583008
sw06_Full,532,Protein,17.26267433166504
sw06_Full,533,Protein,16.828208923339844
sw06_Full,534,Protein,17.18337059020996
sw06_Full,535,Protein,16.732877731323242
sw06_Full,536,Protein,16.488882064819336
sw06_Full,537,Protein,16.346084594726563
sw06_Full,538,Protein,16.34385871887207
sw06_Full,539,Protein,16.550247192382813
sw06_Full,540,Protein,16.137304306030273
sw06_Full,541,Protein,16.23859977722168
sw06_Full,542,Protein,16.686094284057617
sw06_Full,543,Protein,16.318199157714844
sw06_Full,544,Protein,16.47974967956543
sw06_Full,545,Protein,16.394763946533203
sw06_Full,546,Protein,15.52031421661377
sw06_Full,547,Protein,15.9334135055542
sw06_Full,548,Protein,15.601783752441406
sw06_Full,549,Protein,15.469653129577637
sw06_Full,550,Protein,15.242106437683105
sw06_Full,551,Protein,15.531904220581055
sw06_Full,552,Protein,15.07857894897461
sw06_Full,553,Protein,15.363581657409668
sw06_Full,554,Protein,15.146637916564941
sw06_Full,555,Protein,15.422987937927246
sw06_Full,556,Protein,15.32591438293457
sw06_Full,557,Protein,15.14515209197998
sw06_Full,558,Protein,15.113574981689453
sw06_Full,559,Protein,14.904419898986816
sw06_Full,560,Protein,15.103374481201172
sw06_Full,561,Protein,14.93344783782959
sw06_Full,562,Protein,15.34244155883789
sw06_Full,563,Protein,15.339540481567383
sw06_Full,564,Protein,15.634642601013184
sw06_Full,565,Protein,15.877203941345215
sw06_Full,566,Protein,16.20186996459961
sw06_Full,567,Protein,16.33701515197754
sw06_Full,568,Protein,16.334320068359375
sw06_Full,569,Protein,15.539172172546387
sw06_Full,570,Protein,15.775468826293945
sw06_Full,571,Protein,15.76384162902832
sw06_Full,572,Protein,16.348976135253906
sw06_Full,573,Protein,16.323299407958984
sw06_Full,574,Protein,15.79262638092041
sw06_Full,575,Protein,15.870972633361816
sw06_Full,576,Protein,15.928325653076172
sw06_Full,577,Protein,16.232250213623047
sw06_Full,578,Protein,16.300575256347656
sw06_Full,579,Protein,16.7396183013916
sw06_Full,580,Protein,16.724164962768555
sw06_Full,581,Protein,16.908428192138672
sw06_Full,582,Protein,16.40587615966797
sw06_Full,583,Protein,16.667890548706055
sw06_Full,584,Protein,16.277353286743164
sw06_Full,585,Protein,15.775686264038086
sw06_Full,586,Protein,15.727749824523926
sw06_Full,587,Protein,15.073990821838379
sw06_Full,588,Protein,15.95101547241211
sw06_Full,589,Protein,15.696503639221191
sw06_Full,590,Protein,16.055034637451172
sw06_Full,591,Protein,15.688509941101074
sw06_Full,592,Protein,15.725421905517578
sw06_Full,593,Protein,15.737750053405762
sw06_Full,594,Protein,15.604822158813477
sw06_Full,595,Protein,15.629060745239258
sw06_Full,596,Protein,15.693395614624023
sw06_Full,597,Protein,16.24890899658203
sw06_Full,598,Protein,15.98685073852539
sw06_Full,599,Protein,16.505216598510742
sw06_Full,600,Protein,16.659523010253906
sw06_Full,601,Protein,16.825321197509766
sw06_Full,602,Protein,16.38890838623047
sw06_Full,603,Protein,15.95953369140625
sw06_Full,604,Protein,15.404692649841309
sw06_Full,605,Protein,15.156153678894043
sw06_Full,606,Protein,15.451756477355957
sw06_Full,607,Protein,14.863121032714844
sw06_Full,608,Protein,15.13408374786377
sw06_Full,609,Protein,15.230474472045898
sw06_Full,610,Protein,15.525518417358398
sw06_Full,611,Protein,15.298145294189453
sw06_Full,612,Protein,15.038668632507324
sw06_Full,613,Protein,15.157776832580566
sw06_Full,614,Protein,15.616477966308594
sw06_Full,615,Protein,15.560914993286133
sw06_Full,616,Protein,15.365781784057617
sw06_Full,617,Protein,14.970958709716797
sw06_Full,618,Protein,15.169669151306152
sw06_Full,619,Protein,15.473200798034668
sw06_Full,620,Protein,15.402231216430664
sw06_Full,621,Protein,15.678717613220215
sw06_Full,622,Protein,16.087003707885742
sw06_Full,623,Protein,15.736893653869629
sw06_Full,624,Protein,16.032726287841797
sw06_Full,625,Protein,16.109188079833984
sw06_Full,626,Protein,16.06077003479004
sw06_Full,627,Protein,16.349380493164063
sw06_Full,628,Protein,16.25835609436035
sw06_Full,629,Protein,16.65448570251465
sw06_Full,630,Protein,17.02605438232422
sw06_Full,631,Protein,17.08412742614746
sw06_Full,632,Protein,17.30577278137207
sw06_Full,633,Protein,17.280672073364258
sw06_Full,634,Protein,16.9755859375
sw06_Full,635,Protein,16.618093490600586
sw06_Full,636,Protein,16.064388275146484
sw06_Full,637,Protein,15.708772659301758
sw06_Full,638,Protein,15.79411792755127
sw06_Full,639,Protein,15.811911582946777
sw06_Full,640,Protein,16.11997413635254
sw06_Full,641,Protein,15.904329299926758
sw06_Full,642,Protein,16.141572952270508
sw06_Full,643,Protein,16.535234451293945
sw06_Full,644,Protein,16.917692184448242
sw06_Full,645,Protein,17.027807235717773
sw06_Full,646,Protein,17.10234260559082
sw06_Full,647,Protein,17.77710723876953
sw06_Full,648,Protein,17.403730392456055
sw06_Full,649,Protein,17.2010440826416
sw06_Full,650,Protein,16.8075008392334
sw06_Full,651,Protein,16.858163833618164
sw06_Full,652,Protein,16.88841438293457
sw06_Full,653,Protein,16.89520835876465
sw06_Full,654,Protein,17.123491287231445
sw06_Full,655,Protein,17.4023494720459
sw06_Full,656,Protein,16.935571670532227
sw06_Full,657,Protein,17.214813232421875
sw06_Full,658,Protein,17.059673309326172
sw06_Full,659,Protein,16.939491271972656
sw06_Full,660,Protein,17.313791275024414
sw06_Full,661,Protein,17.50614356994629
sw06_Full,662,Protein,17.44146156311035
sw06_Full,663,Protein,16.928422927856445
sw06_Full,664,Protein,17.104772567749023
sw06_Full,665,Protein,17.103376388549805
sw06_Full,666,Protein,16.583803176879883
sw06_Full,667,Protein,16.729904174804688
sw06_Full,668,Protein,16.785146713256836
sw06_Full,669,Protein,17.064176559448242
sw06_Full,670,Protein,17.556961059570313
sw06_Full,671,Protein,17.007205963134766
sw06_Full,672,Protein,17.11840057373047
sw06_Full,673,Protein,16.8504581451416
sw06_Full,674,Protein,17.074161529541016
sw06_Full,675,Protein,17.36919593811035
sw06_Full,676,Protein,17.094816207885742
sw06_Full,677,Protein,18.10498046875
sw06_Full,678,Protein,17.926687240600586
sw06_Full,679,Protein,18.21364974975586
sw06_Full,680,Protein,18.005359649658203
sw06_Full,681,Protein,18.091093063354492
sw06_Full,682,Protein,18.549598693847656
sw06_Full,683,Protein,18.30916976928711
sw06_Full,684,Protein,18.107166290283203
sw06_Full,685,Protein,18.62746238708496
sw06_Full,686,Protein,18.24432373046875
sw06_Full,687,Protein,18.015098571777344
sw06_Full,688,Protein,18.221866607666016
sw06_Full,689,Protein,18.09716033935547
sw06_Full,690,Protein,17.88250160217285
sw06_Full,691,Protein,17.29970359802246
sw06_Full,692,Protein,17.85008430480957
sw06_Full,693,Protein,17.766952514648438
sw06_Full,694,Protein,17.917177200317383
sw06_Full,695,Protein,17.651039123535156
sw06_Full,696,Protein,17.687280654907227
sw06_Full,697,Protein,18.01205825805664
sw06_Full,698,Protein,17.982528686523438
sw06_Full,699,Protein,17.866744995117188
sw06_Full,700,Protein,17.944562911987305
sw06_Full,701,Protein,17.925678253173828
sw06_Full,702,Protein,17.73052978515625
sw06_Full,703,Protein,17.89577293395996
sw06_Full,704,Protein,17.6846866607666
sw06_Full,705,Protein,17.79159927368164
sw06_Full,706,Protein,17.747419357299805
sw06_Full,707,Protein,17.79894256591797
sw06_Full,708,Protein,17.124773025512695
sw06_Full,709,Protein,17.40085792541504
sw06_Full,710,Protein,17.215557098388672
sw06_Full,711,Protein,16.940031051635742
sw06_Full,712,Protein,16.63707733154297
sw06_Full,713,Protein,16.95023536682129
sw06_Full,714,Protein,16.9393253326416
sw06_Full,715,Protein,16.81687355041504
sw06_Full,716,Protein,16.816781997680664
sw06_Full,717,Protein,17.228673934936523
sw06_Full,718,Protein,17.1522159576416
sw06_Full,719,Protein,17.22405242919922
sw06_Full,720,Protein,17.22405242919922
sw06_Protein,1,Protein,1.9406318664550781
sw06_Protein,2,Protein,2.28497052192688
sw06_Protein,3,Protein,2.7026548385620117
sw06_Protein,4,Protein,3.7094058990478516
sw06_Protein,5,Protein,3.591984272003174
sw06_Protein,6,Protein,2.913769483566284
sw06_Protein,7,Protein,3.284013509750366
sw06_Protein,8,Protein,3.2243168354034424
sw06_Protein,9,Protein,3.500077962875366
sw06_Protein,10,Protein,3.500521421432495
sw06_Protein,11,Protein,3.575483798980713
sw06_Protein,12,Protein,3.9359095096588135
sw06_Protein,13,Protein,3.9368326663970947
sw06_Protein,14,Protein,4.557485580444336
sw06_Protein,15,Protein,4.307717800140381
sw06_Protein,16,Protein,4.616127967834473
sw06_Protein,17,Protein,4.577101230621338
sw06_Protein,18,Protein,5.707267761230469
sw06_Protein,19,Protein,5.756026744842529
sw06_Protein,20,Protein,5.907442092895508
sw06_Protein,21,Protein,6.500471115112305
sw06_Protein,22,Protein,6.375751495361328
sw06_Protein,23,Protein,6.73708438873291
sw06_Protein,24,Protein,6.1930389404296875
sw06_Protein,25,Protein,6.500804424285889
sw06_Protein,26,Protein,6.85867977142334
sw06_Protein,27,Protein,6.915298938751221
sw06_Protein,28,Protein,7.043463230133057
sw06_Protein,29,Protein,7.1036295890808105
sw06_Protein,30,Protein,6.882956027984619
sw06_Protein,31,Protein,7.094062328338623
sw06_Protein,32,Protein,7.017570972442627
sw06_Protein,33,Protein,6.913503170013428
sw06_Protein,34,Protein,6.349922180175781
sw06_Protein,35,Protein,6.403026103973389
sw06_Protein,36,Protein,6.411619663238525
sw06_Protein,37,Protein,6.56386661529541
sw06_Protein,38,Protein,6.190700054168701
sw06_Protein,39,Protein,6.0371994972229
sw06_Protein,40,Protein,5.741792678833008
sw06_Protein,41,Protein,5.516671180725098
sw06_Protein,42,Protein,5.9405107498168945
sw06_Protein,43,Protein,5.904945373535156
sw06_Protein,44,Protein,5.964033603668213
sw06_Protein,45,Protein,5.9717254638671875
sw06_Protein,46,Protein,5.743537425994873
sw06_Protein,47,Protein,5.980851650238037
sw06_Protein,48,Protein,5.734554767608643
sw06_Protein,49,Protein,5.4638671875
sw06_Protein,50,Protein,5.817814350128174
sw06_Protein,51,Protein,5.9544806480407715
sw06_Protein,52,Protein,6.156774044036865
sw06_Protein,53,Protein,6.269726753234863
sw06_Protein,54,Protein,6.464118957519531
sw06_Protein,55,Protein,6.369356632232666
sw06_Protein,56,Protein,6.137872219085693
sw06_Protein,57,Protein,6.035665512084961
sw06_Protein,58,Protein,5.64625883102417
sw06_Protein,59,Protein,6.147186756134033
sw06_Protein,60,Protein,6.263594150543213
sw06_Protein,61,Protein,6.157958984375
sw06_Protein,62,Protein,5.852707862854004
sw06_Protein,63,Protein,5.546563148498535
sw06_Protein,64,Protein,5.842047214508057
sw06_Protein,65,Protein,5.474554061889648
sw06_Protein,66,Protein,6.237085819244385
sw06_Protein,67,Protein,6.6232218742370605
sw06_Protein,68,Protein,6.483034610748291
sw06_Protein,69,Protein,6.654592037200928
sw06_Protein,70,Protein,6.528659820556641
sw06_Protein,71,Protein,6.571907043457031
sw06_Protein,72,Protein,6.39736795425415
sw06_Protein,73,Protein,6.529020309448242
sw06_Protein,74,Protein,6.84375524520874
sw06_Protein,75,Protein,6.976821422576904
sw06_Protein,76,Protein,6.693347454071045
sw06_Protein,77,Protein,6.711051940917969
sw06_Protein,78,Protein,6.295341491699219
sw06_Protein,79,Protein,6.433692932128906
sw06_Protein,80,Protein,6.46422815322876
sw06_Protein,81,Protein,6.700276851654053
sw06_Protein,82,Protein,6.877111434936523
sw06_Protein,83,Protein,7.355846881866455
sw06_Protein,84,Protein,6.919790744781494
sw06_Protein,85,Protein,7.537196636199951
sw06_Protein,86,Protein,7.464632511138916
sw06_Protein,87,Protein,7.095235824584961
sw06_Protein,88,Protein,7.131317138671875
sw06_Protein,89,Protein,7.213842868804932
sw06_Protein,90,Protein,7.433511734008789
sw06_Protein,91,Protein,7.423122406005859
sw06_Protein,92,Protein,7.819153308868408
sw06_Protein,93,Protein,7.928811550140381
sw06_Protein,94,Protein,7.561964511871338
sw06_Protein,95,Protein,6.768352508544922
sw06_Protein,96,Protein,7.059045314788818
sw06_Protein,97,Protein,7.7758588790893555
sw06_Protein,98,Protein,7.295263767242432
sw06_Protein,99,Protein,7.196894645690918
sw06_Protein,100,Protein,7.0490288734436035
sw06_Protein,101,Protein,7.1533403396606445
sw06_Protein,102,Protein,7.172844409942627
sw06_Protein,103,Protein,7.499273300170898
sw06_Protein,104,Protein,7.69548225402832
sw06_Protein,105,Protein,7.6808295249938965
sw06_Protein,106,Protein,7.413815021514893
sw06_Protein,107,Protein,7.5544939041137695
sw06_Protein,108,Protein,8.109992980957031
sw06_Protein,109,Protein,8.236433029174805
sw06_Protein,110,Protein,7.752972602844238
sw06_Protein,111,Protein,7.8043975830078125
sw06_Protein,112,Protein,7.767794132232666
sw06_Protein,113,Protein,8.1617431640625
sw06_Protein,114,Protein,8.598464965820313
sw06_Protein,115,Protein,8.487553596496582
sw06_Protein,116,Protein,8.473522186279297
sw06_Protein,117,Protein,8.372796058654785
sw06_Protein,118,Protein,7.841166973114014
sw06_Protein,119,Protein,8.303252220153809
sw06_Protein,120,Protein,8.77899169921875
sw06_Protein,121,Protein,8.889267921447754
sw06_Protein,122,Protein,9.809796333312988
sw06_Protein,123,Protein,9.56562328338623
sw06_Protein,124,Protein,10.277704238891602
sw06_Protein,125,Protein,10.635826110839844
sw06_Protein,126,Protein,10.319524765014648
sw06_Protein,127,Protein,10.23098373413086
sw06_Protein,128,Protein,9.967860221862793
sw06_Protein,129,Protein,9.308260917663574
sw06_Protein,130,Protein,9.376965522766113
sw06_Protein,131,Protein,9.490614891052246
sw06_Protein,132,Protein,9.288107872009277
sw06_Protein,133,Protein,9.343445777893066
sw06_Protein,134,Protein,8.968317985534668
sw06_Protein,135,Protein,8.770275115966797
sw06_Protein,136,Protein,9.07650375366211
sw06_Protein,137,Protein,8.948476791381836
sw06_Protein,138,Protein,8.731822967529297
sw06_Protein,139,Protein,8.34338092803955
sw06_Protein,140,Protein,8.24544906616211
sw06_Protein,141,Protein,7.867233753204346
sw06_Protein,142,Protein,8.387601852416992
sw06_Protein,143,Protein,8.004080772399902
sw06_Protein,144,Protein,7.89135217666626
sw06_Protein,145,Protein,7.866695404052734
sw06_Protein,146,Protein,8.129851341247559
sw06_Protein,147,Protein,7.744568347930908
sw06_Protein,148,Protein,7.818386077880859
sw06_Protein,149,Protein,7.877835750579834
sw06_Protein,150,Protein,7.625716686248779
sw06_Protein,151,Protein,7.711658477783203
sw06_Protein,152,Protein,8.036931991577148
sw06_Protein,153,Protein,7.465457439422607
sw06_Protein,154,Protein,7.186625003814697
sw06_Protein,155,Protein,7.374062538146973
sw06_Protein,156,Protein,7.1957244873046875
sw06_Protein,157,Protein,7.065643787384033
sw06_Protein,158,Protein,7.632412433624268
sw06_Protein,159,Protein,7.581653118133545
sw06_Protein,160,Protein,7.985434055328369
sw06_Protein,161,Protein,7.837714195251465
sw06_Protein,162,Protein,8.240704536437988
sw06_Protein,163,Protein,8.58870792388916
sw06_Protein,164,Protein,9.096506118774414
sw06_Protein,165,Protein,8.875829696655273
sw06_Protein,166,Protein,9.28431224822998
sw06_Protein,167,Protein,9.017133712768555
sw06_Protein,168,Protein,9.095802307128906
sw06_Protein,169,Protein,8.318309783935547
sw06_Protein,170,Protein,8.023064613342285
sw06_Protein,171,Protein,7.701938152313232
sw06_Protein,172,Protein,7.913625717163086
sw06_Protein,173,Protein,7.835348129272461
sw06_Protein,174,Protein,7.473631381988525
sw06_Protein,175,Protein,7.174704074859619
sw06_Protein,176,Protein,8.08500862121582
sw06_Protein,177,Protein,7.894300937652588
sw06_Protein,178,Protein,7.633059978485107
sw06_Protein,179,Protein,7.606302261352539
sw06_Protein,180,Protein,7.627325057983398
sw06_Protein,181,Protein,7.4961161613464355
sw06_Protein,182,Protein,7.848198890686035
sw06_Protein,183,Protein,7.762213230133057
sw06_Protein,184,Protein,7.496337413787842
sw06_Protein,185,Protein,7.836761951446533
sw06_Protein,186,Protein,7.493898391723633
sw06_Protein,187,Protein,7.934494495391846
sw06_Protein,188,Protein,7.9177327156066895
sw06_Protein,189,Protein,8.495200157165527
sw06_Protein,190,Protein,8.301676750183105
sw06_Protein,191,Protein,7.6368818283081055
sw06_Protein,192,Protein,7.562709331512451
sw06_Protein,193,Protein,7.4585676193237305
sw06_Protein,194,Protein,7.586302280426025
sw06_Protein,195,Protein,8.18805980682373
sw06_Protein,196,Protein,8.173356056213379
sw06_Protein,197,Protein,7.823366165161133
sw06_Protein,198,Protein,8.370355606079102
sw06_Protein,199,Protein,7.962600231170654
sw06_Protein,200,Protein,7.416047096252441
sw06_Protein,201,Protein,7.852126121520996
sw06_Protein,202,Protein,7.808536529541016
sw06_Protein,203,Protein,7.896424293518066
sw06_Protein,204,Protein,7.715948581695557
sw06_Protein,205,Protein,7.975695610046387
sw06_Protein,206,Protein,7.764288425445557
sw06_Protein,207,Protein,7.842376232147217
sw06_Protein,208,Protein,7.943609714508057
sw06_Protein,209,Protein,8.075257301330566
sw06_Protein,210,Protein,8.440101623535156
sw06_Protein,211,Protein,8.16860294342041
sw06_Protein,212,Protein,8.701961517333984
sw06_Protein,213,Protein,8.87216567993164
sw06_Protein,214,Protein,8.484254837036133
sw06_Protein,215,Protein,8.911481857299805
sw06_Protein,216,Protein,8.580236434936523
sw06_Protein,217,Protein,8.618371963500977
sw06_Protein,218,Protein,9.015196800231934
sw06_Protein,219,Protein,9.010577201843262
sw06_Protein,220,Protein,8.934629440307617
sw06_Protein,221,Protein,8.048874855041504
sw06_Protein,222,Protein,8.3553466796875
sw06_Protein,223,Protein,8.603073120117188
sw06_Protein,224,Protein,8.255242347717285
sw06_Protein,225,Protein,8.221306800842285
sw06_Protein,226,Protein,8.230426788330078
sw06_Protein,227,Protein,7.688704967498779
sw06_Protein,228,Protein,7.7722673416137695
sw06_Protein,229,Protein,7.6026716232299805
sw06_Protein,230,Protein,7.924868106842041
sw06_Protein,231,Protein,8.345841407775879
sw06_Protein,232,Protein,7.669848918914795
sw06_Protein,233,Protein,7.8221540451049805
sw06_Protein,234,Protein,8.040152549743652
sw06_Protein,235,Protein,7.9272356033325195
sw06_Protein,236,Protein,7.450401782989502
sw06_Protein,237,Protein,7.690075397491455
sw06_Protein,238,Protein,7.8957438468933105
sw06_Protein,239,Protein,8.119787216186523
sw06_Protein,240,Protein,7.719336986541748
sw06_Protein,241,Protein,7.344982147216797
sw06_Protein,242,Protein,7.291565895080566
sw06_Protein,243,Protein,7.434017658233643
sw06_Protein,244,Protein,7.490993976593018
sw06_Protein,245,Protein,8.16308307647705
sw06_Protein,246,Protein,8.338417053222656
sw06_Protein,247,Protein,8.221044540405273
sw06_Protein,248,Protein,8.503569602966309
sw06_Protein,249,Protein,8.345924377441406
sw06_Protein,250,Protein,8.174788475036621
sw06_Protein,251,Protein,9.015680313110352
sw06_Protein,252,Protein,9.122053146362305
sw06_Protein,253,Protein,9.157362937927246
sw06_Protein,254,Protein,8.746761322021484
sw06_Protein,255,Protein,8.628993034362793
sw06_Protein,256,Protein,9.396059036254883
sw06_Protein,257,Protein,9.422245025634766
sw06_Protein,258,Protein,9.319662094116211
sw06_Protein,259,Protein,9.039022445678711
sw06_Protein,260,Protein,8.635910034179688
sw06_Protein,261,Protein,8.758133888244629
sw06_Protein,262,Protein,9.529502868652344
sw06_Protein,263,Protein,8.93333911895752
sw06_Protein,264,Protein,9.801773071289063
sw06_Protein,265,Protein,9.844635009765625
sw06_Protein,266,Protein,9.879150390625
sw06_Protein,267,Protein,9.911126136779785
sw06_Protein,268,Protein,10.107030868530273
sw06_Protein,269,Protein,10.382739067077637
sw06_Protein,270,Protein,10.099808692932129
sw06_Protein,271,Protein,10.516480445861816
sw06_Protein,272,Protein,10.48617935180664
sw06_Protein,273,Protein,10.282370567321777
sw06_Protein,274,Protein,10.037430763244629
sw06_Protein,275,Protein,10.447805404663086
sw06_Protein,276,Protein,10.638875961303711
sw06_Protein,277,Protein,10.974803924560547
sw06_Protein,278,Protein,11.64688777923584
sw06_Protein,279,Protein,11.593683242797852
sw06_Protein,280,Protein,12.47939682006836
sw06_Protein,281,Protein,12.535338401794434
sw06_Protein,282,Protein,12.833956718444824
sw06_Protein,283,Protein,13.034332275390625
sw06_Protein,284,Protein,13.067843437194824
sw06_Protein,285,Protein,12.124690055847168
sw06_Protein,286,Protein,12.538718223571777
sw06_Protein,287,Protein,11.541672706604004
sw06_Protein,288,Protein,11.796295166015625
sw06_Protein,289,Protein,11.464885711669922
sw06_Protein,290,Protein,11.52912425994873
sw06_Protein,291,Protein,11.628847122192383
sw06_Protein,292,Protein,11.25154972076416
sw06_Protein,293,Protein,11.326692581176758
sw06_Protein,294,Protein,11.399776458740234
sw06_Protein,295,Protein,11.626387596130371
sw06_Protein,296,Protein,12.080345153808594
sw06_Protein,297,Protein,11.228883743286133
sw06_Protein,298,Protein,11.633941650390625
sw06_Protein,299,Protein,11.374226570129395
sw06_Protein,300,Protein,10.736486434936523
sw06_Protein,301,Protein,10.393847465515137
sw06_Protein,302,Protein,10.075039863586426
sw06_Protein,303,Protein,10.296972274780273
sw06_Protein,304,Protein,10.86026382446289
sw06_Protein,305,Protein,11.47811222076416
sw06_Protein,306,Protein,11.112220764160156
sw06_Protein,307,Protein,12.325287818908691
sw06_Protein,308,Protein,12.310232162475586
sw06_Protein,309,Protein,12.965130805969238
sw06_Protein,310,Protein,12.587945938110352
sw06_Protein,311,Protein,13.03998851776123
sw06_Protein,312,Protein,13.14473819732666
sw06_Protein,313,Protein,12.789335250854492
sw06_Protein,314,Protein,12.677125930786133
sw06_Protein,315,Protein,12.705673217773438
sw06_Protein,316,Protein,12.670778274536133
sw06_Protein,317,Protein,12.636495590209961
sw06_Protein,318,Protein,12.778786659240723
sw06_Protein,319,Protein,11.747649192810059
sw06_Protein,320,Protein,11.860761642456055
sw06_Protein,321,Protein,12.318482398986816
sw06_Protein,322,Protein,12.025732040405273
sw06_Protein,323,Protein,12.153265953063965
sw06_Protein,324,Protein,12.292248725891113
sw06_Protein,325,Protein,11.938780784606934
sw06_Protein,326,Protein,11.825952529907227
sw06_Protein,327,Protein,12.06468391418457
sw06_Protein,328,Protein,11.306602478027344
sw06_Protein,329,Protein,11.72567081451416
sw06_Protein,330,Protein,11.448488235473633
sw06_Protein,331,Protein,11.735315322875977
sw06_Protein,332,Protein,11.277345657348633
sw06_Protein,333,Protein,11.33830738067627
sw06_Protein,334,Protein,11.38391399383545
sw06_Protein,335,Protein,11.586101531982422
sw06_Protein,336,Protein,11.51828384399414
sw06_Protein,337,Protein,11.234527587890625
sw06_Protein,338,Protein,10.956781387329102
sw06_Protein,339,Protein,11.031813621520996
sw06_Protein,340,Protein,10.76265811920166
sw06_Protein,341,Protein,10.551959037780762
sw06_Protein,342,Protein,10.770903587341309
sw06_Protein,343,Protein,11.20436954498291
sw06_Protein,344,Protein,10.99648380279541
sw06_Protein,345,Protein,11.38007640838623
sw06_Protein,346,Protein,11.380268096923828
sw06_Protein,347,Protein,11.809871673583984
sw06_Protein,348,Protein,11.587111473083496
sw06_Protein,349,Protein,10.916829109191895
sw06_Protein,350,Protein,10.491339683532715
sw06_Protein,351,Protein,10.423937797546387
sw06_Protein,352,Protein,10.475747108459473
sw06_Protein,353,Protein,10.733413696289063
sw06_Protein,354,Protein,11.007198333740234
sw06_Protein,355,Protein,11.53901195526123
sw06_Protein,356,Protein,10.851129531860352
sw06_Protein,357,Protein,10.517098426818848
sw06_Protein,358,Protein,10.730685234069824
sw06_Protein,359,Protein,10.624411582946777
sw06_Protein,360,Protein,10.627341270446777
sw06_Protein,361,Protein,10.810038566589355
sw06_Protein,362,Protein,10.334548950195313
sw06_Protein,363,Protein,10.003643989562988
sw06_Protein,364,Protein,9.706594467163086
sw06_Protein,365,Protein,9.726086616516113
sw06_Protein,366,Protein,9.440265655517578
sw06_Protein,367,Protein,9.706396102905273
sw06_Protein,368,Protein,9.90264892578125
sw06_Protein,369,Protein,10.243514060974121
sw06_Protein,370,Protein,10.05885124206543
sw06_Protein,371,Protein,10.012882232666016
sw06_Protein,372,Protein,10.147891998291016
sw06_Protein,373,Protein,10.355857849121094
sw06_Protein,374,Protein,10.196215629577637
sw06_Protein,375,Protein,9.916935920715332
sw06_Protein,376,Protein,10.594913482666016
sw06_Protein,377,Protein,9.835561752319336
sw06_Protein,378,Protein,10.915567398071289
sw06_Protein,379,Protein,10.223089218139648
sw06_Protein,380,Protein,10.323735237121582
sw06_Protein,381,Protein,10.22516918182373
sw06_Protein,382,Protein,10.604938507080078
sw06_Protein,383,Protein,10.333189010620117
sw06_Protein,384,Protein,10.645881652832031
sw06_Protein,385,Protein,11.206924438476563
sw06_Protein,386,Protein,11.381401062011719
sw06_Protein,387,Protein,10.869161605834961
sw06_Protein,388,Protein,11.232975006103516
sw06_Protein,389,Protein,11.054859161376953
sw06_Protein,390,Protein,11.350232124328613
sw06_Protein,391,Protein,11.111047744750977
sw06_Protein,392,Protein,10.834168434143066
sw06_Protein,393,Protein,10.8517484664917
sw06_Protein,394,Protein,11.365375518798828
sw06_Protein,395,Protein,11.058005332946777
sw06_Protein,396,Protein,10.718430519104004
sw06_Protein,397,Protein,10.696198463439941
sw06_Protein,398,Protein,11.412872314453125
sw06_Protein,399,Protein,11.768839836120605
sw06_Protein,400,Protein,12.19006633758545
sw06_Protein,401,Protein,11.895869255065918
sw06_Protein,402,Protein,11.521955490112305
sw06_Protein,403,Protein,11.464800834655762
sw06_Protein,404,Protein,11.245485305786133
sw06_Protein,405,Protein,11.410959243774414
sw06_Protein,406,Protein,11.527441024780273
sw06_Protein,407,Protein,11.081535339355469
sw06_Protein,408,Protein,11.235496520996094
sw06_Protein,409,Protein,11.369684219360352
sw06_Protein,410,Protein,11.865239143371582
sw06_Protein,411,Protein,11.523953437805176
sw06_Protein,412,Protein,11.71766185760498
sw06_Protein,413,Protein,11.484171867370605
sw06_Protein,414,Protein,11.281524658203125
sw06_Protein,415,Protein,10.964348793029785
sw06_Protein,416,Protein,10.714930534362793
sw06_Protein,417,Protein,10.376679420471191
sw06_Protein,418,Protein,10.30722713470459
sw06_Protein,419,Protein,10.440766334533691
sw06_Protein,420,Protein,10.73778247833252
sw06_Protein,421,Protein,10.864947319030762
sw06_Protein,422,Protein,11.354972839355469
sw06_Protein,423,Protein,12.095929145812988
sw06_Protein,424,Protein,11.500239372253418
sw06_Protein,425,Protein,11.315966606140137
sw06_Protein,426,Protein,11.813867568969727
sw06_Protein,427,Protein,11.940805435180664
sw06_Protein,428,Protein,11.471824645996094
sw06_Protein,429,Protein,11.016509056091309
sw06_Protein,430,Protein,10.615975379943848
sw06_Protein,431,Protein,11.531547546386719
sw06_Protein,432,Protein,11.330584526062012
sw06_Protein,433,Protein,11.106721878051758
sw06_Protein,434,Protein,11.389545440673828
sw06_Protein,435,Protein,11.130311965942383
sw06_Protein,436,Protein,10.700380325317383
sw06_Protein,437,Protein,10.369722366333008
sw06_Protein,438,Protein,10.108860969543457
sw06_Protein,439,Protein,10.380230903625488
sw06_Protein,440,Protein,10.004741668701172
sw06_Protein,441,Protein,10.15217399597168
sw06_Protein,442,Protein,9.899957656860352
sw06_Protein,443,Protein,9.682235717773438
sw06_Protein,444,Protein,9.402810096740723
sw06_Protein,445,Protein,9.683720588684082
sw06_Protein,446,Protein,9.413413047790527
sw06_Protein,447,Protein,9.188968658447266
sw06_Protein,448,Protein,8.870261192321777
sw06_Protein,449,Protein,9.792753219604492
sw06_Protein,450,Protein,9.947940826416016
sw06_Protein,451,Protein,10.279759407043457
sw06_Protein,452,Protein,9.650734901428223
sw06_Protein,453,Protein,9.591241836547852
sw06_Protein,454,Protein,9.213423728942871
sw06_Protein,455,Protein,9.565622329711914
sw06_Protein,456,Protein,9.459851264953613
sw06_Protein,457,Protein,9.679522514343262
sw06_Protein,458,Protein,9.570210456848145
sw06_Protein,459,Protein,9.260269165039063
sw06_Protein,460,Protein,9.371174812316895
sw06_Protein,461,Protein,9.853428840637207
sw06_Protein,462,Protein,10.209283828735352
sw06_Protein,463,Protein,10.502642631530762
sw06_Protein,464,Protein,10.591282844543457
sw06_Protein,465,Protein,10.299487113952637
sw06_Protein,466,Protein,10.23221492767334
sw06_Protein,467,Protein,10.29984188079834
sw06_Protein,468,Protein,10.3457612991333
sw06_Protein,469,Protein,10.378028869628906
sw06_Protein,470,Protein,10.145421981811523
sw06_Protein,471,Protein,9.862504959106445
sw06_Protein,472,Protein,9.946494102478027
sw06_Protein,473,Protein,10.31607723236084
sw06_Protein,474,Protein,10.732369422912598
sw06_Protein,475,Protein,10.475929260253906
sw06_Protein,476,Protein,10.167301177978516
sw06_Protein,477,Protein,9.8705472946167
sw06_Protein,478,Protein,10.160643577575684
sw06_Protein,479,Protein,10.714776039123535
sw06_Protein,480,Protein,10.345625877380371
sw06_Protein,481,Protein,10.13388729095459
sw06_Protein,482,Protein,10.01170539855957
sw06_Protein,483,Protein,10.235187530517578
sw06_Protein,484,Protein,10.561562538146973
sw06_Protein,485,Protein,10.771120071411133
sw06_Protein,486,Protein,11.404664993286133
sw06_Protein,487,Protein,11.528011322021484
sw06_Protein,488,Protein,11.211125373840332
sw06_Protein,489,Protein,11.274566650390625
sw06_Protein,490,Protein,10.406311988830566
sw06_Protein,491,Protein,9.646899223327637
sw06_Protein,492,Protein,9.692176818847656
sw06_Protein,493,Protein,10.456299781799316
sw06_Protein,494,Protein,10.436928749084473
sw06_Protein,495,Protein,10.394189834594727
sw06_Protein,496,Protein,10.668136596679688
sw06_Protein,497,Protein,10.687052726745605
sw06_Protein,498,Protein,10.725298881530762
sw06_Protein,499,Protein,11.642840385437012
sw06_Protein,500,Protein,11.294913291931152
sw06_Protein,501,Protein,11.830920219421387
sw06_Protein,502,Protein,12.083413124084473
sw06_Protein,503,Protein,11.869394302368164
sw06_Protein,504,Protein,12.56431770324707
sw06_Protein,505,Protein,12.516783714294434
sw06_Protein,506,Protein,12.920775413513184
sw06_Protein,507,Protein,13.783970832824707
sw06_Protein,508,Protein,13.935585975646973
sw06_Protein,509,Protein,13.492456436157227
sw06_Protein,510,Protein,12.966935157775879
sw06_Protein,511,Protein,12.847965240478516
sw06_Protein,512,Protein,12.330032348632813
sw06_Protein,513,Protein,12.922577857971191
sw06_Protein,514,Protein,12.625856399536133
sw06_Protein,515,Protein,12.225868225097656
sw06_Protein,516,Protein,12.561111450195313
sw06_Protein,517,Protein,11.673792839050293
sw06_Protein,518,Protein,11.830037117004395
sw06_Protein,519,Protein,11.796385765075684
sw06_Protein,520,Protein,12.31907844543457
sw06_Protein,521,Protein,12.591279983520508
sw06_Protein,522,Protein,12.080473899841309
sw06_Protein,523,Protein,12.422892570495605
sw06_Protein,524,Protein,12.79770565032959
sw06_Protein,525,Protein,12.35179328918457
sw06_Protein,526,Protein,12.44860553741455
sw06_Protein,527,Protein,11.814139366149902
sw06_Protein,528,Protein,11.876782417297363
sw06_Protein,529,Protein,11.914713859558105
sw06_Protein,530,Protein,11.5947904586792
sw06_Protein,531,Protein,11.887480735778809
sw06_Protein,532,Protein,12.013540267944336
sw06_Protein,533,Protein,12.474418640136719
sw06_Protein,534,Protein,12.490748405456543
sw06_Protein,535,Protein,12.994244575500488
sw06_Protein,536,Protein,13.467732429504395
sw06_Protein,537,Protein,13.979485511779785
sw06_Protein,538,Protein,13.881248474121094
sw06_Protein,539,Protein,13.902902603149414
sw06_Protein,540,Protein,13.53868293762207
sw06_Protein,541,Protein,13.072527885437012
sw06_Protein,542,Protein,13.128129005432129
sw06_Protein,543,Protein,13.712613105773926
sw06_Protein,544,Protein,13.577037811279297
sw06_Protein,545,Protein,13.610631942749023
sw06_Protein,546,Protein,13.522540092468262
sw06_Protein,547,Protein,13.27304458618164
sw06_Protein,548,Protein,13.31430435180664
sw06_Protein,549,Protein,13.193025588989258
sw06_Protein,550,Protein,13.077505111694336
sw06_Protein,551,Protein,12.71605110168457
sw06_Protein,552,Protein,12.579537391662598
sw06_Protein,553,Protein,12.721470832824707
sw06_Protein,554,Protein,12.881514549255371
sw06_Protein,555,Protein,12.907793045043945
sw06_Protein,556,Protein,13.387853622436523
sw06_Protein,557,Protein,13.839513778686523
sw06_Protein,558,Protein,13.972311019897461
sw06_Protein,559,Protein,14.3910551071167
sw06_Protein,560,Protein,14.121301651000977
sw06_Protein,561,Protein,14.901839256286621
sw06_Protein,562,Protein,14.544739723205566
sw06_Protein,563,Protein,14.340963363647461
sw06_Protein,564,Protein,14.178093910217285
sw06_Protein,565,Protein,14.754117965698242
sw06_Protein,566,Protein,14.479799270629883
sw06_Protein,567,Protein,14.256509780883789
sw06_Protein,568,Protein,14.262983322143555
sw06_Protein,569,Protein,13.81147575378418
sw06_Protein,570,Protein,14.316666603088379
sw06_Protein,571,Protein,13.915281295776367
sw06_Protein,572,Protein,14.040180206298828
sw06_Protein,573,Protein,13.91670036315918
sw06_Protein,574,Protein,14.56701946258545
sw06_Protein,575,Protein,14.816452980041504
sw06_Protein,576,Protein,14.555167198181152
sw06_Protein,577,Protein,14.401838302612305
sw06_Protein,578,Protein,14.33309268951416
sw06_Protein,579,Protein,14.308538436889648
sw06_Protein,580,Protein,14.35920238494873
sw06_Protein,581,Protein,14.368227005004883
sw06_Protein,582,Protein,14.079532623291016
sw06_Protein,583,Protein,13.631295204162598
sw06_Protein,584,Protein,13.338346481323242
sw06_Protein,585,Protein,13.662796020507813
sw06_Protein,586,Protein,14.013182640075684
sw06_Protein,587,Protein,13.755495071411133
sw06_Protein,588,Protein,14.059530258178711
sw06_Protein,589,Protein,13.644530296325684
sw06_Protein,590,Protein,13.291094779968262
sw06_Protein,591,Protein,13.627917289733887
sw06_Protein,592,Protein,13.20041275024414
sw06_Protein,593,Protein,12.827960014343262
sw06_Protein,594,Protein,12.602587699890137
sw06_Protein,595,Protein,12.164972305297852
sw06_Protein,596,Protein,12.555630683898926
sw06_Protein,597,Protein,11.903031349182129
sw06_Protein,598,Protein,11.827871322631836
sw06_Protein,599,Protein,11.672235488891602
sw06_Protein,600,Protein,11.881052017211914
sw06_Protein,601,Protein,11.804073333740234
sw06_Protein,602,Protein,12.302550315856934
sw06_Protein,603,Protein,11.635401725769043
sw06_Protein,604,Protein,11.776163101196289
sw06_Protein,605,Protein,12.18513298034668
sw06_Protein,606,Protein,11.432759284973145
sw06_Protein,607,Protein,11.697687149047852
sw06_Protein,608,Protein,11.602628707885742
sw06_Protein,609,Protein,11.722371101379395
sw06_Protein,610,Protein,11.679587364196777
sw06_Protein,611,Protein,11.43243408203125
sw06_Protein,612,Protein,11.373608589172363
sw06_Protein,613,Protein,12.334047317504883
sw06_Protein,614,Protein,12.696328163146973
sw06_Protein,615,Protein,12.867557525634766
sw06_Protein,616,Protein,12.54343032836914
sw06_Protein,617,Protein,12.161982536315918
sw06_Protein,618,Protein,12.093002319335938
sw06_Protein,619,Protein,11.991591453552246
sw06_Protein,620,Protein,12.142269134521484
sw06_Protein,621,Protein,11.391796112060547
sw06_Protein,622,Protein,10.851204872131348
sw06_Protein,623,Protein,10.639046669006348
sw06_Protein,624,Protein,10.623309135437012
sw06_Protein,625,Protein,11.119590759277344
sw06_Protein,626,Protein,11.66992473602295
sw06_Protein,627,Protein,11.778797149658203
sw06_Protein,628,Protein,11.796442031860352
sw06_Protein,629,Protein,11.915724754333496
sw06_Protein,630,Protein,11.840298652648926
sw06_Protein,631,Protein,11.78629207611084
sw06_Protein,632,Protein,11.434751510620117
sw06_Protein,633,Protein,12.032011985778809
sw06_Protein,634,Protein,11.959117889404297
sw06_Protein,635,Protein,12.074323654174805
sw06_Protein,636,Protein,11.96010971069336
sw06_Protein,637,Protein,11.423436164855957
sw06_Protein,638,Protein,11.646622657775879
sw06_Protein,639,Protein,11.469830513000488
sw06_Protein,640,Protein,11.760772705078125
sw06_Protein,641,Protein,12.253986358642578
sw06_Protein,642,Protein,12.85120964050293
sw06_Protein,643,Protein,13.100719451904297
sw06_Protein,644,Protein,13.219942092895508
sw06_Protein,645,Protein,13.333184242248535
sw06_Protein,646,Protein,13.136113166809082
sw06_Protein,647,Protein,12.898367881774902
sw06_Protein,648,Protein,12.551021575927734
sw06_Protein,649,Protein,12.725554466247559
sw06_Protein,650,Protein,12.769877433776855
sw06_Protein,651,Protein,12.366079330444336
sw06_Protein,652,Protein,12.225296020507813
sw06_Protein,653,Protein,12.218734741210938
sw06_Protein,654,Protein,12.388853073120117
sw06_Protein,655,Protein,12.351096153259277
sw06_Protein,656,Protein,12.677827835083008
sw06_Protein,657,Protein,12.448938369750977
sw06_Protein,658,Protein,13.085787773132324
sw06_Protein,659,Protein,13.399701118469238
sw06_Protein,660,Protein,13.464603424072266
sw06_Protein,661,Protein,12.598043441772461
sw06_Protein,662,Protein,12.737626075744629
sw06_Protein,663,Protein,12.658702850341797
sw06_Protein,664,Protein,12.619584083557129
sw06_Protein,665,Protein,12.175541877746582
sw06_Protein,666,Protein,12.433326721191406
sw06_Protein,667,Protein,12.018770217895508
sw06_Protein,668,Protein,12.036662101745605
sw06_Protein,669,Protein,12.363682746887207
sw06_Protein,670,Protein,12.164944648742676
sw06_Protein,671,Protein,12.182890892028809
sw06_Protein,672,Protein,12.140817642211914
sw06_Protein,673,Protein,12.563116073608398
sw06_Protein,674,Protein,12.2092924118042
sw06_Protein,675,Protein,12.39309024810791
sw06_Protein,676,Protein,12.300636291503906
sw06_Protein,677,Protein,11.845840454101563
sw06_Protein,678,Protein,11.770195960998535
sw06_Protein,679,Protein,11.80579662322998
sw06_Protein,680,Protein,11.93717098236084
sw06_Protein,681,Protein,12.597896575927734
sw06_Protein,682,Protein,12.601341247558594
sw06_Protein,683,Protein,12.272964477539063
sw06_Protein,684,Protein,12.199831008911133
sw06_Protein,685,Protein,12.31348705291748
sw06_Protein,686,Protein,12.361064910888672
sw06_Protein,687,Protein,12.786996841430664
sw06_Protein,688,Protein,13.02407169342041
sw06_Protein,689,Protein,13.055780410766602
sw06_Protein,690,Protein,12.836400032043457
sw06_Protein,691,Protein,12.148448944091797
sw06_Protein,692,Protein,12.449172973632813
sw06_Protein,693,Protein,12.901542663574219
sw06_Protein,694,Protein,12.529128074645996
sw06_Protein,695,Protein,12.605608940124512
sw06_Protein,696,Protein,13.163969993591309
sw06_Protein,697,Protein,12.977231979370117
sw06_Protein,698,Protein,13.28626537322998
sw06_Protein,699,Protein,13.013816833496094
sw06_Protein,700,Protein,13.734138488769531
sw06_Protein,701,Protein,13.059638023376465
sw06_Protein,702,Protein,12.856561660766602
sw06_Protein,703,Protein,12.768044471740723
sw06_Protein,704,Protein,12.888494491577148
sw06_Protein,705,Protein,12.453761100769043
sw06_Protein,706,Protein,12.399876594543457
sw06_Protein,707,Protein,12.002786636352539
sw06_Protein,708,Protein,12.269401550292969
sw06_Protein,709,Protein,12.082048416137695
sw06_Protein,710,Protein,11.275270462036133
sw06_Protein,711,Protein,11.620382308959961
sw06_Protein,712,Protein,11.791893005371094
sw06_Protein,713,Protein,12.260146141052246
sw06_Protein,714,Protein,11.6614990234375
sw06_Protein,715,Protein,11.337836265563965
sw06_Protein,716,Protein,11.337836265563965
sw06_Full,1,Ligand,0.757316529750824
sw06_Full,2,Ligand,0.6029485464096069
sw06_Full,3,Ligand,1.2712491750717163
sw06_Full,4,Ligand,0.633672833442688
sw06_Full,5,Ligand,0.5681958794593811
sw06_Full,6,Ligand,0.5490112900733948
sw06_Full,7,Ligand,0.6482919454574585
sw06_Full,8,Ligand,0.474202960729599
sw06_Full,9,Ligand,0.35217657685279846
sw06_Full,10,Ligand,0.4539242088794708
sw06_Full,11,Ligand,0.6429275274276733
sw06_Full,12,Ligand,0.30509936809539795
sw06_Full,13,Ligand,0.6772023439407349
sw06_Full,14,Ligand,0.6394251585006714
sw06_Full,15,Ligand,0.558634340763092
sw06_Full,16,Ligand,0.5136823654174805
sw06_Full,17,Ligand,0.49680566787719727
sw06_Full,18,Ligand,0.5357088446617126
sw06_Full,19,Ligand,0.5484088659286499
sw06_Full,20,Ligand,0.4139784276485443
sw06_Full,21,Ligand,0.5104733109474182
sw06_Full,22,Ligand,0.33729150891304016
sw06_Full,23,Ligand,0.2612025737762451
sw06_Full,24,Ligand,0.7613519430160522
sw06_Full,25,Ligand,0.5234630107879639
sw06_Full,26,Ligand,0.6284210085868835
sw06_Full,27,Ligand,0.5596939921379089
sw06_Full,28,Ligand,0.9571532607078552
sw06_Full,29,Ligand,0.7688592076301575
sw06_Full,30,Ligand,0.8918848037719727
sw06_Full,31,Ligand,0.5695193409919739
sw06_Full,32,Ligand,0.6305342316627502
sw06_Full,33,Ligand,0.6065875291824341
sw06_Full,34,Ligand,0.5038915276527405
sw06_Full,35,Ligand,0.3875594139099121
sw06_Full,36,Ligand,0.579849123954773
sw06_Full,37,Ligand,0.9607892036437988
sw06_Full,38,Ligand,0.7075542211532593
sw06_Full,39,Ligand,0.3932769298553467
sw06_Full,40,Ligand,0.3909229338169098
sw06_Full,41,Ligand,0.5002487897872925
sw06_Full,42,Ligand,0.40655723214149475
sw06_Full,43,Ligand,0.6127434372901917
sw06_Full,44,Ligand,0.4785717725753784
sw06_Full,45,Ligand,0.5438312888145447
sw06_Full,46,Ligand,0.4851849377155304
sw06_Full,47,Ligand,0.5037121176719666
sw06_Full,48,Ligand,0.5514981150627136
sw06_Full,49,Ligand,0.8803697824478149
sw06_Full,50,Ligand,0.5178990960121155
sw06_Full,51,Ligand,0.738660991191864
sw06_Full,52,Ligand,0.3705158233642578
sw06_Full,53,Ligand,0.42890167236328125
sw06_Full,54,Ligand,0.32491061091423035
sw06_Full,55,Ligand,0.3787764012813568
sw06_Full,56,Ligand,0.6655200719833374
sw06_Full,57,Ligand,0.5696921944618225
sw06_Full,58,Ligand,0.8723381757736206
sw06_Full,59,Ligand,0.38227951526641846
sw06_Full,60,Ligand,0.40801969170570374
sw06_Full,61,Ligand,0.36423149704933167
sw06_Full,62,Ligand,0.2659674286842346
sw06_Full,63,Ligand,0.5237130522727966
sw06_Full,64,Ligand,0.49401581287384033
sw06_Full,65,Ligand,0.6237100958824158
sw06_Full,66,Ligand,0.5935998558998108
sw06_Full,67,Ligand,0.23933324217796326
sw06_Full,68,Ligand,0.4340444505214691
sw06_Full,69,Ligand,0.48480483889579773
sw06_Full,70,Ligand,0.3450038433074951
sw06_Full,71,Ligand,0.4980052709579468
sw06_Full,72,Ligand,0.7573981285095215
sw06_Full,73,Ligand,0.4298379123210907
sw06_Full,74,Ligand,0.5052530169487
sw06_Full,75,Ligand,0.4767184257507324
sw06_Full,76,Ligand,0.6003249883651733
sw06_Full,77,Ligand,0.6604610085487366
sw06_Full,78,Ligand,0.41538479924201965
sw06_Full,79,Ligand,0.4985542893409729
sw06_Full,80,Ligand,0.7851901054382324
sw06_Full,81,Ligand,0.917492151260376
sw06_Full,82,Ligand,0.6733093857765198
sw06_Full,83,Ligand,0.7242099642753601
sw06_Full,84,Ligand,0.7019316554069519
sw06_Full,85,Ligand,0.5245686769485474
sw06_Full,86,Ligand,0.23219895362854004
sw06_Full,87,Ligand,0.42017853260040283
sw06_Full,88,Ligand,0.6172960996627808
sw06_Full,89,Ligand,0.5633693933486938
sw06_Full,90,Ligand,0.34658610820770264
sw06_Full,91,Ligand,0.538013756275177
sw06_Full,92,Ligand,0.36383941769599915
sw06_Full,93,Ligand,0.279483437538147
sw06_Full,94,Ligand,0.5000492930412292
sw06_Full,95,Ligand,0.44701457023620605
sw06_Full,96,Ligand,0.9736414551734924
sw06_Full,97,Ligand,0.6763829588890076
sw06_Full,98,Ligand,0.7320125699043274
sw06_Full,99,Ligand,0.37131986021995544
sw06_Full,100,Ligand,0.3719246983528137
sw06_Full,101,Ligand,0.37150341272354126
sw06_Full,102,Ligand,0.4580244719982147
sw06_Full,103,Ligand,0.41572168469429016
sw06_Full,104,Ligand,0.2440466731786728
sw06_Full,105,Ligand,0.3245558738708496
sw06_Full,106,Ligand,0.2630295753479004
sw06_Full,107,Ligand,0.5975459218025208
sw06_Full,108,Ligand,0.3186419904232025
sw06_Full,109,Ligand,0.6907932162284851
sw06_Full,110,Ligand,0.46414586901664734
sw06_Full,111,Ligand,0.8074566125869751
sw06_Full,112,Ligand,0.5143135190010071
sw06_Full,113,Ligand,0.5844537615776062
sw06_Full,114,Ligand,0.5244585871696472
sw06_Full,115,Ligand,0.5930755734443665
sw06_Full,116,Ligand,0.5062678456306458
sw06_Full,117,Ligand,0.4684739112854004
sw06_Full,118,Ligand,0.5667113065719604
sw06_Full,119,Ligand,0.4020451605319977
sw06_Full,120,Ligand,0.47157999873161316
sw06_Full,121,Ligand,0.5009487271308899
sw06_Full,122,Ligand,0.5868329405784607
sw06_Full,123,Ligand,0.49428892135620117
sw06_Full,124,Ligand,0.359647274017334
sw06_Full,125,Ligand,0.5811975002288818
sw06_Full,126,Ligand,0.42869508266448975
sw06_Full,127,Ligand,0.2602826952934265
sw06_Full,128,Ligand,1.0103931427001953
sw06_Full,129,Ligand,1.2339107990264893
sw06_Full,130,Ligand,1.1990876197814941
sw06_Full,131,Ligand,0.47340452671051025
sw06_Full,132,Ligand,0.7099708914756775
sw06_Full,133,Ligand,0.6875431537628174
sw06_Full,134,Ligand,0.6554770469665527
sw06_Full,135,Ligand,0.6282784938812256
sw06_Full,136,Ligand,0.6805790662765503
sw06_Full,137,Ligand,0.5660360455513
sw06_Full,138,Ligand,0.5111535787582397
sw06_Full,139,Ligand,0.551580011844635
sw06_Full,140,Ligand,0.7493919730186462
sw06_Full,141,Ligand,0.6115464568138123
sw06_Full,142,Ligand,0.7674219608306885
sw06_Full,143,Ligand,0.53452467918396
sw06_Full,144,Ligand,0.3847549557685852
sw06_Full,145,Ligand,0.34835726022720337
sw06_Full,146,Ligand,0.3845391571521759
sw06_Full,147,Ligand,0.7475864887237549
sw06_Full,148,Ligand,0.7498618364334106
sw06_Full,149,Ligand,0.5821416974067688
sw06_Full,150,Ligand,0.6753602027893066
sw06_Full,151,Ligand,0.5585974454879761
sw06_Full,152,Ligand,0.4856501519680023
sw06_Full,153,Ligand,0.5800538063049316
sw06_Full,154,Ligand,0.639410138130188
sw06_Full,155,Ligand,0.6044313907623291
sw06_Full,156,Ligand,0.6839762926101685
sw06_Full,157,Ligand,0.39479199051856995
sw06_Full,158,Ligand,0.44191688299179077
sw06_Full,159,Ligand,0.44740039110183716
sw06_Full,160,Ligand,0.41561606526374817
sw06_Full,161,Ligand,0.4831908941268921
sw06_Full,162,Ligand,0.5777824521064758
sw06_Full,163,Ligand,0.5268542170524597
sw06_Full,164,Ligand,0.5487993359565735
sw06_Full,165,Ligand,0.7121161818504333
sw06_Full,166,Ligand,0.5600343942642212
sw06_Full,167,Ligand,0.7588489055633545
sw06_Full,168,Ligand,0.7574704885482788
sw06_Full,169,Ligand,0.3819847106933594
sw06_Full,170,Ligand,1.0415730476379395
sw06_Full,171,Ligand,1.0667082071304321
sw06_Full,172,Ligand,0.9022172689437866
sw06_Full,173,Ligand,0.9812178015708923
sw06_Full,174,Ligand,0.6935483813285828
sw06_Full,175,Ligand,0.5195675492286682
sw06_Full,176,Ligand,0.5750734806060791
sw06_Full,177,Ligand,0.36718177795410156
sw06_Full,178,Ligand,0.5680386424064636
sw06_Full,179,Ligand,0.5581518411636353
sw06_Full,180,Ligand,0.5419505834579468
sw06_Full,181,Ligand,1.1798375844955444
sw06_Full,182,Ligand,0.6350566744804382
sw06_Full,183,Ligand,0.42987507581710815
sw06_Full,184,Ligand,0.8685013055801392
sw06_Full,185,Ligand,1.0427426099777222
sw06_Full,186,Ligand,0.5068625807762146
sw06_Full,187,Ligand,0.536018967628479
sw06_Full,188,Ligand,0.6837543845176697
sw06_Full,189,Ligand,0.95883709192276
sw06_Full,190,Ligand,1.1193866729736328
sw06_Full,191,Ligand,0.5974473357200623
sw06_Full,192,Ligand,1.1579077243804932
sw06_Full,193,Ligand,0.821161150932312
sw06_Full,194,Ligand,0.5029129981994629
sw06_Full,195,Ligand,0.5019261837005615
sw06_Full,196,Ligand,0.7285958528518677
sw06_Full,197,Ligand,0.337751567363739
sw06_Full,198,Ligand,0.5328007340431213
sw06_Full,199,Ligand,0.5336792469024658
sw06_Full,200,Ligand,0.6755642294883728
sw06_Full,201,Ligand,0.5186589956283569
sw06_Full,202,Ligand,0.5586719512939453
sw06_Full,203,Ligand,1.0095207691192627
sw06_Full,204,Ligand,0.5129896998405457
sw06_Full,205,Ligand,0.45315322279930115
sw06_Full,206,Ligand,0.27024954557418823
sw06_Full,207,Ligand,0.37372061610221863
sw06_Full,208,Ligand,0.41659411787986755
sw06_Full,209,Ligand,0.7419982552528381
sw06_Full,210,Ligand,0.9048746824264526
sw06_Full,211,Ligand,0.46013516187667847
sw06_Full,212,Ligand,0.5404801368713379
sw06_Full,213,Ligand,0.9764218926429749
sw06_Full,214,Ligand,0.7327275276184082
sw06_Full,215,Ligand,0.9965174198150635
sw06_Full,216,Ligand,0.753953218460083
sw06_Full,217,Ligand,0.40572622418403625
sw06_Full,218,Ligand,0.510319709777832
sw06_Full,219,Ligand,0.6446350812911987
sw06_Full,220,Ligand,1.0069795846939087
sw06_Full,221,Ligand,1.2021974325180054
sw06_Full,222,Ligand,0.2698909342288971
sw06_Full,223,Ligand,0.6751488447189331
sw06_Full,224,Ligand,0.46909666061401367
sw06_Full,225,Ligand,0.6742320656776428
sw06_Full,226,Ligand,0.6394494771957397
sw06_Full,227,Ligand,0.8598918318748474
sw06_Full,228,Ligand,0.6039890050888062
sw06_Full,229,Ligand,0.5890899300575256
sw06_Full,230,Ligand,0.5702680349349976
sw06_Full,231,Ligand,0.7317284941673279
sw06_Full,232,Ligand,0.9063857197761536
sw06_Full,233,Ligand,0.9898237586021423
sw06_Full,234,Ligand,1.2040989398956299
sw06_Full,235,Ligand,0.8857207298278809
sw06_Full,236,Ligand,0.9505459666252136
sw06_Full,237,Ligand,0.6656513214111328
sw06_Full,238,Ligand,0.5799050331115723
sw06_Full,239,Ligand,0.3873145580291748
sw06_Full,240,Ligand,0.6150122880935669
sw06_Full,241,Ligand,0.5011423826217651
sw06_Full,242,Ligand,0.39269009232521057
sw06_Full,243,Ligand,0.5361089110374451
sw06_Full,244,Ligand,0.5222077965736389
sw06_Full,245,Ligand,0.28810226917266846
sw06_Full,246,Ligand,0.5826388597488403
sw06_Full,247,Ligand,0.5853292942047119
sw06_Full,248,Ligand,0.5200086832046509
sw06_Full,249,Ligand,0.6279274821281433
sw06_Full,250,Ligand,0.39815863966941833
sw06_Full,251,Ligand,0.3155979812145233
sw06_Full,252,Ligand,0.9029576778411865
sw06_Full,253,Ligand,0.4043094515800476
sw06_Full,254,Ligand,0.34762224555015564
sw06_Full,255,Ligand,0.5062975883483887
sw06_Full,256,Ligand,0.35628455877304077
sw06_Full,257,Ligand,0.32484379410743713
sw06_Full,258,Ligand,0.42925170063972473
sw06_Full,259,Ligand,0.41961362957954407
sw06_Full,260,Ligand,0.5509015917778015
sw06_Full,261,Ligand,0.8780815601348877
sw06_Full,262,Ligand,0.6731370091438293
sw06_Full,263,Ligand,0.5696659088134766
sw06_Full,264,Ligand,0.4659700095653534
sw06_Full,265,Ligand,0.506184995174408
sw06_Full,266,Ligand,0.48578178882598877
sw06_Full,267,Ligand,0.3581445515155792
sw06_Full,268,Ligand,0.7983604669570923
sw06_Full,269,Ligand,0.46161502599716187
sw06_Full,270,Ligand,0.6002772450447083
sw06_Full,271,Ligand,0.47048982977867126
sw06_Full,272,Ligand,0.3353504538536072
sw06_Full,273,Ligand,0.41516461968421936
sw06_Full,274,Ligand,0.6030084490776062
sw06_Full,275,Ligand,0.7147512435913086
sw06_Full,276,Ligand,0.4283328056335449
sw06_Full,277,Ligand,0.564980685710907
sw06_Full,278,Ligand,0.2882407307624817
sw06_Full,279,Ligand,0.6455891728401184
sw06_Full,280,Ligand,0.5560778379440308
sw06_Full,281,Ligand,0.3919125497341156
sw06_Full,282,Ligand,0.4157591462135315
sw06_Full,283,Ligand,0.26611950993537903
sw06_Full,284,Ligand,0.6585864424705505
sw06_Full,285,Ligand,1.1763560771942139
sw06_Full,286,Ligand,0.9011971950531006
sw06_Full,287,Ligand,0.9831568002700806
sw06_Full,288,Ligand,0.6340307593345642
sw06_Full,289,Ligand,0.46456485986709595
sw06_Full,290,Ligand,0.40977564454078674
sw06_Full,291,Ligand,0.8707267642021179
sw06_Full,292,Ligand,0.5379898548126221
sw06_Full,293,Ligand,0.44277632236480713
sw06_Full,294,Ligand,0.644005298614502
sw06_Full,295,Ligand,1.1342345476150513
sw06_Full,296,Ligand,0.20765939354896545
sw06_Full,297,Ligand,0.3659963607788086
sw06_Full,298,Ligand,0.5256510376930237
sw06_Full,299,Ligand,0.3743182122707367
sw06_Full,300,Ligand,0.7931222319602966
sw06_Full,301,Ligand,1.207256555557251
sw06_Full,302,Ligand,0.43620115518569946
sw06_Full,303,Ligand,0.44504407048225403
sw06_Full,304,Ligand,0.5223398804664612
sw06_Full,305,Ligand,0.42574697732925415
sw06_Full,306,Ligand,0.3221816122531891
sw06_Full,307,Ligand,0.5353727340698242
sw06_Full,308,Ligand,0.49982309341430664
sw06_Full,309,Ligand,0.6261509656906128
sw06_Full,310,Ligand,0.539510190486908
sw06_Full,311,Ligand,0.5860224366188049
sw06_Full,312,Ligand,0.7569456100463867
sw06_Full,313,Ligand,1.02350914478302
sw06_Full,314,Ligand,0.893724262714386
sw06_Full,315,Ligand,0.6360783576965332
sw06_Full,316,Ligand,0.621605396270752
sw06_Full,317,Ligand,1.1284147500991821
sw06_Full,318,Ligand,0.973587155342102
sw06_Full,319,Ligand,0.8715505003929138
sw06_Full,320,Ligand,0.49119359254837036
sw06_Full,321,Ligand,0.6686503887176514
sw06_Full,322,Ligand,0.41259148716926575
sw06_Full,323,Ligand,0.7825153470039368
sw06_Full,324,Ligand,0.5043951869010925
sw06_Full,325,Ligand,0.5910701751708984
sw06_Full,326,Ligand,0.7622073292732239
sw06_Full,327,Ligand,0.6445719599723816
sw06_Full,328,Ligand,0.4867219626903534
sw06_Full,329,Ligand,0.39710474014282227
sw06_Full,330,Ligand,0.3824225664138794
sw06_Full,331,Ligand,0.34532293677330017
sw06_Full,332,Ligand,0.4370112121105194
sw06_Full,333,Ligand,0.5627463459968567
sw06_Full,334,Ligand,0.3917747437953949
sw06_Full,335,Ligand,1.1064376831054688
sw06_Full,336,Ligand,1.134812355041504
sw06_Full,337,Ligand,1.1376910209655762
sw06_Full,338,Ligand,0.8647217750549316
sw06_Full,339,Ligand,0.26908791065216064
sw06_Full,340,Ligand,0.4253992736339569
sw06_Full,341,Ligand,0.3322291672229767
sw06_Full,342,Ligand,0.3907027244567871
sw06_Full,343,Ligand,0.6121581792831421
sw06_Full,344,Ligand,0.6116908192634583
sw06_Full,345,Ligand,0.46060895919799805
sw06_Full,346,Ligand,0.6099095344543457
sw06_Full,347,Ligand,0.6454803347587585
sw06_Full,348,Ligand,0.4577925205230713
sw06_Full,349,Ligand,1.1239542961120605
sw06_Full,350,Ligand,1.2056084871292114
sw06_Full,351,Ligand,1.0412174463272095
sw06_Full,352,Ligand,0.6921892166137695
sw06_Full,353,Ligand,0.8988413214683533
sw06_Full,354,Ligand,0.6180403232574463
sw06_Full,355,Ligand,0.4971895217895508
sw06_Full,356,Ligand,0.3681301772594452
sw06_Full,357,Ligand,0.9434508085250854
sw06_Full,358,Ligand,1.1640269756317139
sw06_Full,359,Ligand,0.9716046452522278
sw06_Full,360,Ligand,0.9439913630485535
sw06_Full,361,Ligand,1.0365382432937622
sw06_Full,362,Ligand,1.1250438690185547
sw06_Full,363,Ligand,0.3428055942058563
sw06_Full,364,Ligand,0.3361622393131256
sw06_Full,365,Ligand,1.1590368747711182
sw06_Full,366,Ligand,0.9267932772636414
sw06_Full,367,Ligand,0.47711819410324097
sw06_Full,368,Ligand,0.4740458130836487
sw06_Full,369,Ligand,0.312729150056839
sw06_Full,370,Ligand,0.5320174098014832
sw06_Full,371,Ligand,1.0748577117919922
sw06_Full,372,Ligand,1.111738920211792
sw06_Full,373,Ligand,0.5079027414321899
sw06_Full,374,Ligand,0.6677628755569458
sw06_Full,375,Ligand,0.3725394904613495
sw06_Full,376,Ligand,0.7976595163345337
sw06_Full,377,Ligand,0.4442479908466339
sw06_Full,378,Ligand,0.5066965818405151
sw06_Full,379,Ligand,0.49678167700767517
sw06_Full,380,Ligand,0.3126184046268463
sw06_Full,381,Ligand,0.40254640579223633
sw06_Full,382,Ligand,0.5701947808265686
sw06_Full,383,Ligand,0.4409451186656952
sw06_Full,384,Ligand,0.36274245381355286
sw06_Full,385,Ligand,0.2171858698129654
sw06_Full,386,Ligand,0.37144410610198975
sw06_Full,387,Ligand,0.2960995137691498
sw06_Full,388,Ligand,0.3883681893348694
sw06_Full,389,Ligand,0.6137916445732117
sw06_Full,390,Ligand,0.45215392112731934
sw06_Full,391,Ligand,0.47653570771217346
sw06_Full,392,Ligand,0.6586594581604004
sw06_Full,393,Ligand,0.27170777320861816
sw06_Full,394,Ligand,0.7819767594337463
sw06_Full,395,Ligand,0.40400853753089905
sw06_Full,396,Ligand,0.37108734250068665
sw06_Full,397,Ligand,0.5139787197113037
sw06_Full,398,Ligand,0.989525318145752
sw06_Full,399,Ligand,0.39490142464637756
sw06_Full,400,Ligand,0.6465616822242737
sw06_Full,401,Ligand,0.40170159935951233
sw06_Full,402,Ligand,0.5929138660430908
sw06_Full,403,Ligand,0.368947833776474
sw06_Full,404,Ligand,0.46976664662361145
sw06_Full,405,Ligand,0.3256663680076599
sw06_Full,406,Ligand,0.5642406344413757
sw06_Full,407,Ligand,0.5738507509231567
sw06_Full,408,Ligand,0.4117600619792938
sw06_Full,409,Ligand,0.4502008557319641
sw06_Full,410,Ligand,0.400703489780426
sw06_Full,411,Ligand,1.0188666582107544
sw06_Full,412,Ligand,0.8686483502388
sw06_Full,413,Ligand,0.7082666754722595
sw06_Full,414,Ligand,0.5956960916519165
sw06_Full,415,Ligand,0.44193118810653687
sw06_Full,416,Ligand,0.5078068375587463
sw06_Full,417,Ligand,0.5025936365127563
sw06_Full,418,Ligand,0.39804378151893616
sw06_Full,419,Ligand,0.7053676247596741
sw06_Full,420,Ligand,0.40360769629478455
sw06_Full,421,Ligand,0.6785105466842651
sw06_Full,422,Ligand,0.23773320019245148
sw06_Full,423,Ligand,0.5016535520553589
sw06_Full,424,Ligand,0.6246204972267151
sw06_Full,425,Ligand,0.5506078004837036
sw06_Full,426,Ligand,0.5264196991920471
sw06_Full,427,Ligand,0.682136595249176
sw06_Full,428,Ligand,0.4029507339000702
sw06_Full,429,Ligand,0.35327985882759094
sw06_Full,430,Ligand,0.3904498517513275
sw06_Full,431,Ligand,0.986384391784668
sw06_Full,432,Ligand,0.840342104434967
sw06_Full,433,Ligand,0.5461224317550659
sw06_Full,434,Ligand,0.5013635158538818
sw06_Full,435,Ligand,0.5795382261276245
sw06_Full,436,Ligand,0.5768571496009827
sw06_Full,437,Ligand,0.3847019076347351
sw06_Full,438,Ligand,0.4727490544319153
sw06_Full,439,Ligand,0.45213282108306885
sw06_Full,440,Ligand,0.6817243695259094
sw06_Full,441,Ligand,0.4941891133785248
sw06_Full,442,Ligand,0.5744557976722717
sw06_Full,443,Ligand,0.5770850777626038
sw06_Full,444,Ligand,0.29548880457878113
sw06_Full,445,Ligand,0.5980468392372131
sw06_Full,446,Ligand,0.409743994474411
sw06_Full,447,Ligand,0.4692819118499756
sw06_Full,448,Ligand,0.6173349618911743
sw06_Full,449,Ligand,0.40903687477111816
sw06_Full,450,Ligand,0.34415069222450256
sw06_Full,451,Ligand,0.33143118023872375
sw06_Full,452,Ligand,0.36665332317352295
sw06_Full,453,Ligand,0.5370711088180542
sw06_Full,454,Ligand,0.3467482328414917
sw06_Full,455,Ligand,0.3181409239768982
sw06_Full,456,Ligand,0.2363453209400177
sw06_Full,457,Ligand,0.583696722984314
sw06_Full,458,Ligand,0.3091929256916046
sw06_Full,459,Ligand,0.3695448338985443
sw06_Full,460,Ligand,0.43191754817962646
sw06_Full,461,Ligand,0.7187134623527527
sw06_Full,462,Ligand,1.0552722215652466
sw06_Full,463,Ligand,0.33812442421913147
sw06_Full,464,Ligand,0.6949467062950134
sw06_Full,465,Ligand,1.124852180480957
sw06_Full,466,Ligand,0.6384932398796082
sw06_Full,467,Ligand,0.9230896234512329
sw06_Full,468,Ligand,0.6271579265594482
sw06_Full,469,Ligand,0.7239983677864075
sw06_Full,470,Ligand,0.6839154958724976
sw06_Full,471,Ligand,0.6736677289009094
sw06_Full,472,Ligand,0.7029426097869873
sw06_Full,473,Ligand,0.9587429165840149
sw06_Full,474,Ligand,0.7055649757385254
sw06_Full,475,Ligand,0.5183417201042175
sw06_Full,476,Ligand,0.7706090211868286
sw06_Full,477,Ligand,0.4584958553314209
sw06_Full,478,Ligand,0.7536418437957764
sw06_Full,479,Ligand,0.867807149887085
sw06_Full,480,Ligand,1.0699689388275146
sw06_Full,481,Ligand,1.249519944190979
sw06_Full,482,Ligand,1.2214572429656982
sw06_Full,483,Ligand,0.904646098613739
sw06_Full,484,Ligand,1.1036510467529297
sw06_Full,485,Ligand,1.2720838785171509
sw06_Full,486,Ligand,1.0561386346817017
sw06_Full,487,Ligand,1.1552339792251587
sw06_Full,488,Ligand,0.8353738784790039
sw06_Full,489,Ligand,0.6054441928863525
sw06_Full,490,Ligand,0.43007010221481323
sw06_Full,491,Ligand,0.48184967041015625
sw06_Full,492,Ligand,0.42985105514526367
sw06_Full,493,Ligand,0.2994130551815033
sw06_Full,494,Ligand,0.5782907605171204
sw06_Full,495,Ligand,0.588655412197113
sw06_Full,496,Ligand,0.5114123821258545
sw06_Full,497,Ligand,0.5010136365890503
sw06_Full,498,Ligand,0.614543080329895
sw06_Full,499,Ligand,0.5491225719451904
sw06_Full,500,Ligand,0.5834259986877441
sw06_Full,501,Ligand,0.7061042189598083
sw06_Full,502,Ligand,0.4613877832889557
sw06_Full,503,Ligand,0.5185689926147461
sw06_Full,504,Ligand,0.526968240737915
sw06_Full,505,Ligand,0.7413438558578491
sw06_Full,506,Ligand,0.5574756860733032
sw06_Full,507,Ligand,0.5371055603027344
sw06_Full,508,Ligand,0.3640027344226837
sw06_Full,509,Ligand,0.44663649797439575
sw06_Full,510,Ligand,0.5033478736877441
sw06_Full,511,Ligand,0.661184549331665
sw06_Full,512,Ligand,0.4956802427768707
sw06_Full,513,Ligand,0.6756569147109985
sw06_Full,514,Ligand,0.7298436760902405
sw06_Full,515,Ligand,0.47135037183761597
sw06_Full,516,Ligand,0.45641031861305237
sw06_Full,517,Ligand,0.443103551864624
sw06_Full,518,Ligand,0.5589666962623596
sw06_Full,519,Ligand,0.7144346237182617
sw06_Full,520,Ligand,0.4497559070587158
sw06_Full,521,Ligand,0.25605034828186035
sw06_Full,522,Ligand,0.39896541833877563
sw06_Full,523,Ligand,0.29137375950813293
sw06_Full,524,Ligand,1.2392722368240356
sw06_Full,525,Ligand,0.9167560935020447
sw06_Full,526,Ligand,0.7834038734436035
sw06_Full,527,Ligand,0.38117682933807373
sw06_Full,528,Ligand,0.32969143986701965
sw06_Full,529,Ligand,0.5456082820892334
sw06_Full,530,Ligand,0.5059168934822083
sw06_Full,531,Ligand,0.4597541093826294
sw06_Full,532,Ligand,0.2989802658557892
sw06_Full,533,Ligand,0.2745460569858551
sw06_Full,534,Ligand,0.3867945373058319
sw06_Full,535,Ligand,0.30435168743133545
sw06_Full,536,Ligand,0.5156198740005493
sw06_Full,537,Ligand,0.6300894618034363
sw06_Full,538,Ligand,1.0945141315460205
sw06_Full,539,Ligand,0.5700494647026062
sw06_Full,540,Ligand,0.39980438351631165
sw06_Full,541,Ligand,1.1873608827590942
sw06_Full,542,Ligand,1.2106337547302246
sw06_Full,543,Ligand,0.7864856719970703
sw06_Full,544,Ligand,1.168930172920227
sw06_Full,545,Ligand,1.0943607091903687
sw06_Full,546,Ligand,1.0199573040008545
sw06_Full,547,Ligand,1.0134389400482178
sw06_Full,548,Ligand,0.9962782263755798
sw06_Full,549,Ligand,1.354913592338562
sw06_Full,550,Ligand,1.1108283996582031
sw06_Full,551,Ligand,0.6559669971466064
sw06_Full,552,Ligand,1.0215816497802734
sw06_Full,553,Ligand,1.2150644063949585
sw06_Full,554,Ligand,0.9850407242774963
sw06_Full,555,Ligand,0.5601876974105835
sw06_Full,556,Ligand,0.4524767994880676
sw06_Full,557,Ligand,0.5222244262695313
sw06_Full,558,Ligand,0.4833795130252838
sw06_Full,559,Ligand,0.7091867327690125
sw06_Full,560,Ligand,0.7603302001953125
sw06_Full,561,Ligand,0.6837080121040344
sw06_Full,562,Ligand,0.4365919232368469
sw06_Full,563,Ligand,0.3473551273345947
sw06_Full,564,Ligand,0.46951308846473694
sw06_Full,565,Ligand,0.6772862076759338
sw06_Full,566,Ligand,0.47190427780151367
sw06_Full,567,Ligand,0.8960309624671936
sw06_Full,568,Ligand,1.3429920673370361
sw06_Full,569,Ligand,0.39396125078201294
sw06_Full,570,Ligand,1.1165440082550049
sw06_Full,571,Ligand,0.9924494624137878
sw06_Full,572,Ligand,0.5400983095169067
sw06_Full,573,Ligand,0.7699041366577148
sw06_Full,574,Ligand,0.626251757144928
sw06_Full,575,Ligand,0.6023412942886353
sw06_Full,576,Ligand,0.4547072649002075
sw06_Full,577,Ligand,1.1417040824890137
sw06_Full,578,Ligand,1.1585243940353394
sw06_Full,579,Ligand,0.5498882532119751
sw06_Full,580,Ligand,0.3829701244831085
sw06_Full,581,Ligand,0.39682692289352417
sw06_Full,582,Ligand,0.32643213868141174
sw06_Full,583,Ligand,0.3507051169872284
sw06_Full,584,Ligand,0.6541750431060791
sw06_Full,585,Ligand,0.5852005481719971
sw06_Full,586,Ligand,1.198708415031433
sw06_Full,587,Ligand,1.330586552619934
sw06_Full,588,Ligand,0.9302198886871338
sw06_Full,589,Ligand,0.9674487709999084
sw06_Full,590,Ligand,1.0190926790237427
sw06_Full,591,Ligand,0.6151159405708313
sw06_Full,592,Ligand,0.6822329163551331
sw06_Full,593,Ligand,0.5223942995071411
sw06_Full,594,Ligand,1.280682921409607
sw06_Full,595,Ligand,0.695590078830719
sw06_Full,596,Ligand,0.49423304200172424
sw06_Full,597,Ligand,0.5278742909431458
sw06_Full,598,Ligand,0.537745475769043
sw06_Full,599,Ligand,0.48547446727752686
sw06_Full,600,Ligand,0.5723947286605835
sw06_Full,601,Ligand,0.5936121940612793
sw06_Full,602,Ligand,0.5932390689849854
sw06_Full,603,Ligand,0.7551572918891907
sw06_Full,604,Ligand,0.7178417444229126
sw06_Full,605,Ligand,0.7422516942024231
sw06_Full,606,Ligand,0.7142242193222046
sw06_Full,607,Ligand,0.7167938947677612
sw06_Full,608,Ligand,0.9167102575302124
sw06_Full,609,Ligand,0.8591048717498779
sw06_Full,610,Ligand,0.3824377954006195
sw06_Full,611,Ligand,0.33753982186317444
sw06_Full,612,Ligand,0.37858498096466064
sw06_Full,613,Ligand,0.40146103501319885
sw06_Full,614,Ligand,0.8523901104927063
sw06_Full,615,Ligand,1.0069611072540283
sw06_Full,616,Ligand,0.8783676624298096
sw06_Full,617,Ligand,0.8086361289024353
sw06_Full,618,Ligand,0.48614269495010376
sw06_Full,619,Ligand,0.36348792910575867
sw06_Full,620,Ligand,0.8212984204292297
sw06_Full,621,Ligand,0.6989221572875977
sw06_Full,622,Ligand,0.7374824285507202
sw06_Full,623,Ligand,0.8354922533035278
sw06_Full,624,Ligand,0.41060125827789307
sw06_Full,625,Ligand,0.5358699560165405
sw06_Full,626,Ligand,0.48517635464668274
sw06_Full,627,Ligand,0.4164370894432068
sw06_Full,628,Ligand,0.28169333934783936
sw06_Full,629,Ligand,0.870124101638794
sw06_Full,630,Ligand,0.3689258396625519
sw06_Full,631,Ligand,0.33838364481925964
sw06_Full,632,Ligand,0.4732418656349182
sw06_Full,633,Ligand,0.4693019390106201
sw06_Full,634,Ligand,0.49167600274086
sw06_Full,635,Ligand,0.4555509090423584
sw06_Full,636,Ligand,0.7282921671867371
sw06_Full,637,Ligand,0.40712666511535645
sw06_Full,638,Ligand,0.6731978058815002
sw06_Full,639,Ligand,0.8435177803039551
sw06_Full,640,Ligand,0.6278930902481079
sw06_Full,641,Ligand,0.37790635228157043
sw06_Full,642,Ligand,0.41897696256637573
sw06_Full,643,Ligand,0.49214357137680054
sw06_Full,644,Ligand,0.5995194315910339
sw06_Full,645,Ligand,0.5802116394042969
sw06_Full,646,Ligand,0.5137803554534912
sw06_Full,647,Ligand,0.9840046763420105
sw06_Full,648,Ligand,0.6329278945922852
sw06_Full,649,Ligand,0.9298959970474243
sw06_Full,650,Ligand,0.6004155874252319
sw06_Full,651,Ligand,0.5610608458518982
sw06_Full,652,Ligand,0.6509029865264893
sw06_Full,653,Ligand,0.7256409525871277
sw06_Full,654,Ligand,0.7112258076667786
sw06_Full,655,Ligand,0.6156131029129028
sw06_Full,656,Ligand,0.7128840684890747
sw06_Full,657,Ligand,0.7094165086746216
sw06_Full,658,Ligand,0.5179327726364136
sw06_Full,659,Ligand,0.7444831132888794
sw06_Full,660,Ligand,0.6870836019515991
sw06_Full,661,Ligand,0.8223479986190796
sw06_Full,662,Ligand,0.5143325328826904
sw06_Full,663,Ligand,0.5101103186607361
sw06_Full,664,Ligand,0.5366445183753967
sw06_Full,665,Ligand,0.6697603464126587
sw06_Full,666,Ligand,0.6285175681114197
sw06_Full,667,Ligand,0.6910525560379028
sw06_Full,668,Ligand,0.6885607242584229
sw06_Full,669,Ligand,0.8916977047920227
sw06_Full,670,Ligand,0.5274078249931335
sw06_Full,671,Ligand,0.6716039180755615
sw06_Full,672,Ligand,0.5272741913795471
sw06_Full,673,Ligand,0.7079236507415771
sw06_Full,674,Ligand,0.8059995174407959
sw06_Full,675,Ligand,0.43312472105026245
sw06_Full,676,Ligand,0.5625308156013489
sw06_Full,677,Ligand,0.7114090919494629
sw06_Full,678,Ligand,1.0588353872299194
sw06_Full,679,Ligand,0.8279873728752136
sw06_Full,680,Ligand,0.657085120677948
sw06_Full,681,Ligand,0.5481516122817993
sw06_Full,682,Ligand,0.38812384009361267
sw06_Full,683,Ligand,0.5021847486495972
sw06_Full,684,Ligand,0.595878541469574
sw06_Full,685,Ligand,1.004109263420105
sw06_Full,686,Ligand,0.43247851729393005
sw06_Full,687,Ligand,0.600374162197113
sw06_Full,688,Ligand,0.5882186889648438
sw06_Full,689,Ligand,0.6883348226547241
sw06_Full,690,Ligand,0.44229355454444885
sw06_Full,691,Ligand,0.6287573575973511
sw06_Full,692,Ligand,0.4708549976348877
sw06_Full,693,Ligand,0.8343692421913147
sw06_Full,694,Ligand,0.9132054448127747
sw06_Full,695,Ligand,0.5978846549987793
sw06_Full,696,Ligand,0.5196953415870667
sw06_Full,697,Ligand,0.3480546474456787
sw06_Full,698,Ligand,0.5557991862297058
sw06_Full,699,Ligand,0.4921266734600067
sw06_Full,700,Ligand,0.5613160729408264
sw06_Full,701,Ligand,0.6686394810676575
sw06_Full,702,Ligand,0.5738039612770081
sw06_Full,703,Ligand,0.5648908019065857
sw06_Full,704,Ligand,0.2382662296295166
sw06_Full,705,Ligand,0.7354961633682251
sw06_Full,706,Ligand,0.809197187423706
sw06_Full,707,Ligand,0.6297118663787842
sw06_Full,708,Ligand,1.1192280054092407
sw06_Full,709,Ligand,0.476870596408844
sw06_Full,710,Ligand,0.5576650500297546
sw06_Full,711,Ligand,0.4672326445579529
sw06_Full,712,Ligand,0.5469778776168823
sw06_Full,713,Ligand,0.5591199398040771
sw06_Full,714,Ligand,0.8013594150543213
sw06_Full,715,Ligand,0.7355784773826599
sw06_Full,716,Ligand,0.6868985295295715
sw06_Full,717,Ligand,0.8785736560821533
sw06_Full,718,Ligand,0.7489520311355591
sw06_Full,719,Ligand,0.6038864254951477
sw06_Full,720,Ligand,0.6038863062858582
