POSE,FRAME,TYPE,RMSD
sw06_Full,1,Protein,2.077785015106201
sw06_Full,2,Protein,2.32719087600708
sw06_Full,3,Protein,2.3700954914093018
sw06_Full,4,Protein,3.123206377029419
sw06_Full,5,Protein,3.50842547416687
sw06_Full,6,Protein,3.8305866718292236
sw06_Full,7,Protein,3.8915464878082275
sw06_Full,8,Protein,4.285399913787842
sw06_Full,9,Protein,4.047372341156006
sw06_Full,10,Protein,4.062268257141113
sw06_Full,11,Protein,4.236839294433594
sw06_Full,12,Protein,3.781524419784546
sw06_Full,13,Protein,3.969794511795044
sw06_Full,14,Protein,4.477865219116211
sw06_Full,15,Protein,3.9763176441192627
sw06_Full,16,Protein,3.713247299194336
sw06_Full,17,Protein,3.428572654724121
sw06_Full,18,Protein,3.7976412773132324
sw06_Full,19,Protein,3.8605711460113525
sw06_Full,20,Protein,3.851686716079712
sw06_Full,21,Protein,4.10018253326416
sw06_Full,22,Protein,4.358514308929443
sw06_Full,23,Protein,4.26245641708374
sw06_Full,24,Protein,4.330338001251221
sw06_Full,25,Protein,4.359629154205322
sw06_Full,26,Protein,4.87865686416626
sw06_Full,27,Protein,4.709931373596191
sw06_Full,28,Protein,5.035624980926514
sw06_Full,29,Protein,4.9222187995910645
sw06_Full,30,Protein,5.28034782409668
sw06_Full,31,Protein,5.170683860778809
sw06_Full,32,Protein,4.888889789581299
sw06_Full,33,Protein,4.950211048126221
sw06_Full,34,Protein,4.874466419219971
sw06_Full,35,Protein,5.3653106689453125
sw06_Full,36,Protein,5.4987030029296875
sw06_Full,37,Protein,5.504288673400879
sw06_Full,38,Protein,5.976959705352783
sw06_Full,39,Protein,5.281108379364014
sw06_Full,40,Protein,5.5619401931762695
sw06_Full,41,Protein,5.368159294128418
sw06_Full,42,Protein,5.446577548980713
sw06_Full,43,Protein,5.610574722290039
sw06_Full,44,Protein,5.9239325523376465
sw06_Full,45,Protein,6.039091110229492
sw06_Full,46,Protein,5.696462154388428
sw06_Full,47,Protein,5.747353553771973
sw06_Full,48,Protein,6.099462509155273
sw06_Full,49,Protein,5.995688438415527
sw06_Full,50,Protein,6.098490238189697
sw06_Full,51,Protein,5.609495162963867
sw06_Full,52,Protein,5.209835529327393
sw06_Full,53,Protein,5.329915523529053
sw06_Full,54,Protein,5.3127031326293945
sw06_Full,55,Protein,5.4906158447265625
sw06_Full,56,Protein,4.991940498352051
sw06_Full,57,Protein,5.034544944763184
sw06_Full,58,Protein,5.098231315612793
sw06_Full,59,Protein,5.257198810577393
sw06_Full,60,Protein,5.852281093597412
sw06_Full,61,Protein,5.772559642791748
sw06_Full,62,Protein,6.2288289070129395
sw06_Full,63,Protein,6.2064924240112305
sw06_Full,64,Protein,5.768163681030273
sw06_Full,65,Protein,6.234305381774902
sw06_Full,66,Protein,6.09357213973999
sw06_Full,67,Protein,6.538089275360107
sw06_Full,68,Protein,6.254333972930908
sw06_Full,69,Protein,6.170015811920166
sw06_Full,70,Protein,5.74172306060791
sw06_Full,71,Protein,6.012080192565918
sw06_Full,72,Protein,7.013894557952881
sw06_Full,73,Protein,7.5624213218688965
sw06_Full,74,Protein,7.803590297698975
sw06_Full,75,Protein,7.673303127288818
sw06_Full,76,Protein,7.690307140350342
sw06_Full,77,Protein,7.801785945892334
sw06_Full,78,Protein,8.042645454406738
sw06_Full,79,Protein,9.10266399383545
sw06_Full,80,Protein,8.443007469177246
sw06_Full,81,Protein,9.016996383666992
sw06_Full,82,Protein,8.34875202178955
sw06_Full,83,Protein,8.484640121459961
sw06_Full,84,Protein,9.267644882202148
sw06_Full,85,Protein,9.247640609741211
sw06_Full,86,Protein,9.721850395202637
sw06_Full,87,Protein,9.396842956542969
sw06_Full,88,Protein,9.268939018249512
sw06_Full,89,Protein,8.971573829650879
sw06_Full,90,Protein,8.614859580993652
sw06_Full,91,Protein,8.455901145935059
sw06_Full,92,Protein,8.061516761779785
sw06_Full,93,Protein,7.809627532958984
sw06_Full,94,Protein,8.627827644348145
sw06_Full,95,Protein,8.59024429321289
sw06_Full,96,Protein,9.237874031066895
sw06_Full,97,Protein,9.06466007232666
sw06_Full,98,Protein,8.928908348083496
sw06_Full,99,Protein,8.654596328735352
sw06_Full,100,Protein,8.76915454864502
sw06_Full,101,Protein,8.562244415283203
sw06_Full,102,Protein,8.469817161560059
sw06_Full,103,Protein,8.65973949432373
sw06_Full,104,Protein,8.308626174926758
sw06_Full,105,Protein,8.049683570861816
sw06_Full,106,Protein,7.818506717681885
sw06_Full,107,Protein,8.329991340637207
sw06_Full,108,Protein,8.283698081970215
sw06_Full,109,Protein,8.17360782623291
sw06_Full,110,Protein,8.442469596862793
sw06_Full,111,Protein,8.814169883728027
sw06_Full,112,Protein,8.381574630737305
sw06_Full,113,Protein,8.75516128540039
sw06_Full,114,Protein,8.5424165725708
sw06_Full,115,Protein,8.783846855163574
sw06_Full,116,Protein,8.440336227416992
sw06_Full,117,Protein,8.630306243896484
sw06_Full,118,Protein,8.680386543273926
sw06_Full,119,Protein,8.746466636657715
sw06_Full,120,Protein,9.08009147644043
sw06_Full,121,Protein,9.006684303283691
sw06_Full,122,Protein,8.796972274780273
sw06_Full,123,Protein,8.445863723754883
sw06_Full,124,Protein,8.70175552368164
sw06_Full,125,Protein,8.691879272460938
sw06_Full,126,Protein,8.290140151977539
sw06_Full,127,Protein,8.596208572387695
sw06_Full,128,Protein,8.460221290588379
sw06_Full,129,Protein,8.525484085083008
sw06_Full,130,Protein,8.600112915039063
sw06_Full,131,Protein,9.194198608398438
sw06_Full,132,Protein,9.207448959350586
sw06_Full,133,Protein,8.927791595458984
sw06_Full,134,Protein,8.663410186767578
sw06_Full,135,Protein,8.89164924621582
sw06_Full,136,Protein,8.431273460388184
sw06_Full,137,Protein,8.764391899108887
sw06_Full,138,Protein,8.631174087524414
sw06_Full,139,Protein,8.579062461853027
sw06_Full,140,Protein,8.861682891845703
sw06_Full,141,Protein,8.173487663269043
sw06_Full,142,Protein,8.323051452636719
sw06_Full,143,Protein,8.410783767700195
sw06_Full,144,Protein,8.123860359191895
sw06_Full,145,Protein,8.463983535766602
sw06_Full,146,Protein,8.179807662963867
sw06_Full,147,Protein,8.832259178161621
sw06_Full,148,Protein,8.557923316955566
sw06_Full,149,Protein,8.147247314453125
sw06_Full,150,Protein,8.591611862182617
sw06_Full,151,Protein,8.486848831176758
sw06_Full,152,Protein,8.471046447753906
sw06_Full,153,Protein,8.8765287399292
sw06_Full,154,Protein,9.074490547180176
sw06_Full,155,Protein,8.884016036987305
sw06_Full,156,Protein,8.559231758117676
sw06_Full,157,Protein,8.496063232421875
sw06_Full,158,Protein,8.245970726013184
sw06_Full,159,Protein,8.367177963256836
sw06_Full,160,Protein,8.065887451171875
sw06_Full,161,Protein,8.184972763061523
sw06_Full,162,Protein,8.246837615966797
sw06_Full,163,Protein,8.187529563903809
sw06_Full,164,Protein,8.535905838012695
sw06_Full,165,Protein,8.141213417053223
sw06_Full,166,Protein,7.632004737854004
sw06_Full,167,Protein,7.7939958572387695
sw06_Full,168,Protein,7.396730899810791
sw06_Full,169,Protein,7.751333236694336
sw06_Full,170,Protein,7.3877692222595215
sw06_Full,171,Protein,7.787815570831299
sw06_Full,172,Protein,8.193487167358398
sw06_Full,173,Protein,8.234458923339844
sw06_Full,174,Protein,8.004936218261719
sw06_Full,175,Protein,8.444940567016602
sw06_Full,176,Protein,8.57106876373291
sw06_Full,177,Protein,8.274232864379883
sw06_Full,178,Protein,7.615623474121094
sw06_Full,179,Protein,7.157827377319336
sw06_Full,180,Protein,7.128214359283447
sw06_Full,181,Protein,7.381808757781982
sw06_Full,182,Protein,7.6396164894104
sw06_Full,183,Protein,7.303385257720947
sw06_Full,184,Protein,7.272732734680176
sw06_Full,185,Protein,7.136440277099609
sw06_Full,186,Protein,7.453360080718994
sw06_Full,187,Protein,7.7362518310546875
sw06_Full,188,Protein,7.29435920715332
sw06_Full,189,Protein,7.517751693725586
sw06_Full,190,Protein,7.925050735473633
sw06_Full,191,Protein,7.79701042175293
sw06_Full,192,Protein,7.896102428436279
sw06_Full,193,Protein,7.769393444061279
sw06_Full,194,Protein,7.138956546783447
sw06_Full,195,Protein,7.196175575256348
sw06_Full,196,Protein,7.546998500823975
sw06_Full,197,Protein,7.4774980545043945
sw06_Full,198,Protein,7.226332187652588
sw06_Full,199,Protein,7.50391960144043
sw06_Full,200,Protein,7.695343494415283
sw06_Full,201,Protein,7.5741658210754395
sw06_Full,202,Protein,7.2496514320373535
sw06_Full,203,Protein,7.232552528381348
sw06_Full,204,Protein,6.795731544494629
sw06_Full,205,Protein,6.534347057342529
sw06_Full,206,Protein,7.050514221191406
sw06_Full,207,Protein,7.114681243896484
sw06_Full,208,Protein,7.570504188537598
sw06_Full,209,Protein,7.796822547912598
sw06_Full,210,Protein,7.896182537078857
sw06_Full,211,Protein,8.47462272644043
sw06_Full,212,Protein,8.575346946716309
sw06_Full,213,Protein,8.679082870483398
sw06_Full,214,Protein,8.78981876373291
sw06_Full,215,Protein,8.57589054107666
sw06_Full,216,Protein,8.244720458984375
sw06_Full,217,Protein,7.844247817993164
sw06_Full,218,Protein,7.953001022338867
sw06_Full,219,Protein,7.433177471160889
sw06_Full,220,Protein,7.764794826507568
sw06_Full,221,Protein,7.911035060882568
sw06_Full,222,Protein,8.121442794799805
sw06_Full,223,Protein,8.15652847290039
sw06_Full,224,Protein,8.434014320373535
sw06_Full,225,Protein,7.8061909675598145
sw06_Full,226,Protein,8.223393440246582
sw06_Full,227,Protein,8.513348579406738
sw06_Full,228,Protein,8.433677673339844
sw06_Full,229,Protein,8.395849227905273
sw06_Full,230,Protein,8.671177864074707
sw06_Full,231,Protein,8.351824760437012
sw06_Full,232,Protein,8.377331733703613
sw06_Full,233,Protein,8.827198028564453
sw06_Full,234,Protein,8.551849365234375
sw06_Full,235,Protein,8.936137199401855
sw06_Full,236,Protein,8.435214042663574
sw06_Full,237,Protein,8.834957122802734
sw06_Full,238,Protein,8.266018867492676
sw06_Full,239,Protein,7.947837829589844
sw06_Full,240,Protein,7.981654167175293
sw06_Full,241,Protein,8.004241943359375
sw06_Full,242,Protein,8.211808204650879
sw06_Full,243,Protein,8.470600128173828
sw06_Full,244,Protein,8.374608993530273
sw06_Full,245,Protein,8.481989860534668
sw06_Full,246,Protein,8.475606918334961
sw06_Full,247,Protein,8.653104782104492
sw06_Full,248,Protein,8.392899513244629
sw06_Full,249,Protein,8.325583457946777
sw06_Full,250,Protein,8.38071346282959
sw06_Full,251,Protein,8.181201934814453
sw06_Full,252,Protein,8.116093635559082
sw06_Full,253,Protein,8.251340866088867
sw06_Full,254,Protein,8.34704303741455
sw06_Full,255,Protein,8.735209465026855
sw06_Full,256,Protein,8.643832206726074
sw06_Full,257,Protein,8.89572525024414
sw06_Full,258,Protein,8.517349243164063
sw06_Full,259,Protein,8.976263046264648
sw06_Full,260,Protein,9.274491310119629
sw06_Full,261,Protein,9.54316520690918
sw06_Full,262,Protein,9.54478645324707
sw06_Full,263,Protein,9.833227157592773
sw06_Full,264,Protein,9.59658145904541
sw06_Full,265,Protein,9.564288139343262
sw06_Full,266,Protein,9.5011568069458
sw06_Full,267,Protein,9.39257526397705
sw06_Full,268,Protein,9.69966983795166
sw06_Full,269,Protein,9.286263465881348
sw06_Full,270,Protein,9.410956382751465
sw06_Full,271,Protein,9.478899955749512
sw06_Full,272,Protein,9.311127662658691
sw06_Full,273,Protein,9.573246002197266
sw06_Full,274,Protein,9.627394676208496
sw06_Full,275,Protein,9.900361061096191
sw06_Full,276,Protein,9.997000694274902
sw06_Full,277,Protein,9.567367553710938
sw06_Full,278,Protein,9.841569900512695
sw06_Full,279,Protein,9.23720932006836
sw06_Full,280,Protein,9.083253860473633
sw06_Full,281,Protein,8.885942459106445
sw06_Full,282,Protein,9.312455177307129
sw06_Full,283,Protein,9.34405517578125
sw06_Full,284,Protein,9.154727935791016
sw06_Full,285,Protein,9.330039024353027
sw06_Full,286,Protein,9.372784614562988
sw06_Full,287,Protein,9.136384010314941
sw06_Full,288,Protein,9.250328063964844
sw06_Full,289,Protein,9.305068969726563
sw06_Full,290,Protein,8.97563648223877
sw06_Full,291,Protein,8.707362174987793
sw06_Full,292,Protein,8.652849197387695
sw06_Full,293,Protein,9.070735931396484
sw06_Full,294,Protein,9.183636665344238
sw06_Full,295,Protein,9.199782371520996
sw06_Full,296,Protein,9.28596019744873
sw06_Full,297,Protein,9.322622299194336
sw06_Full,298,Protein,9.18218994140625
sw06_Full,299,Protein,9.528604507446289
sw06_Full,300,Protein,9.42357063293457
sw06_Full,301,Protein,9.633772850036621
sw06_Full,302,Protein,9.397305488586426
sw06_Full,303,Protein,9.551480293273926
sw06_Full,304,Protein,9.199414253234863
sw06_Full,305,Protein,8.991753578186035
sw06_Full,306,Protein,8.726396560668945
sw06_Full,307,Protein,8.613388061523438
sw06_Full,308,Protein,9.093960762023926
sw06_Full,309,Protein,9.121180534362793
sw06_Full,310,Protein,8.937283515930176
sw06_Full,311,Protein,9.178065299987793
sw06_Full,312,Protein,9.007888793945313
sw06_Full,313,Protein,8.832233428955078
sw06_Full,314,Protein,9.222344398498535
sw06_Full,315,Protein,9.122735023498535
sw06_Full,316,Protein,9.298243522644043
sw06_Full,317,Protein,9.625591278076172
sw06_Full,318,Protein,9.742757797241211
sw06_Full,319,Protein,9.453448295593262
sw06_Full,320,Protein,9.52736759185791
sw06_Full,321,Protein,9.667510986328125
sw06_Full,322,Protein,9.629955291748047
sw06_Full,323,Protein,9.556998252868652
sw06_Full,324,Protein,9.614864349365234
sw06_Full,325,Protein,9.733357429504395
sw06_Full,326,Protein,10.306763648986816
sw06_Full,327,Protein,10.948348999023438
sw06_Full,328,Protein,11.595725059509277
sw06_Full,329,Protein,11.42765998840332
sw06_Full,330,Protein,11.651832580566406
sw06_Full,331,Protein,11.28919506072998
sw06_Full,332,Protein,11.248727798461914
sw06_Full,333,Protein,10.68462085723877
sw06_Full,334,Protein,10.917725563049316
sw06_Full,335,Protein,10.940109252929688
sw06_Full,336,Protein,11.122315406799316
sw06_Full,337,Protein,10.950881004333496
sw06_Full,338,Protein,11.037261962890625
sw06_Full,339,Protein,11.126374244689941
sw06_Full,340,Protein,10.560975074768066
sw06_Full,341,Protein,10.921436309814453
sw06_Full,342,Protein,10.95739459991455
sw06_Full,343,Protein,11.100303649902344
sw06_Full,344,Protein,10.759998321533203
sw06_Full,345,Protein,10.657331466674805
sw06_Full,346,Protein,10.86549186706543
sw06_Full,347,Protein,11.466229438781738
sw06_Full,348,Protein,11.768577575683594
sw06_Full,349,Protein,11.35870361328125
sw06_Full,350,Protein,11.721817016601563
sw06_Full,351,Protein,11.003266334533691
sw06_Full,352,Protein,11.093600273132324
sw06_Full,353,Protein,11.0836763381958
sw06_Full,354,Protein,11.739853858947754
sw06_Full,355,Protein,12.248148918151855
sw06_Full,356,Protein,12.520757675170898
sw06_Full,357,Protein,12.187556266784668
sw06_Full,358,Protein,12.48896598815918
sw06_Full,359,Protein,13.090495109558105
sw06_Full,360,Protein,12.941187858581543
sw06_Full,361,Protein,12.61607837677002
sw06_Full,362,Protein,12.207929611206055
sw06_Full,363,Protein,12.30863094329834
sw06_Full,364,Protein,12.07388973236084
sw06_Full,365,Protein,11.589706420898438
sw06_Full,366,Protein,11.223384857177734
sw06_Full,367,Protein,11.951787948608398
sw06_Full,368,Protein,12.178196907043457
sw06_Full,369,Protein,11.707853317260742
sw06_Full,370,Protein,11.732009887695313
sw06_Full,371,Protein,11.487634658813477
sw06_Full,372,Protein,11.338351249694824
sw06_Full,373,Protein,11.145073890686035
sw06_Full,374,Protein,11.298810958862305
sw06_Full,375,Protein,11.499826431274414
sw06_Full,376,Protein,11.684879302978516
sw06_Full,377,Protein,12.570101737976074
sw06_Full,378,Protein,11.967751502990723
sw06_Full,379,Protein,12.026808738708496
sw06_Full,380,Protein,12.232902526855469
sw06_Full,381,Protein,12.507613182067871
sw06_Full,382,Protein,12.375629425048828
sw06_Full,383,Protein,12.69017219543457
sw06_Full,384,Protein,12.399195671081543
sw06_Full,385,Protein,12.731188774108887
sw06_Full,386,Protein,13.002398490905762
sw06_Full,387,Protein,13.060002326965332
sw06_Full,388,Protein,12.803646087646484
sw06_Full,389,Protein,13.23050594329834
sw06_Full,390,Protein,13.12275505065918
sw06_Full,391,Protein,12.799286842346191
sw06_Full,392,Protein,12.238296508789063
sw06_Full,393,Protein,12.59306812286377
sw06_Full,394,Protein,11.958745956420898
sw06_Full,395,Protein,11.180289268493652
sw06_Full,396,Protein,11.724215507507324
sw06_Full,397,Protein,11.842031478881836
sw06_Full,398,Protein,11.723072052001953
sw06_Full,399,Protein,11.763880729675293
sw06_Full,400,Protein,11.719292640686035
sw06_Full,401,Protein,11.810833930969238
sw06_Full,402,Protein,12.48362922668457
sw06_Full,403,Protein,12.461705207824707
sw06_Full,404,Protein,12.716595649719238
sw06_Full,405,Protein,11.942394256591797
sw06_Full,406,Protein,11.6685152053833
sw06_Full,407,Protein,11.446728706359863
sw06_Full,408,Protein,12.041525840759277
sw06_Full,409,Protein,12.092362403869629
sw06_Full,410,Protein,12.872653007507324
sw06_Full,411,Protein,12.738866806030273
sw06_Full,412,Protein,12.65407657623291
sw06_Full,413,Protein,12.542987823486328
sw06_Full,414,Protein,12.433899879455566
sw06_Full,415,Protein,12.722552299499512
sw06_Full,416,Protein,13.231569290161133
sw06_Full,417,Protein,12.066238403320313
sw06_Full,418,Protein,12.75656795501709
sw06_Full,419,Protein,13.497193336486816
sw06_Full,420,Protein,13.432584762573242
sw06_Full,421,Protein,13.10968017578125
sw06_Full,422,Protein,13.038216590881348
sw06_Full,423,Protein,13.292969703674316
sw06_Full,424,Protein,13.2352933883667
sw06_Full,425,Protein,13.45423412322998
sw06_Full,426,Protein,13.81963062286377
sw06_Full,427,Protein,13.86160659790039
sw06_Full,428,Protein,13.702790260314941
sw06_Full,429,Protein,13.340557098388672
sw06_Full,430,Protein,12.491415977478027
sw06_Full,431,Protein,12.757989883422852
sw06_Full,432,Protein,12.951383590698242
sw06_Full,433,Protein,12.888453483581543
sw06_Full,434,Protein,12.879434585571289
sw06_Full,435,Protein,13.240823745727539
sw06_Full,436,Protein,12.492265701293945
sw06_Full,437,Protein,12.367460250854492
sw06_Full,438,Protein,11.871343612670898
sw06_Full,439,Protein,11.819177627563477
sw06_Full,440,Protein,11.71403694152832
sw06_Full,441,Protein,11.768380165100098
sw06_Full,442,Protein,12.38768482208252
sw06_Full,443,Protein,12.319872856140137
sw06_Full,444,Protein,12.579239845275879
sw06_Full,445,Protein,13.234457015991211
sw06_Full,446,Protein,13.745365142822266
sw06_Full,447,Protein,14.142327308654785
sw06_Full,448,Protein,14.056663513183594
sw06_Full,449,Protein,13.289097785949707
sw06_Full,450,Protein,13.591153144836426
sw06_Full,451,Protein,13.278213500976563
sw06_Full,452,Protein,13.677348136901855
sw06_Full,453,Protein,13.207695960998535
sw06_Full,454,Protein,13.17599868774414
sw06_Full,455,Protein,13.500911712646484
sw06_Full,456,Protein,13.547441482543945
sw06_Full,457,Protein,14.092643737792969
sw06_Full,458,Protein,13.611642837524414
sw06_Full,459,Protein,13.903550148010254
sw06_Full,460,Protein,13.793087005615234
sw06_Full,461,Protein,13.847075462341309
sw06_Full,462,Protein,14.003823280334473
sw06_Full,463,Protein,13.593588829040527
sw06_Full,464,Protein,13.394472122192383
sw06_Full,465,Protein,13.59328842163086
sw06_Full,466,Protein,13.463062286376953
sw06_Full,467,Protein,12.898731231689453
sw06_Full,468,Protein,12.82016372680664
sw06_Full,469,Protein,12.150012016296387
sw06_Full,470,Protein,12.131364822387695
sw06_Full,471,Protein,12.243292808532715
sw06_Full,472,Protein,12.486226081848145
sw06_Full,473,Protein,12.402606010437012
sw06_Full,474,Protein,11.967842102050781
sw06_Full,475,Protein,12.149993896484375
sw06_Full,476,Protein,12.705608367919922
sw06_Full,477,Protein,12.319278717041016
sw06_Full,478,Protein,12.447407722473145
sw06_Full,479,Protein,12.67727279663086
sw06_Full,480,Protein,12.816242218017578
sw06_Full,481,Protein,12.732950210571289
sw06_Full,482,Protein,12.536711692810059
sw06_Full,483,Protein,12.511795043945313
sw06_Full,484,Protein,12.927471160888672
sw06_Full,485,Protein,13.199756622314453
sw06_Full,486,Protein,12.863225936889648
sw06_Full,487,Protein,12.89136791229248
sw06_Full,488,Protein,13.017973899841309
sw06_Full,489,Protein,13.493559837341309
sw06_Full,490,Protein,13.567856788635254
sw06_Full,491,Protein,13.084010124206543
sw06_Full,492,Protein,13.629276275634766
sw06_Full,493,Protein,13.621630668640137
sw06_Full,494,Protein,13.68011474609375
sw06_Full,495,Protein,13.90048885345459
sw06_Full,496,Protein,14.281835556030273
sw06_Full,497,Protein,14.571800231933594
sw06_Full,498,Protein,14.782005310058594
sw06_Full,499,Protein,14.469204902648926
sw06_Full,500,Protein,14.662564277648926
sw06_Full,501,Protein,14.452733039855957
sw06_Full,502,Protein,13.998345375061035
sw06_Full,503,Protein,14.331053733825684
sw06_Full,504,Protein,14.718043327331543
sw06_Full,505,Protein,15.094842910766602
sw06_Full,506,Protein,15.036554336547852
sw06_Full,507,Protein,15.267136573791504
sw06_Full,508,Protein,15.440824508666992
sw06_Full,509,Protein,15.553106307983398
sw06_Full,510,Protein,15.952195167541504
sw06_Full,511,Protein,15.499750137329102
sw06_Full,512,Protein,16.008480072021484
sw06_Full,513,Protein,16.03508186340332
sw06_Full,514,Protein,15.507944107055664
sw06_Full,515,Protein,15.183419227600098
sw06_Full,516,Protein,16.242542266845703
sw06_Full,517,Protein,15.759838104248047
sw06_Full,518,Protein,15.472982406616211
sw06_Full,519,Protein,15.811558723449707
sw06_Full,520,Protein,15.701250076293945
sw06_Full,521,Protein,15.697999954223633
sw06_Full,522,Protein,15.746452331542969
sw06_Full,523,Protein,15.48559856414795
sw06_Full,524,Protein,15.78125286102295
sw06_Full,525,Protein,15.92085075378418
sw06_Full,526,Protein,16.263397216796875
sw06_Full,527,Protein,16.2735595703125
sw06_Full,528,Protein,16.428922653198242
sw06_Full,529,Protein,16.378433227539063
sw06_Full,530,Protein,16.60747718811035
sw06_Full,531,Protein,16.354585647583008
sw06_Full,532,Protein,17.26267433166504
sw06_Full,533,Protein,16.828208923339844
sw06_Full,534,Protein,17.18337059020996
sw06_Full,535,Protein,16.732877731323242
sw06_Full,536,Protein,16.488882064819336
sw06_Full,537,Protein,16.346084594726563
sw06_Full,538,Protein,16.34385871887207
sw06_Full,539,Protein,16.550247192382813
sw06_Full,540,Protein,16.137304306030273
sw06_Full,541,Protein,16.23859977722168
sw06_Full,542,Protein,16.686094284057617
sw06_Full,543,Protein,16.318199157714844
sw06_Full,544,Protein,16.47974967956543
sw06_Full,545,Protein,16.394763946533203
sw06_Full,546,Protein,15.52031421661377
sw06_Full,547,Protein,15.9334135055542
sw06_Full,548,Protein,15.601783752441406
sw06_Full,549,Protein,15.469653129577637
sw06_Full,550,Protein,15.242106437683105
sw06_Full,551,Protein,15.531904220581055
sw06_Full,552,Protein,15.07857894897461
sw06_Full,553,Protein,15.363581657409668
sw06_Full,554,Protein,15.146637916564941
sw06_Full,555,Protein,15.422987937927246
sw06_Full,556,Protein,15.32591438293457
sw06_Full,557,Protein,15.14515209197998
sw06_Full,558,Protein,15.113574981689453
sw06_Full,559,Protein,14.904419898986816
sw06_Full,560,Protein,15.103374481201172
sw06_Full,561,Protein,14.93344783782959
sw06_Full,562,Protein,15.34244155883789
sw06_Full,563,Protein,15.339540481567383
sw06_Full,564,Protein,15.634642601013184
sw06_Full,565,Protein,15.877203941345215
sw06_Full,566,Protein,16.20186996459961
sw06_Full,567,Protein,16.33701515197754
sw06_Full,568,Protein,16.334320068359375
sw06_Full,569,Protein,15.539172172546387
sw06_Full,570,Protein,15.775468826293945
sw06_Full,571,Protein,15.76384162902832
sw06_Full,572,Protein,16.348976135253906
sw06_Full,573,Protein,16.323299407958984
sw06_Full,574,Protein,15.79262638092041
sw06_Full,575,Protein,15.870972633361816
sw06_Full,576,Protein,15.928325653076172
sw06_Full,577,Protein,16.232250213623047
sw06_Full,578,Protein,16.300575256347656
sw06_Full,579,Protein,16.7396183013916
sw06_Full,580,Protein,16.724164962768555
sw06_Full,581,Protein,16.908428192138672
sw06_Full,582,Protein,16.40587615966797
sw06_Full,583,Protein,16.667890548706055
sw06_Full,584,Protein,16.277353286743164
sw06_Full,585,Protein,15.775686264038086
sw06_Full,586,Protein,15.727749824523926
sw06_Full,587,Protein,15.073990821838379
sw06_Full,588,Protein,15.95101547241211
sw06_Full,589,Protein,15.696503639221191
sw06_Full,590,Protein,16.055034637451172
sw06_Full,591,Protein,15.688509941101074
sw06_Full,592,Protein,15.725421905517578
sw06_Full,593,Protein,15.737750053405762
sw06_Full,594,Protein,15.604822158813477
sw06_Full,595,Protein,15.629060745239258
sw06_Full,596,Protein,15.693395614624023
sw06_Full,597,Protein,16.24890899658203
sw06_Full,598,Protein,15.98685073852539
sw06_Full,599,Protein,16.505216598510742
sw06_Full,600,Protein,16.659523010253906
sw06_Full,601,Protein,16.825321197509766
sw06_Full,602,Protein,16.38890838623047
sw06_Full,603,Protein,15.95953369140625
sw06_Full,604,Protein,15.404692649841309
sw06_Full,605,Protein,15.156153678894043
sw06_Full,606,Protein,15.451756477355957
sw06_Full,607,Protein,14.863121032714844
sw06_Full,608,Protein,15.13408374786377
sw06_Full,609,Protein,15.230474472045898
sw06_Full,610,Protein,15.525518417358398
sw06_Full,611,Protein,15.298145294189453
sw06_Full,612,Protein,15.038668632507324
sw06_Full,613,Protein,15.157776832580566
sw06_Full,614,Protein,15.616477966308594
sw06_Full,615,Protein,15.560914993286133
sw06_Full,616,Protein,15.365781784057617
sw06_Full,617,Protein,14.970958709716797
sw06_Full,618,Protein,15.169669151306152
sw06_Full,619,Protein,15.473200798034668
sw06_Full,620,Protein,15.402231216430664
sw06_Full,621,Protein,15.678717613220215
sw06_Full,622,Protein,16.087003707885742
sw06_Full,623,Protein,15.736893653869629
sw06_Full,624,Protein,16.032726287841797
sw06_Full,625,Protein,16.109188079833984
sw06_Full,626,Protein,16.06077003479004
sw06_Full,627,Protein,16.349380493164063
sw06_Full,628,Protein,16.25835609436035
sw06_Full,629,Protein,16.65448570251465
sw06_Full,630,Protein,17.02605438232422
sw06_Full,631,Protein,17.08412742614746
sw06_Full,632,Protein,17.30577278137207
sw06_Full,633,Protein,17.280672073364258
sw06_Full,634,Protein,16.9755859375
sw06_Full,635,Protein,16.618093490600586
sw06_Full,636,Protein,16.064388275146484
sw06_Full,637,Protein,15.708772659301758
sw06_Full,638,Protein,15.79411792755127
sw06_Full,639,Protein,15.811911582946777
sw06_Full,640,Protein,16.11997413635254
sw06_Full,641,Protein,15.904329299926758
sw06_Full,642,Protein,16.141572952270508
sw06_Full,643,Protein,16.535234451293945
sw06_Full,644,Protein,16.917692184448242
sw06_Full,645,Protein,17.027807235717773
sw06_Full,646,Protein,17.10234260559082
sw06_Full,647,Protein,17.77710723876953
sw06_Full,648,Protein,17.403730392456055
sw06_Full,649,Protein,17.2010440826416
sw06_Full,650,Protein,16.8075008392334
sw06_Full,651,Protein,16.858163833618164
sw06_Full,652,Protein,16.88841438293457
sw06_Full,653,Protein,16.89520835876465
sw06_Full,654,Protein,17.123491287231445
sw06_Full,655,Protein,17.4023494720459
sw06_Full,656,Protein,16.935571670532227
sw06_Full,657,Protein,17.214813232421875
sw06_Full,658,Protein,17.059673309326172
sw06_Full,659,Protein,16.939491271972656
sw06_Full,660,Protein,17.313791275024414
sw06_Full,661,Protein,17.50614356994629
sw06_Full,662,Protein,17.44146156311035
sw06_Full,663,Protein,16.928422927856445
sw06_Full,664,Protein,17.104772567749023
sw06_Full,665,Protein,17.103376388549805
sw06_Full,666,Protein,16.583803176879883
sw06_Full,667,Protein,16.729904174804688
sw06_Full,668,Protein,16.785146713256836
sw06_Full,669,Protein,17.064176559448242
sw06_Full,670,Protein,17.556961059570313
sw06_Full,671,Protein,17.007205963134766
sw06_Full,672,Protein,17.11840057373047
sw06_Full,673,Protein,16.8504581451416
sw06_Full,674,Protein,17.074161529541016
sw06_Full,675,Protein,17.36919593811035
sw06_Full,676,Protein,17.094816207885742
sw06_Full,677,Protein,18.10498046875
sw06_Full,678,Protein,17.926687240600586
sw06_Full,679,Protein,18.21364974975586
sw06_Full,680,Protein,18.005359649658203
sw06_Full,681,Protein,18.091093063354492
sw06_Full,682,Protein,18.549598693847656
sw06_Full,683,Protein,18.30916976928711
sw06_Full,684,Protein,18.107166290283203
sw06_Full,685,Protein,18.62746238708496
sw06_Full,686,Protein,18.24432373046875
sw06_Full,687,Protein,18.015098571777344
sw06_Full,688,Protein,18.221866607666016
sw06_Full,689,Protein,18.09716033935547
sw06_Full,690,Protein,17.88250160217285
sw06_Full,691,Protein,17.29970359802246
sw06_Full,692,Protein,17.85008430480957
sw06_Full,693,Protein,17.766952514648438
sw06_Full,694,Protein,17.917177200317383
sw06_Full,695,Protein,17.651039123535156
sw06_Full,696,Protein,17.687280654907227
sw06_Full,697,Protein,18.01205825805664
sw06_Full,698,Protein,17.982528686523438
sw06_Full,699,Protein,17.866744995117188
sw06_Full,700,Protein,17.944562911987305
sw06_Full,701,Protein,17.925678253173828
sw06_Full,702,Protein,17.73052978515625
sw06_Full,703,Protein,17.89577293395996
sw06_Full,704,Protein,17.6846866607666
sw06_Full,705,Protein,17.79159927368164
sw06_Full,706,Protein,17.747419357299805
sw06_Full,707,Protein,17.79894256591797
sw06_Full,708,Protein,17.124773025512695
sw06_Full,709,Protein,17.40085792541504
sw06_Full,710,Protein,17.215557098388672
sw06_Full,711,Protein,16.940031051635742
sw06_Full,712,Protein,16.63707733154297
sw06_Full,713,Protein,16.95023536682129
sw06_Full,714,Protein,16.9393253326416
sw06_Full,715,Protein,16.81687355041504
sw06_Full,716,Protein,16.816781997680664
sw06_Full,717,Protein,17.228673934936523
sw06_Full,718,Protein,17.1522159576416
sw06_Full,719,Protein,17.22405242919922
sw06_Full,720,Protein,17.22405242919922
sw06_Protein,1,Protein,1.9406318664550781
sw06_Protein,2,Protein,2.28497052192688
sw06_Protein,3,Protein,2.7026548385620117
sw06_Protein,4,Protein,3.7094058990478516
sw06_Protein,5,Protein,3.591984272003174
sw06_Protein,6,Protein,2.913769483566284
sw06_Protein,7,Protein,3.284013509750366
sw06_Protein,8,Protein,3.2243168354034424
sw06_Protein,9,Protein,3.500077962875366
sw06_Protein,10,Protein,3.500521421432495
sw06_Protein,11,Protein,3.575483798980713
sw06_Protein,12,Protein,3.9359095096588135
sw06_Protein,13,Protein,3.9368326663970947
sw06_Protein,14,Protein,4.557485580444336
sw06_Protein,15,Protein,4.307717800140381
sw06_Protein,16,Protein,4.616127967834473
sw06_Protein,17,Protein,4.577101230621338
sw06_Protein,18,Protein,5.707267761230469
sw06_Protein,19,Protein,5.756026744842529
sw06_Protein,20,Protein,5.907442092895508
sw06_Protein,21,Protein,6.500471115112305
sw06_Protein,22,Protein,6.375751495361328
sw06_Protein,23,Protein,6.73708438873291
sw06_Protein,24,Protein,6.1930389404296875
sw06_Protein,25,Protein,6.500804424285889
sw06_Protein,26,Protein,6.85867977142334
sw06_Protein,27,Protein,6.915298938751221
sw06_Protein,28,Protein,7.043463230133057
sw06_Protein,29,Protein,7.1036295890808105
sw06_Protein,30,Protein,6.882956027984619
sw06_Protein,31,Protein,7.094062328338623
sw06_Protein,32,Protein,7.017570972442627
sw06_Protein,33,Protein,6.913503170013428
sw06_Protein,34,Protein,6.349922180175781
sw06_Protein,35,Protein,6.403026103973389
sw06_Protein,36,Protein,6.411619663238525
sw06_Protein,37,Protein,6.56386661529541
sw06_Protein,38,Protein,6.190700054168701
sw06_Protein,39,Protein,6.0371994972229
sw06_Protein,40,Protein,5.741792678833008
sw06_Protein,41,Protein,5.516671180725098
sw06_Protein,42,Protein,5.9405107498168945
sw06_Protein,43,Protein,5.904945373535156
sw06_Protein,44,Protein,5.964033603668213
sw06_Protein,45,Protein,5.9717254638671875
sw06_Protein,46,Protein,5.743537425994873
sw06_Protein,47,Protein,5.980851650238037
sw06_Protein,48,Protein,5.734554767608643
sw06_Protein,49,Protein,5.4638671875
sw06_Protein,50,Protein,5.817814350128174
sw06_Protein,51,Protein,5.9544806480407715
sw06_Protein,52,Protein,6.156774044036865
sw06_Protein,53,Protein,6.269726753234863
sw06_Protein,54,Protein,6.464118957519531
sw06_Protein,55,Protein,6.369356632232666
sw06_Protein,56,Protein,6.137872219085693
sw06_Protein,57,Protein,6.035665512084961
sw06_Protein,58,Protein,5.64625883102417
sw06_Protein,59,Protein,6.147186756134033
sw06_Protein,60,Protein,6.263594150543213
sw06_Protein,61,Protein,6.157958984375
sw06_Protein,62,Protein,5.852707862854004
sw06_Protein,63,Protein,5.546563148498535
sw06_Protein,64,Protein,5.842047214508057
sw06_Protein,65,Protein,5.474554061889648
sw06_Protein,66,Protein,6.237085819244385
sw06_Protein,67,Protein,6.6232218742370605
sw06_Protein,68,Protein,6.483034610748291
sw06_Protein,69,Protein,6.654592037200928
sw06_Protein,70,Protein,6.528659820556641
sw06_Protein,71,Protein,6.571907043457031
sw06_Protein,72,Protein,6.39736795425415
sw06_Protein,73,Protein,6.529020309448242
sw06_Protein,74,Protein,6.84375524520874
sw06_Protein,75,Protein,6.976821422576904
sw06_Protein,76,Protein,6.693347454071045
sw06_Protein,77,Protein,6.711051940917969
sw06_Protein,78,Protein,6.295341491699219
sw06_Protein,79,Protein,6.433692932128906
sw06_Protein,80,Protein,6.46422815322876
sw06_Protein,81,Protein,6.700276851654053
sw06_Protein,82,Protein,6.877111434936523
sw06_Protein,83,Protein,7.355846881866455
sw06_Protein,84,Protein,6.919790744781494
sw06_Protein,85,Protein,7.537196636199951
sw06_Protein,86,Protein,7.464632511138916
sw06_Protein,87,Protein,7.095235824584961
sw06_Protein,88,Protein,7.131317138671875
sw06_Protein,89,Protein,7.213842868804932
sw06_Protein,90,Protein,7.433511734008789
sw06_Protein,91,Protein,7.423122406005859
sw06_Protein,92,Protein,7.819153308868408
sw06_Protein,93,Protein,7.928811550140381
sw06_Protein,94,Protein,7.561964511871338
sw06_Protein,95,Protein,6.768352508544922
sw06_Protein,96,Protein,7.059045314788818
sw06_Protein,97,Protein,7.7758588790893555
sw06_Protein,98,Protein,7.295263767242432
sw06_Protein,99,Protein,7.196894645690918
sw06_Protein,100,Protein,7.0490288734436035
sw06_Protein,101,Protein,7.1533403396606445
sw06_Protein,102,Protein,7.172844409942627
sw06_Protein,103,Protein,7.499273300170898
sw06_Protein,104,Protein,7.69548225402832
sw06_Protein,105,Protein,7.6808295249938965
sw06_Protein,106,Protein,7.413815021514893
sw06_Protein,107,Protein,7.5544939041137695
sw06_Protein,108,Protein,8.109992980957031
sw06_Protein,109,Protein,8.236433029174805
sw06_Protein,110,Protein,7.752972602844238
sw06_Protein,111,Protein,7.8043975830078125
sw06_Protein,112,Protein,7.767794132232666
sw06_Protein,113,Protein,8.1617431640625
sw06_Protein,114,Protein,8.598464965820313
sw06_Protein,115,Protein,8.487553596496582
sw06_Protein,116,Protein,8.473522186279297
sw06_Protein,117,Protein,8.372796058654785
sw06_Protein,118,Protein,7.841166973114014
sw06_Protein,119,Protein,8.303252220153809
sw06_Protein,120,Protein,8.77899169921875
sw06_Protein,121,Protein,8.889267921447754
sw06_Protein,122,Protein,9.809796333312988
sw06_Protein,123,Protein,9.56562328338623
sw06_Protein,124,Protein,10.277704238891602
sw06_Protein,125,Protein,10.635826110839844
sw06_Protein,126,Protein,10.319524765014648
sw06_Protein,127,Protein,10.23098373413086
sw06_Protein,128,Protein,9.967860221862793
sw06_Protein,129,Protein,9.308260917663574
sw06_Protein,130,Protein,9.376965522766113
sw06_Protein,131,Protein,9.490614891052246
sw06_Protein,132,Protein,9.288107872009277
sw06_Protein,133,Protein,9.343445777893066
sw06_Protein,134,Protein,8.968317985534668
sw06_Protein,135,Protein,8.770275115966797
sw06_Protein,136,Protein,9.07650375366211
sw06_Protein,137,Protein,8.948476791381836
sw06_Protein,138,Protein,8.731822967529297
sw06_Protein,139,Protein,8.34338092803955
sw06_Protein,140,Protein,8.24544906616211
sw06_Protein,141,Protein,7.867233753204346
sw06_Protein,142,Protein,8.387601852416992
sw06_Protein,143,Protein,8.004080772399902
sw06_Protein,144,Protein,7.89135217666626
sw06_Protein,145,Protein,7.866695404052734
sw06_Protein,146,Protein,8.129851341247559
sw06_Protein,147,Protein,7.744568347930908
sw06_Protein,148,Protein,7.818386077880859
sw06_Protein,149,Protein,7.877835750579834
sw06_Protein,150,Protein,7.625716686248779
sw06_Protein,151,Protein,7.711658477783203
sw06_Protein,152,Protein,8.036931991577148
sw06_Protein,153,Protein,7.465457439422607
sw06_Protein,154,Protein,7.186625003814697
sw06_Protein,155,Protein,7.374062538146973
sw06_Protein,156,Protein,7.1957244873046875
sw06_Protein,157,Protein,7.065643787384033
sw06_Protein,158,Protein,7.632412433624268
sw06_Protein,159,Protein,7.581653118133545
sw06_Protein,160,Protein,7.985434055328369
sw06_Protein,161,Protein,7.837714195251465
sw06_Protein,162,Protein,8.240704536437988
sw06_Protein,163,Protein,8.58870792388916
sw06_Protein,164,Protein,9.096506118774414
sw06_Protein,165,Protein,8.875829696655273
sw06_Protein,166,Protein,9.28431224822998
sw06_Protein,167,Protein,9.017133712768555
sw06_Protein,168,Protein,9.095802307128906
sw06_Protein,169,Protein,8.318309783935547
sw06_Protein,170,Protein,8.023064613342285
sw06_Protein,171,Protein,7.701938152313232
sw06_Protein,172,Protein,7.913625717163086
sw06_Protein,173,Protein,7.835348129272461
sw06_Protein,174,Protein,7.473631381988525
sw06_Protein,175,Protein,7.174704074859619
sw06_Protein,176,Protein,8.08500862121582
sw06_Protein,177,Protein,7.894300937652588
sw06_Protein,178,Protein,7.633059978485107
sw06_Protein,179,Protein,7.606302261352539
sw06_Protein,180,Protein,7.627325057983398
sw06_Protein,181,Protein,7.4961161613464355
sw06_Protein,182,Protein,7.848198890686035
sw06_Protein,183,Protein,7.762213230133057
sw06_Protein,184,Protein,7.496337413787842
sw06_Protein,185,Protein,7.836761951446533
sw06_Protein,186,Protein,7.493898391723633
sw06_Protein,187,Protein,7.934494495391846
sw06_Protein,188,Protein,7.9177327156066895
sw06_Protein,189,Protein,8.495200157165527
sw06_Protein,190,Protein,8.301676750183105
sw06_Protein,191,Protein,7.6368818283081055
sw06_Protein,192,Protein,7.562709331512451
sw06_Protein,193,Protein,7.4585676193237305
sw06_Protein,194,Protein,7.586302280426025
sw06_Protein,195,Protein,8.18805980682373
sw06_Protein,196,Protein,8.173356056213379
sw06_Protein,197,Protein,7.823366165161133
sw06_Protein,198,Protein,8.370355606079102
sw06_Protein,199,Protein,7.962600231170654
sw06_Protein,200,Protein,7.416047096252441
sw06_Protein,201,Protein,7.852126121520996
sw06_Protein,202,Protein,7.808536529541016
sw06_Protein,203,Protein,7.896424293518066
sw06_Protein,204,Protein,7.715948581695557
sw06_Protein,205,Protein,7.975695610046387
sw06_Protein,206,Protein,7.764288425445557
sw06_Protein,207,Protein,7.842376232147217
sw06_Protein,208,Protein,7.943609714508057
sw06_Protein,209,Protein,8.075257301330566
sw06_Protein,210,Protein,8.440101623535156
sw06_Protein,211,Protein,8.16860294342041
sw06_Protein,212,Protein,8.701961517333984
sw06_Protein,213,Protein,8.87216567993164
sw06_Protein,214,Protein,8.484254837036133
sw06_Protein,215,Protein,8.911481857299805
sw06_Protein,216,Protein,8.580236434936523
sw06_Protein,217,Protein,8.618371963500977
sw06_Protein,218,Protein,9.015196800231934
sw06_Protein,219,Protein,9.010577201843262
sw06_Protein,220,Protein,8.934629440307617
sw06_Protein,221,Protein,8.048874855041504
sw06_Protein,222,Protein,8.3553466796875
sw06_Protein,223,Protein,8.603073120117188
sw06_Protein,224,Protein,8.255242347717285
sw06_Protein,225,Protein,8.221306800842285
sw06_Protein,226,Protein,8.230426788330078
sw06_Protein,227,Protein,7.688704967498779
sw06_Protein,228,Protein,7.7722673416137695
sw06_Protein,229,Protein,7.6026716232299805
sw06_Protein,230,Protein,7.924868106842041
sw06_Protein,231,Protein,8.345841407775879
sw06_Protein,232,Protein,7.669848918914795
sw06_Protein,233,Protein,7.8221540451049805
sw06_Protein,234,Protein,8.040152549743652
sw06_Protein,235,Protein,7.9272356033325195
sw06_Protein,236,Protein,7.450401782989502
sw06_Protein,237,Protein,7.690075397491455
sw06_Protein,238,Protein,7.8957438468933105
sw06_Protein,239,Protein,8.119787216186523
sw06_Protein,240,Protein,7.719336986541748
sw06_Protein,241,Protein,7.344982147216797
sw06_Protein,242,Protein,7.291565895080566
sw06_Protein,243,Protein,7.434017658233643
sw06_Protein,244,Protein,7.490993976593018
sw06_Protein,245,Protein,8.16308307647705
sw06_Protein,246,Protein,8.338417053222656
sw06_Protein,247,Protein,8.221044540405273
sw06_Protein,248,Protein,8.503569602966309
sw06_Protein,249,Protein,8.345924377441406
sw06_Protein,250,Protein,8.174788475036621
sw06_Protein,251,Protein,9.015680313110352
sw06_Protein,252,Protein,9.122053146362305
sw06_Protein,253,Protein,9.157362937927246
sw06_Protein,254,Protein,8.746761322021484
sw06_Protein,255,Protein,8.628993034362793
sw06_Protein,256,Protein,9.396059036254883
sw06_Protein,257,Protein,9.422245025634766
sw06_Protein,258,Protein,9.319662094116211
sw06_Protein,259,Protein,9.039022445678711
sw06_Protein,260,Protein,8.635910034179688
sw06_Protein,261,Protein,8.758133888244629
sw06_Protein,262,Protein,9.529502868652344
sw06_Protein,263,Protein,8.93333911895752
sw06_Protein,264,Protein,9.801773071289063
sw06_Protein,265,Protein,9.844635009765625
sw06_Protein,266,Protein,9.879150390625
sw06_Protein,267,Protein,9.911126136779785
sw06_Protein,268,Protein,10.107030868530273
sw06_Protein,269,Protein,10.382739067077637
sw06_Protein,270,Protein,10.099808692932129
sw06_Protein,271,Protein,10.516480445861816
sw06_Protein,272,Protein,10.48617935180664
sw06_Protein,273,Protein,10.282370567321777
sw06_Protein,274,Protein,10.037430763244629
sw06_Protein,275,Protein,10.447805404663086
sw06_Protein,276,Protein,10.638875961303711
sw06_Protein,277,Protein,10.974803924560547
sw06_Protein,278,Protein,11.64688777923584
sw06_Protein,279,Protein,11.593683242797852
sw06_Protein,280,Protein,12.47939682006836
sw06_Protein,281,Protein,12.535338401794434
sw06_Protein,282,Protein,12.833956718444824
sw06_Protein,283,Protein,13.034332275390625
sw06_Protein,284,Protein,13.067843437194824
sw06_Protein,285,Protein,12.124690055847168
sw06_Protein,286,Protein,12.538718223571777
sw06_Protein,287,Protein,11.541672706604004
sw06_Protein,288,Protein,11.796295166015625
sw06_Protein,289,Protein,11.464885711669922
sw06_Protein,290,Protein,11.52912425994873
sw06_Protein,291,Protein,11.628847122192383
sw06_Protein,292,Protein,11.25154972076416
sw06_Protein,293,Protein,11.326692581176758
sw06_Protein,294,Protein,11.399776458740234
sw06_Protein,295,Protein,11.626387596130371
sw06_Protein,296,Protein,12.080345153808594
sw06_Protein,297,Protein,11.228883743286133
sw06_Protein,298,Protein,11.633941650390625
sw06_Protein,299,Protein,11.374226570129395
sw06_Protein,300,Protein,10.736486434936523
sw06_Protein,301,Protein,10.393847465515137
sw06_Protein,302,Protein,10.075039863586426
sw06_Protein,303,Protein,10.296972274780273
sw06_Protein,304,Protein,10.86026382446289
sw06_Protein,305,Protein,11.47811222076416
sw06_Protein,306,Protein,11.112220764160156
sw06_Protein,307,Protein,12.325287818908691
sw06_Protein,308,Protein,12.310232162475586
sw06_Protein,309,Protein,12.965130805969238
sw06_Protein,310,Protein,12.587945938110352
sw06_Protein,311,Protein,13.03998851776123
sw06_Protein,312,Protein,13.14473819732666
sw06_Protein,313,Protein,12.789335250854492
sw06_Protein,314,Protein,12.677125930786133
sw06_Protein,315,Protein,12.705673217773438
sw06_Protein,316,Protein,12.670778274536133
sw06_Protein,317,Protein,12.636495590209961
sw06_Protein,318,Protein,12.778786659240723
sw06_Protein,319,Protein,11.747649192810059
sw06_Protein,320,Protein,11.860761642456055
sw06_Protein,321,Protein,12.318482398986816
sw06_Protein,322,Protein,12.025732040405273
sw06_Protein,323,Protein,12.153265953063965
sw06_Protein,324,Protein,12.292248725891113
sw06_Protein,325,Protein,11.938780784606934
sw06_Protein,326,Protein,11.825952529907227
sw06_Protein,327,Protein,12.06468391418457
sw06_Protein,328,Protein,11.306602478027344
sw06_Protein,329,Protein,11.72567081451416
sw06_Protein,330,Protein,11.448488235473633
sw06_Protein,331,Protein,11.735315322875977
sw06_Protein,332,Protein,11.277345657348633
sw06_Protein,333,Protein,11.33830738067627
sw06_Protein,334,Protein,11.38391399383545
sw06_Protein,335,Protein,11.586101531982422
sw06_Protein,336,Protein,11.51828384399414
sw06_Protein,337,Protein,11.234527587890625
sw06_Protein,338,Protein,10.956781387329102
sw06_Protein,339,Protein,11.031813621520996
sw06_Protein,340,Protein,10.76265811920166
sw06_Protein,341,Protein,10.551959037780762
sw06_Protein,342,Protein,10.770903587341309
sw06_Protein,343,Protein,11.20436954498291
sw06_Protein,344,Protein,10.99648380279541
sw06_Protein,345,Protein,11.38007640838623
sw06_Protein,346,Protein,11.380268096923828
sw06_Protein,347,Protein,11.809871673583984
sw06_Protein,348,Protein,11.587111473083496
sw06_Protein,349,Protein,10.916829109191895
sw06_Protein,350,Protein,10.491339683532715
sw06_Protein,351,Protein,10.423937797546387
sw06_Protein,352,Protein,10.475747108459473
sw06_Protein,353,Protein,10.733413696289063
sw06_Protein,354,Protein,11.007198333740234
sw06_Protein,355,Protein,11.53901195526123
sw06_Protein,356,Protein,10.851129531860352
sw06_Protein,357,Protein,10.517098426818848
sw06_Protein,358,Protein,10.730685234069824
sw06_Protein,359,Protein,10.624411582946777
sw06_Protein,360,Protein,10.627341270446777
sw06_Protein,361,Protein,10.810038566589355
sw06_Protein,362,Protein,10.334548950195313
sw06_Protein,363,Protein,10.003643989562988
sw06_Protein,364,Protein,9.706594467163086
sw06_Protein,365,Protein,9.726086616516113
sw06_Protein,366,Protein,9.440265655517578
sw06_Protein,367,Protein,9.706396102905273
sw06_Protein,368,Protein,9.90264892578125
sw06_Protein,369,Protein,10.243514060974121
sw06_Protein,370,Protein,10.05885124206543
sw06_Protein,371,Protein,10.012882232666016
sw06_Protein,372,Protein,10.147891998291016
sw06_Protein,373,Protein,10.355857849121094
sw06_Protein,374,Protein,10.196215629577637
sw06_Protein,375,Protein,9.916935920715332
sw06_Protein,376,Protein,10.594913482666016
sw06_Protein,377,Protein,9.835561752319336
sw06_Protein,378,Protein,10.915567398071289
sw06_Protein,379,Protein,10.223089218139648
sw06_Protein,380,Protein,10.323735237121582
sw06_Protein,381,Protein,10.22516918182373
sw06_Protein,382,Protein,10.604938507080078
sw06_Protein,383,Protein,10.333189010620117
sw06_Protein,384,Protein,10.645881652832031
sw06_Protein,385,Protein,11.206924438476563
sw06_Protein,386,Protein,11.381401062011719
sw06_Protein,387,Protein,10.869161605834961
sw06_Protein,388,Protein,11.232975006103516
sw06_Protein,389,Protein,11.054859161376953
sw06_Protein,390,Protein,11.350232124328613
sw06_Protein,391,Protein,11.111047744750977
sw06_Protein,392,Protein,10.834168434143066
sw06_Protein,393,Protein,10.8517484664917
sw06_Protein,394,Protein,11.365375518798828
sw06_Protein,395,Protein,11.058005332946777
sw06_Protein,396,Protein,10.718430519104004
sw06_Protein,397,Protein,10.696198463439941
sw06_Protein,398,Protein,11.412872314453125
sw06_Protein,399,Protein,11.768839836120605
sw06_Protein,400,Protein,12.19006633758545
sw06_Protein,401,Protein,11.895869255065918
sw06_Protein,402,Protein,11.521955490112305
sw06_Protein,403,Protein,11.464800834655762
sw06_Protein,404,Protein,11.245485305786133
sw06_Protein,405,Protein,11.410959243774414
sw06_Protein,406,Protein,11.527441024780273
sw06_Protein,407,Protein,11.081535339355469
sw06_Protein,408,Protein,11.235496520996094
sw06_Protein,409,Protein,11.369684219360352
sw06_Protein,410,Protein,11.865239143371582
sw06_Protein,411,Protein,11.523953437805176
sw06_Protein,412,Protein,11.71766185760498
sw06_Protein,413,Protein,11.484171867370605
sw06_Protein,414,Protein,11.281524658203125
sw06_Protein,415,Protein,10.964348793029785
sw06_Protein,416,Protein,10.714930534362793
sw06_Protein,417,Protein,10.376679420471191
sw06_Protein,418,Protein,10.30722713470459
sw06_Protein,419,Protein,10.440766334533691
sw06_Protein,420,Protein,10.73778247833252
sw06_Protein,421,Protein,10.864947319030762
sw06_Protein,422,Protein,11.354972839355469
sw06_Protein,423,Protein,12.095929145812988
sw06_Protein,424,Protein,11.500239372253418
sw06_Protein,425,Protein,11.315966606140137
sw06_Protein,426,Protein,11.813867568969727
sw06_Protein,427,Protein,11.940805435180664
sw06_Protein,428,Protein,11.471824645996094
sw06_Protein,429,Protein,11.016509056091309
sw06_Protein,430,Protein,10.615975379943848
sw06_Protein,431,Protein,11.531547546386719
sw06_Protein,432,Protein,11.330584526062012
sw06_Protein,433,Protein,11.106721878051758
sw06_Protein,434,Protein,11.389545440673828
sw06_Protein,435,Protein,11.130311965942383
sw06_Protein,436,Protein,10.700380325317383
sw06_Protein,437,Protein,10.369722366333008
sw06_Protein,438,Protein,10.108860969543457
sw06_Protein,439,Protein,10.380230903625488
sw06_Protein,440,Protein,10.004741668701172
sw06_Protein,441,Protein,10.15217399597168
sw06_Protein,442,Protein,9.899957656860352
sw06_Protein,443,Protein,9.682235717773438
sw06_Protein,444,Protein,9.402810096740723
sw06_Protein,445,Protein,9.683720588684082
sw06_Protein,446,Protein,9.413413047790527
sw06_Protein,447,Protein,9.188968658447266
sw06_Protein,448,Protein,8.870261192321777
sw06_Protein,449,Protein,9.792753219604492
sw06_Protein,450,Protein,9.947940826416016
sw06_Protein,451,Protein,10.279759407043457
sw06_Protein,452,Protein,9.650734901428223
sw06_Protein,453,Protein,9.591241836547852
sw06_Protein,454,Protein,9.213423728942871
sw06_Protein,455,Protein,9.565622329711914
sw06_Protein,456,Protein,9.459851264953613
sw06_Protein,457,Protein,9.679522514343262
sw06_Protein,458,Protein,9.570210456848145
sw06_Protein,459,Protein,9.260269165039063
sw06_Protein,460,Protein,9.371174812316895
sw06_Protein,461,Protein,9.853428840637207
sw06_Protein,462,Protein,10.209283828735352
sw06_Protein,463,Protein,10.502642631530762
sw06_Protein,464,Protein,10.591282844543457
sw06_Protein,465,Protein,10.299487113952637
sw06_Protein,466,Protein,10.23221492767334
sw06_Protein,467,Protein,10.29984188079834
sw06_Protein,468,Protein,10.3457612991333
sw06_Protein,469,Protein,10.378028869628906
sw06_Protein,470,Protein,10.145421981811523
sw06_Protein,471,Protein,9.862504959106445
sw06_Protein,472,Protein,9.946494102478027
sw06_Protein,473,Protein,10.31607723236084
sw06_Protein,474,Protein,10.732369422912598
sw06_Protein,475,Protein,10.475929260253906
sw06_Protein,476,Protein,10.167301177978516
sw06_Protein,477,Protein,9.8705472946167
sw06_Protein,478,Protein,10.160643577575684
sw06_Protein,479,Protein,10.714776039123535
sw06_Protein,480,Protein,10.345625877380371
sw06_Protein,481,Protein,10.13388729095459
sw06_Protein,482,Protein,10.01170539855957
sw06_Protein,483,Protein,10.235187530517578
sw06_Protein,484,Protein,10.561562538146973
sw06_Protein,485,Protein,10.771120071411133
sw06_Protein,486,Protein,11.404664993286133
sw06_Protein,487,Protein,11.528011322021484
sw06_Protein,488,Protein,11.211125373840332
sw06_Protein,489,Protein,11.274566650390625
sw06_Protein,490,Protein,10.406311988830566
sw06_Protein,491,Protein,9.646899223327637
sw06_Protein,492,Protein,9.692176818847656
sw06_Protein,493,Protein,10.456299781799316
sw06_Protein,494,Protein,10.436928749084473
sw06_Protein,495,Protein,10.394189834594727
sw06_Protein,496,Protein,10.668136596679688
sw06_Protein,497,Protein,10.687052726745605
sw06_Protein,498,Protein,10.725298881530762
sw06_Protein,499,Protein,11.642840385437012
sw06_Protein,500,Protein,11.294913291931152
sw06_Protein,501,Protein,11.830920219421387
sw06_Protein,502,Protein,12.083413124084473
sw06_Protein,503,Protein,11.869394302368164
sw06_Protein,504,Protein,12.56431770324707
sw06_Protein,505,Protein,12.516783714294434
sw06_Protein,506,Protein,12.920775413513184
sw06_Protein,507,Protein,13.783970832824707
sw06_Protein,508,Protein,13.935585975646973
sw06_Protein,509,Protein,13.492456436157227
sw06_Protein,510,Protein,12.966935157775879
sw06_Protein,511,Protein,12.847965240478516
sw06_Protein,512,Protein,12.330032348632813
sw06_Protein,513,Protein,12.922577857971191
sw06_Protein,514,Protein,12.625856399536133
sw06_Protein,515,Protein,12.225868225097656
sw06_Protein,516,Protein,12.561111450195313
sw06_Protein,517,Protein,11.673792839050293
sw06_Protein,518,Protein,11.830037117004395
sw06_Protein,519,Protein,11.796385765075684
sw06_Protein,520,Protein,12.31907844543457
sw06_Protein,521,Protein,12.591279983520508
sw06_Protein,522,Protein,12.080473899841309
sw06_Protein,523,Protein,12.422892570495605
sw06_Protein,524,Protein,12.79770565032959
sw06_Protein,525,Protein,12.35179328918457
sw06_Protein,526,Protein,12.44860553741455
sw06_Protein,527,Protein,11.814139366149902
sw06_Protein,528,Protein,11.876782417297363
sw06_Protein,529,Protein,11.914713859558105
sw06_Protein,530,Protein,11.5947904586792
sw06_Protein,531,Protein,11.887480735778809
sw06_Protein,532,Protein,12.013540267944336
sw06_Protein,533,Protein,12.474418640136719
sw06_Protein,534,Protein,12.490748405456543
sw06_Protein,535,Protein,12.994244575500488
sw06_Protein,536,Protein,13.467732429504395
sw06_Protein,537,Protein,13.979485511779785
sw06_Protein,538,Protein,13.881248474121094
sw06_Protein,539,Protein,13.902902603149414
sw06_Protein,540,Protein,13.53868293762207
sw06_Protein,541,Protein,13.072527885437012
sw06_Protein,542,Protein,13.128129005432129
sw06_Protein,543,Protein,13.712613105773926
sw06_Protein,544,Protein,13.577037811279297
sw06_Protein,545,Protein,13.610631942749023
sw06_Protein,546,Protein,13.522540092468262
sw06_Protein,547,Protein,13.27304458618164
sw06_Protein,548,Protein,13.31430435180664
sw06_Protein,549,Protein,13.193025588989258
sw06_Protein,550,Protein,13.077505111694336
sw06_Protein,551,Protein,12.71605110168457
sw06_Protein,552,Protein,12.579537391662598
sw06_Protein,553,Protein,12.721470832824707
sw06_Protein,554,Protein,12.881514549255371
sw06_Protein,555,Protein,12.907793045043945
sw06_Protein,556,Protein,13.387853622436523
sw06_Protein,557,Protein,13.839513778686523
sw06_Protein,558,Protein,13.972311019897461
sw06_Protein,559,Protein,14.3910551071167
sw06_Protein,560,Protein,14.121301651000977
sw06_Protein,561,Protein,14.901839256286621
sw06_Protein,562,Protein,14.544739723205566
sw06_Protein,563,Protein,14.340963363647461
sw06_Protein,564,Protein,14.178093910217285
sw06_Protein,565,Protein,14.754117965698242
sw06_Protein,566,Protein,14.479799270629883
sw06_Protein,567,Protein,14.256509780883789
sw06_Protein,568,Protein,14.262983322143555
sw06_Protein,569,Protein,13.81147575378418
sw06_Protein,570,Protein,14.316666603088379
sw06_Protein,571,Protein,13.915281295776367
sw06_Protein,572,Protein,14.040180206298828
sw06_Protein,573,Protein,13.91670036315918
sw06_Protein,574,Protein,14.56701946258545
sw06_Protein,575,Protein,14.816452980041504
sw06_Protein,576,Protein,14.555167198181152
sw06_Protein,577,Protein,14.401838302612305
sw06_Protein,578,Protein,14.33309268951416
sw06_Protein,579,Protein,14.308538436889648
sw06_Protein,580,Protein,14.35920238494873
sw06_Protein,581,Protein,14.368227005004883
sw06_Protein,582,Protein,14.079532623291016
sw06_Protein,583,Protein,13.631295204162598
sw06_Protein,584,Protein,13.338346481323242
sw06_Protein,585,Protein,13.662796020507813
sw06_Protein,586,Protein,14.013182640075684
sw06_Protein,587,Protein,13.755495071411133
sw06_Protein,588,Protein,14.059530258178711
sw06_Protein,589,Protein,13.644530296325684
sw06_Protein,590,Protein,13.291094779968262
sw06_Protein,591,Protein,13.627917289733887
sw06_Protein,592,Protein,13.20041275024414
sw06_Protein,593,Protein,12.827960014343262
sw06_Protein,594,Protein,12.602587699890137
sw06_Protein,595,Protein,12.164972305297852
sw06_Protein,596,Protein,12.555630683898926
sw06_Protein,597,Protein,11.903031349182129
sw06_Protein,598,Protein,11.827871322631836
sw06_Protein,599,Protein,11.672235488891602
sw06_Protein,600,Protein,11.881052017211914
sw06_Protein,601,Protein,11.804073333740234
sw06_Protein,602,Protein,12.302550315856934
sw06_Protein,603,Protein,11.635401725769043
sw06_Protein,604,Protein,11.776163101196289
sw06_Protein,605,Protein,12.18513298034668
sw06_Protein,606,Protein,11.432759284973145
sw06_Protein,607,Protein,11.697687149047852
sw06_Protein,608,Protein,11.602628707885742
sw06_Protein,609,Protein,11.722371101379395
sw06_Protein,610,Protein,11.679587364196777
sw06_Protein,611,Protein,11.43243408203125
sw06_Protein,612,Protein,11.373608589172363
sw06_Protein,613,Protein,12.334047317504883
sw06_Protein,614,Protein,12.696328163146973
sw06_Protein,615,Protein,12.867557525634766
sw06_Protein,616,Protein,12.54343032836914
sw06_Protein,617,Protein,12.161982536315918
sw06_Protein,618,Protein,12.093002319335938
sw06_Protein,619,Protein,11.991591453552246
sw06_Protein,620,Protein,12.142269134521484
sw06_Protein,621,Protein,11.391796112060547
sw06_Protein,622,Protein,10.851204872131348
sw06_Protein,623,Protein,10.639046669006348
sw06_Protein,624,Protein,10.623309135437012
sw06_Protein,625,Protein,11.119590759277344
sw06_Protein,626,Protein,11.66992473602295
sw06_Protein,627,Protein,11.778797149658203
sw06_Protein,628,Protein,11.796442031860352
sw06_Protein,629,Protein,11.915724754333496
sw06_Protein,630,Protein,11.840298652648926
sw06_Protein,631,Protein,11.78629207611084
sw06_Protein,632,Protein,11.434751510620117
sw06_Protein,633,Protein,12.032011985778809
sw06_Protein,634,Protein,11.959117889404297
sw06_Protein,635,Protein,12.074323654174805
sw06_Protein,636,Protein,11.96010971069336
sw06_Protein,637,Protein,11.423436164855957
sw06_Protein,638,Protein,11.646622657775879
sw06_Protein,639,Protein,11.469830513000488
sw06_Protein,640,Protein,11.760772705078125
sw06_Protein,641,Protein,12.253986358642578
sw06_Protein,642,Protein,12.85120964050293
sw06_Protein,643,Protein,13.100719451904297
sw06_Protein,644,Protein,13.219942092895508
sw06_Protein,645,Protein,13.333184242248535
sw06_Protein,646,Protein,13.136113166809082
sw06_Protein,647,Protein,12.898367881774902
sw06_Protein,648,Protein,12.551021575927734
sw06_Protein,649,Protein,12.725554466247559
sw06_Protein,650,Protein,12.769877433776855
sw06_Protein,651,Protein,12.366079330444336
sw06_Protein,652,Protein,12.225296020507813
sw06_Protein,653,Protein,12.218734741210938
sw06_Protein,654,Protein,12.388853073120117
sw06_Protein,655,Protein,12.351096153259277
sw06_Protein,656,Protein,12.677827835083008
sw06_Protein,657,Protein,12.448938369750977
sw06_Protein,658,Protein,13.085787773132324
sw06_Protein,659,Protein,13.399701118469238
sw06_Protein,660,Protein,13.464603424072266
sw06_Protein,661,Protein,12.598043441772461
sw06_Protein,662,Protein,12.737626075744629
sw06_Protein,663,Protein,12.658702850341797
sw06_Protein,664,Protein,12.619584083557129
sw06_Protein,665,Protein,12.175541877746582
sw06_Protein,666,Protein,12.433326721191406
sw06_Protein,667,Protein,12.018770217895508
sw06_Protein,668,Protein,12.036662101745605
sw06_Protein,669,Protein,12.363682746887207
sw06_Protein,670,Protein,12.164944648742676
sw06_Protein,671,Protein,12.182890892028809
sw06_Protein,672,Protein,12.140817642211914
sw06_Protein,673,Protein,12.563116073608398
sw06_Protein,674,Protein,12.2092924118042
sw06_Protein,675,Protein,12.39309024810791
sw06_Protein,676,Protein,12.300636291503906
sw06_Protein,677,Protein,11.845840454101563
sw06_Protein,678,Protein,11.770195960998535
sw06_Protein,679,Protein,11.80579662322998
sw06_Protein,680,Protein,11.93717098236084
sw06_Protein,681,Protein,12.597896575927734
sw06_Protein,682,Protein,12.601341247558594
sw06_Protein,683,Protein,12.272964477539063
sw06_Protein,684,Protein,12.199831008911133
sw06_Protein,685,Protein,12.31348705291748
sw06_Protein,686,Protein,12.361064910888672
sw06_Protein,687,Protein,12.786996841430664
sw06_Protein,688,Protein,13.02407169342041
sw06_Protein,689,Protein,13.055780410766602
sw06_Protein,690,Protein,12.836400032043457
sw06_Protein,691,Protein,12.148448944091797
sw06_Protein,692,Protein,12.449172973632813
sw06_Protein,693,Protein,12.901542663574219
sw06_Protein,694,Protein,12.529128074645996
sw06_Protein,695,Protein,12.605608940124512
sw06_Protein,696,Protein,13.163969993591309
sw06_Protein,697,Protein,12.977231979370117
sw06_Protein,698,Protein,13.28626537322998
sw06_Protein,699,Protein,13.013816833496094
sw06_Protein,700,Protein,13.734138488769531
sw06_Protein,701,Protein,13.059638023376465
sw06_Protein,702,Protein,12.856561660766602
sw06_Protein,703,Protein,12.768044471740723
sw06_Protein,704,Protein,12.888494491577148
sw06_Protein,705,Protein,12.453761100769043
sw06_Protein,706,Protein,12.399876594543457
sw06_Protein,707,Protein,12.002786636352539
sw06_Protein,708,Protein,12.269401550292969
sw06_Protein,709,Protein,12.082048416137695
sw06_Protein,710,Protein,11.275270462036133
sw06_Protein,711,Protein,11.620382308959961
sw06_Protein,712,Protein,11.791893005371094
sw06_Protein,713,Protein,12.260146141052246
sw06_Protein,714,Protein,11.6614990234375
sw06_Protein,715,Protein,11.337836265563965
sw06_Protein,716,Protein,11.337836265563965
