"RESID","SYSTEM","RMSF"
1,"RMSF",3.44339069724083
2,"RMSF",3.28474831581116
3,"RMSF",3.49727889895439
4,"RMSF",3.22271153330803
5,"RMSF",2.68255180120468
6,"RMSF",2.86575591564178
7,"RMSF",3.16532820463181
8,"RMSF",2.7312715947628
9,"RMSF",2.42077888548374
10,"RMSF",3.03825820982456
11,"RMSF",3.28188656270504
12,"RMSF",2.85719965398312
13,"RMSF",2.91834045946598
14,"RMSF",3.70517970621586
15,"RMSF",3.75973065197468
16,"RMSF",3.46007242798805
17,"RMSF",3.96561382710934
18,"RMSF",4.58630447089672
19,"RMSF",4.61297078430653
20,"RMSF",4.70976594090462
21,"RMSF",5.34954136610031
22,"RMSF",5.07847997546196
23,"RMSF",5.30740424990654
24,"RMSF",4.79376941919327
25,"RMSF",5.57934656739235
26,"RMSF",5.78944045305252
27,"RMSF",5.02426135540009
28,"RMSF",5.271385461092
29,"RMSF",5.08365049958229
30,"RMSF",4.75992256402969
31,"RMSF",5.25503498315811
32,"RMSF",5.25426557660103
33,"RMSF",5.46509137749672
34,"RMSF",5.66652572154999
35,"RMSF",6.52504521608353
36,"RMSF",7.24515324831009
37,"RMSF",7.91056194901466
38,"RMSF",9.53007632493973
39,"RMSF",10.3142873644829
40,"RMSF",11.1302759349346
41,"RMSF",11.051407545805
42,"RMSF",10.9552161693573
43,"RMSF",10.6974880099297
44,"RMSF",10.9504653811455
45,"RMSF",10.2595592141151
46,"RMSF",10.3888958692551
47,"RMSF",9.86638653278351
48,"RMSF",9.5108802318573
49,"RMSF",9.02211856842041
50,"RMSF",9.10141038894653
51,"RMSF",9.15280306339264
52,"RMSF",10.4392932653427
53,"RMSF",10.960245847702
54,"RMSF",11.3943122625351
55,"RMSF",11.4429221749306
56,"RMSF",12.5686014294624
57,"RMSF",12.9247604012489
58,"RMSF",13.9078009128571
59,"RMSF",13.5196713209152
60,"RMSF",13.9622808098793
61,"RMSF",14.4099683761597
62,"RMSF",14.0513526201248
63,"RMSF",13.9992691278458
64,"RMSF",13.4797154068947
65,"RMSF",13.0170100927353
66,"RMSF",12.5681527256966
67,"RMSF",11.44136095047
68,"RMSF",10.5597860217094
69,"RMSF",10.1284884214401
70,"RMSF",9.59923100471497
71,"RMSF",8.93498212099075
72,"RMSF",8.30189955234528
73,"RMSF",7.66430687904358
74,"RMSF",6.61111170053482
75,"RMSF",6.33345088362694
76,"RMSF",5.67109230160713
77,"RMSF",5.46824866533279
78,"RMSF",5.20796060562134
79,"RMSF",4.59126111865044
80,"RMSF",4.0366036593914
81,"RMSF",3.85565704107285
82,"RMSF",3.94542786478996
83,"RMSF",3.5718837082386
84,"RMSF",4.04820767045021
85,"RMSF",4.16704738140106
86,"RMSF",3.48889237642288
87,"RMSF",3.33337835967541
88,"RMSF",3.96140064299107
89,"RMSF",3.83933824300766
90,"RMSF",3.12880182266235
91,"RMSF",3.451823964715
92,"RMSF",4.02784261107445
93,"RMSF",3.64420585334301
94,"RMSF",3.08659768104553
95,"RMSF",3.70362544059753
96,"RMSF",4.00547611713409
97,"RMSF",3.32344217598438
98,"RMSF",3.22705382108688
99,"RMSF",3.9742668569088
100,"RMSF",3.95490169525146
101,"RMSF",3.31772145628929
102,"RMSF",3.32194167375565
103,"RMSF",3.49774131178856
104,"RMSF",3.0579586327076
105,"RMSF",2.59377007186413
106,"RMSF",3.04027408361435
107,"RMSF",3.08202600479126
108,"RMSF",2.5839002430439
109,"RMSF",2.71660867333412
110,"RMSF",3.26081725955009
111,"RMSF",3.18672424554825
112,"RMSF",3.00732615590096
113,"RMSF",3.55193337798119
114,"RMSF",3.69217720627785
115,"RMSF",4.39168283343315
116,"RMSF",4.8245701789856
117,"RMSF",4.94713580608368
118,"RMSF",4.07707968354225
119,"RMSF",3.99643236398697
120,"RMSF",3.44218915700912
121,"RMSF",3.7244388461113
122,"RMSF",3.44321411848068
123,"RMSF",2.72513526678085
124,"RMSF",2.86613370478153
125,"RMSF",3.17759115993977
126,"RMSF",2.59892337024212
127,"RMSF",2.30085492134094
128,"RMSF",2.98288111388683
129,"RMSF",3.07027581334114
130,"RMSF",2.76954720914364
131,"RMSF",3.23457680642605
132,"RMSF",4.17949140071869
133,"RMSF",4.72431081533432
134,"RMSF",4.31881278753281
135,"RMSF",3.70476904511452
136,"RMSF",3.85786062479019
137,"RMSF",3.56489288806915
138,"RMSF",3.44565816223621
139,"RMSF",2.93445938825607
140,"RMSF",2.5147817581892
141,"RMSF",2.5612848252058
142,"RMSF",2.3799499720335
143,"RMSF",1.85534828901291
144,"RMSF",1.86307021975517
145,"RMSF",2.18862587213516
146,"RMSF",1.92442081868649
147,"RMSF",1.88066591322422
148,"RMSF",2.3635850250721
149,"RMSF",2.55933350324631
150,"RMSF",2.52181380987167
151,"RMSF",2.94952228665352
152,"RMSF",3.41394855082035
153,"RMSF",3.50153970718384
154,"RMSF",3.76481878757477
155,"RMSF",4.36564433574677
156,"RMSF",4.63749998807907
157,"RMSF",4.80939835309982
158,"RMSF",5.20196151733398
159,"RMSF",4.75385797023773
160,"RMSF",5.01933997869492
161,"RMSF",4.92994743585587
162,"RMSF",4.01351737976074
163,"RMSF",3.69804885983467
164,"RMSF",3.88567188382149
165,"RMSF",3.57936459779739
166,"RMSF",2.79048998653889
167,"RMSF",2.74677404761314
168,"RMSF",3.03998857736588
169,"RMSF",2.6533187776804
170,"RMSF",2.06797656416893
171,"RMSF",2.40294480323792
172,"RMSF",2.7995277941227
173,"RMSF",2.48445700109005
174,"RMSF",2.34723652899265
175,"RMSF",2.89926028251648
176,"RMSF",3.29622721672058
177,"RMSF",3.18566569685936
178,"RMSF",2.90957272052765
179,"RMSF",3.17594614624977
180,"RMSF",3.92736625671387
181,"RMSF",3.95192271471024
182,"RMSF",3.70911478996277
183,"RMSF",4.25317096710205
184,"RMSF",4.85713312029839
185,"RMSF",4.84336987137794
186,"RMSF",4.97889217734337
187,"RMSF",4.14315614104271
188,"RMSF",3.75145542621613
189,"RMSF",4.50079339742661
190,"RMSF",4.72104266285896
191,"RMSF",4.03516599535942
192,"RMSF",4.35652685165405
193,"RMSF",5.14135318994522
194,"RMSF",4.92817416787148
195,"RMSF",4.47771054506302
196,"RMSF",5.17677015066147
197,"RMSF",5.61165097355843
198,"RMSF",5.57268005609512
199,"RMSF",6.27227103710175
200,"RMSF",6.80814403295517
201,"RMSF",6.95220977067947
202,"RMSF",7.17942652106285
203,"RMSF",7.61797136068344
204,"RMSF",7.39650502800941
205,"RMSF",7.73012000322342
206,"RMSF",8.17013868689537
207,"RMSF",8.82817941904068
208,"RMSF",9.14037483930588
209,"RMSF",8.8858836889267
210,"RMSF",8.83295011520386
211,"RMSF",8.40134185552597
212,"RMSF",7.89599615335464
213,"RMSF",7.58122855424881
214,"RMSF",7.77556586265564
215,"RMSF",7.79435443878174
216,"RMSF",7.39493981003761
217,"RMSF",7.38105672597885
218,"RMSF",7.66120040416718
219,"RMSF",7.58266109228134
220,"RMSF",7.37887340784073
221,"RMSF",7.62459486722946
222,"RMSF",7.88654780387878
223,"RMSF",7.80199265480042
224,"RMSF",7.86885291337967
225,"RMSF",8.24561667442322
226,"RMSF",8.48073452711105
227,"RMSF",8.48680621385574
228,"RMSF",8.76001900434494
229,"RMSF",9.14107567071915
230,"RMSF",9.37175440788269
231,"RMSF",9.42901849746704
