POSE,FRAME,TYPE,RMSD
ALONE,1,Protein,1.9406318664550781
ALONE,2,Protein,2.28497052192688
ALONE,3,Protein,2.7026548385620117
ALONE,4,Protein,3.7094058990478516
ALONE,5,Protein,3.591984272003174
ALONE,6,Protein,2.913769483566284
ALONE,7,Protein,3.284013509750366
ALONE,8,Protein,3.2243168354034424
ALONE,9,Protein,3.500077962875366
ALONE,10,Protein,3.500521421432495
ALONE,11,Protein,3.575483798980713
ALONE,12,Protein,3.9359095096588135
ALONE,13,Protein,3.9368326663970947
ALONE,14,Protein,4.557485580444336
ALONE,15,Protein,4.307717800140381
ALONE,16,Protein,4.616127967834473
ALONE,17,Protein,4.577101230621338
ALONE,18,Protein,5.707267761230469
ALONE,19,Protein,5.756026744842529
ALONE,20,Protein,5.907442092895508
ALONE,21,Protein,6.500471115112305
ALONE,22,Protein,6.375751495361328
ALONE,23,Protein,6.73708438873291
ALONE,24,Protein,6.1930389404296875
ALONE,25,Protein,6.500804424285889
ALONE,26,Protein,6.85867977142334
ALONE,27,Protein,6.915298938751221
ALONE,28,Protein,7.043463230133057
ALONE,29,Protein,7.1036295890808105
ALONE,30,Protein,6.882956027984619
ALONE,31,Protein,7.094062328338623
ALONE,32,Protein,7.017570972442627
ALONE,33,Protein,6.913503170013428
ALONE,34,Protein,6.349922180175781
ALONE,35,Protein,6.403026103973389
ALONE,36,Protein,6.411619663238525
ALONE,37,Protein,6.56386661529541
ALONE,38,Protein,6.190700054168701
ALONE,39,Protein,6.0371994972229
ALONE,40,Protein,5.741792678833008
ALONE,41,Protein,5.516671180725098
ALONE,42,Protein,5.9405107498168945
ALONE,43,Protein,5.904945373535156
ALONE,44,Protein,5.964033603668213
ALONE,45,Protein,5.9717254638671875
ALONE,46,Protein,5.743537425994873
ALONE,47,Protein,5.980851650238037
ALONE,48,Protein,5.734554767608643
ALONE,49,Protein,5.4638671875
ALONE,50,Protein,5.817814350128174
ALONE,51,Protein,5.9544806480407715
ALONE,52,Protein,6.156774044036865
ALONE,53,Protein,6.269726753234863
ALONE,54,Protein,6.464118957519531
ALONE,55,Protein,6.369356632232666
ALONE,56,Protein,6.137872219085693
ALONE,57,Protein,6.035665512084961
ALONE,58,Protein,5.64625883102417
ALONE,59,Protein,6.147186756134033
ALONE,60,Protein,6.263594150543213
ALONE,61,Protein,6.157958984375
ALONE,62,Protein,5.852707862854004
ALONE,63,Protein,5.546563148498535
ALONE,64,Protein,5.842047214508057
ALONE,65,Protein,5.474554061889648
ALONE,66,Protein,6.237085819244385
ALONE,67,Protein,6.6232218742370605
ALONE,68,Protein,6.483034610748291
ALONE,69,Protein,6.654592037200928
ALONE,70,Protein,6.528659820556641
ALONE,71,Protein,6.571907043457031
ALONE,72,Protein,6.39736795425415
ALONE,73,Protein,6.529020309448242
ALONE,74,Protein,6.84375524520874
ALONE,75,Protein,6.976821422576904
ALONE,76,Protein,6.693347454071045
ALONE,77,Protein,6.711051940917969
ALONE,78,Protein,6.295341491699219
ALONE,79,Protein,6.433692932128906
ALONE,80,Protein,6.46422815322876
ALONE,81,Protein,6.700276851654053
ALONE,82,Protein,6.877111434936523
ALONE,83,Protein,7.355846881866455
ALONE,84,Protein,6.919790744781494
ALONE,85,Protein,7.537196636199951
ALONE,86,Protein,7.464632511138916
ALONE,87,Protein,7.095235824584961
ALONE,88,Protein,7.131317138671875
ALONE,89,Protein,7.213842868804932
ALONE,90,Protein,7.433511734008789
ALONE,91,Protein,7.423122406005859
ALONE,92,Protein,7.819153308868408
ALONE,93,Protein,7.928811550140381
ALONE,94,Protein,7.561964511871338
ALONE,95,Protein,6.768352508544922
ALONE,96,Protein,7.059045314788818
ALONE,97,Protein,7.7758588790893555
ALONE,98,Protein,7.295263767242432
ALONE,99,Protein,7.196894645690918
ALONE,100,Protein,7.0490288734436035
ALONE,101,Protein,7.1533403396606445
ALONE,102,Protein,7.172844409942627
ALONE,103,Protein,7.499273300170898
ALONE,104,Protein,7.69548225402832
ALONE,105,Protein,7.6808295249938965
ALONE,106,Protein,7.413815021514893
ALONE,107,Protein,7.5544939041137695
ALONE,108,Protein,8.109992980957031
ALONE,109,Protein,8.236433029174805
ALONE,110,Protein,7.752972602844238
ALONE,111,Protein,7.8043975830078125
ALONE,112,Protein,7.767794132232666
ALONE,113,Protein,8.1617431640625
ALONE,114,Protein,8.598464965820313
ALONE,115,Protein,8.487553596496582
ALONE,116,Protein,8.473522186279297
ALONE,117,Protein,8.372796058654785
ALONE,118,Protein,7.841166973114014
ALONE,119,Protein,8.303252220153809
ALONE,120,Protein,8.77899169921875
ALONE,121,Protein,8.889267921447754
ALONE,122,Protein,9.809796333312988
ALONE,123,Protein,9.56562328338623
ALONE,124,Protein,10.277704238891602
ALONE,125,Protein,10.635826110839844
ALONE,126,Protein,10.319524765014648
ALONE,127,Protein,10.23098373413086
ALONE,128,Protein,9.967860221862793
ALONE,129,Protein,9.308260917663574
ALONE,130,Protein,9.376965522766113
ALONE,131,Protein,9.490614891052246
ALONE,132,Protein,9.288107872009277
ALONE,133,Protein,9.343445777893066
ALONE,134,Protein,8.968317985534668
ALONE,135,Protein,8.770275115966797
ALONE,136,Protein,9.07650375366211
ALONE,137,Protein,8.948476791381836
ALONE,138,Protein,8.731822967529297
ALONE,139,Protein,8.34338092803955
ALONE,140,Protein,8.24544906616211
ALONE,141,Protein,7.867233753204346
ALONE,142,Protein,8.387601852416992
ALONE,143,Protein,8.004080772399902
ALONE,144,Protein,7.89135217666626
ALONE,145,Protein,7.866695404052734
ALONE,146,Protein,8.129851341247559
ALONE,147,Protein,7.744568347930908
ALONE,148,Protein,7.818386077880859
ALONE,149,Protein,7.877835750579834
ALONE,150,Protein,7.625716686248779
ALONE,151,Protein,7.711658477783203
ALONE,152,Protein,8.036931991577148
ALONE,153,Protein,7.465457439422607
ALONE,154,Protein,7.186625003814697
ALONE,155,Protein,7.374062538146973
ALONE,156,Protein,7.1957244873046875
ALONE,157,Protein,7.065643787384033
ALONE,158,Protein,7.632412433624268
ALONE,159,Protein,7.581653118133545
ALONE,160,Protein,7.985434055328369
ALONE,161,Protein,7.837714195251465
ALONE,162,Protein,8.240704536437988
ALONE,163,Protein,8.58870792388916
ALONE,164,Protein,9.096506118774414
ALONE,165,Protein,8.875829696655273
ALONE,166,Protein,9.28431224822998
ALONE,167,Protein,9.017133712768555
ALONE,168,Protein,9.095802307128906
ALONE,169,Protein,8.318309783935547
ALONE,170,Protein,8.023064613342285
ALONE,171,Protein,7.701938152313232
ALONE,172,Protein,7.913625717163086
ALONE,173,Protein,7.835348129272461
ALONE,174,Protein,7.473631381988525
ALONE,175,Protein,7.174704074859619
ALONE,176,Protein,8.08500862121582
ALONE,177,Protein,7.894300937652588
ALONE,178,Protein,7.633059978485107
ALONE,179,Protein,7.606302261352539
ALONE,180,Protein,7.627325057983398
ALONE,181,Protein,7.4961161613464355
ALONE,182,Protein,7.848198890686035
ALONE,183,Protein,7.762213230133057
ALONE,184,Protein,7.496337413787842
ALONE,185,Protein,7.836761951446533
ALONE,186,Protein,7.493898391723633
ALONE,187,Protein,7.934494495391846
ALONE,188,Protein,7.9177327156066895
ALONE,189,Protein,8.495200157165527
ALONE,190,Protein,8.301676750183105
ALONE,191,Protein,7.6368818283081055
ALONE,192,Protein,7.562709331512451
ALONE,193,Protein,7.4585676193237305
ALONE,194,Protein,7.586302280426025
ALONE,195,Protein,8.18805980682373
ALONE,196,Protein,8.173356056213379
ALONE,197,Protein,7.823366165161133
ALONE,198,Protein,8.370355606079102
ALONE,199,Protein,7.962600231170654
ALONE,200,Protein,7.416047096252441
ALONE,201,Protein,7.852126121520996
ALONE,202,Protein,7.808536529541016
ALONE,203,Protein,7.896424293518066
ALONE,204,Protein,7.715948581695557
ALONE,205,Protein,7.975695610046387
ALONE,206,Protein,7.764288425445557
ALONE,207,Protein,7.842376232147217
ALONE,208,Protein,7.943609714508057
ALONE,209,Protein,8.075257301330566
ALONE,210,Protein,8.440101623535156
ALONE,211,Protein,8.16860294342041
ALONE,212,Protein,8.701961517333984
ALONE,213,Protein,8.87216567993164
ALONE,214,Protein,8.484254837036133
ALONE,215,Protein,8.911481857299805
ALONE,216,Protein,8.580236434936523
ALONE,217,Protein,8.618371963500977
ALONE,218,Protein,9.015196800231934
ALONE,219,Protein,9.010577201843262
ALONE,220,Protein,8.934629440307617
ALONE,221,Protein,8.048874855041504
ALONE,222,Protein,8.3553466796875
ALONE,223,Protein,8.603073120117188
ALONE,224,Protein,8.255242347717285
ALONE,225,Protein,8.221306800842285
ALONE,226,Protein,8.230426788330078
ALONE,227,Protein,7.688704967498779
ALONE,228,Protein,7.7722673416137695
ALONE,229,Protein,7.6026716232299805
ALONE,230,Protein,7.924868106842041
ALONE,231,Protein,8.345841407775879
ALONE,232,Protein,7.669848918914795
ALONE,233,Protein,7.8221540451049805
ALONE,234,Protein,8.040152549743652
ALONE,235,Protein,7.9272356033325195
ALONE,236,Protein,7.450401782989502
ALONE,237,Protein,7.690075397491455
ALONE,238,Protein,7.8957438468933105
ALONE,239,Protein,8.119787216186523
ALONE,240,Protein,7.719336986541748
ALONE,241,Protein,7.344982147216797
ALONE,242,Protein,7.291565895080566
ALONE,243,Protein,7.434017658233643
ALONE,244,Protein,7.490993976593018
ALONE,245,Protein,8.16308307647705
ALONE,246,Protein,8.338417053222656
ALONE,247,Protein,8.221044540405273
ALONE,248,Protein,8.503569602966309
ALONE,249,Protein,8.345924377441406
ALONE,250,Protein,8.174788475036621
ALONE,251,Protein,9.015680313110352
ALONE,252,Protein,9.122053146362305
ALONE,253,Protein,9.157362937927246
ALONE,254,Protein,8.746761322021484
ALONE,255,Protein,8.628993034362793
ALONE,256,Protein,9.396059036254883
ALONE,257,Protein,9.422245025634766
ALONE,258,Protein,9.319662094116211
ALONE,259,Protein,9.039022445678711
ALONE,260,Protein,8.635910034179688
ALONE,261,Protein,8.758133888244629
ALONE,262,Protein,9.529502868652344
ALONE,263,Protein,8.93333911895752
ALONE,264,Protein,9.801773071289063
ALONE,265,Protein,9.844635009765625
ALONE,266,Protein,9.879150390625
ALONE,267,Protein,9.911126136779785
ALONE,268,Protein,10.107030868530273
ALONE,269,Protein,10.382739067077637
ALONE,270,Protein,10.099808692932129
ALONE,271,Protein,10.516480445861816
ALONE,272,Protein,10.48617935180664
ALONE,273,Protein,10.282370567321777
ALONE,274,Protein,10.037430763244629
ALONE,275,Protein,10.447805404663086
ALONE,276,Protein,10.638875961303711
ALONE,277,Protein,10.974803924560547
ALONE,278,Protein,11.64688777923584
ALONE,279,Protein,11.593683242797852
ALONE,280,Protein,12.47939682006836
ALONE,281,Protein,12.535338401794434
ALONE,282,Protein,12.833956718444824
ALONE,283,Protein,13.034332275390625
ALONE,284,Protein,13.067843437194824
ALONE,285,Protein,12.124690055847168
ALONE,286,Protein,12.538718223571777
ALONE,287,Protein,11.541672706604004
ALONE,288,Protein,11.796295166015625
ALONE,289,Protein,11.464885711669922
ALONE,290,Protein,11.52912425994873
ALONE,291,Protein,11.628847122192383
ALONE,292,Protein,11.25154972076416
ALONE,293,Protein,11.326692581176758
ALONE,294,Protein,11.399776458740234
ALONE,295,Protein,11.626387596130371
ALONE,296,Protein,12.080345153808594
ALONE,297,Protein,11.228883743286133
ALONE,298,Protein,11.633941650390625
ALONE,299,Protein,11.374226570129395
ALONE,300,Protein,10.736486434936523
ALONE,301,Protein,10.393847465515137
ALONE,302,Protein,10.075039863586426
ALONE,303,Protein,10.296972274780273
ALONE,304,Protein,10.86026382446289
ALONE,305,Protein,11.47811222076416
ALONE,306,Protein,11.112220764160156
ALONE,307,Protein,12.325287818908691
ALONE,308,Protein,12.310232162475586
ALONE,309,Protein,12.965130805969238
ALONE,310,Protein,12.587945938110352
ALONE,311,Protein,13.03998851776123
ALONE,312,Protein,13.14473819732666
ALONE,313,Protein,12.789335250854492
ALONE,314,Protein,12.677125930786133
ALONE,315,Protein,12.705673217773438
ALONE,316,Protein,12.670778274536133
ALONE,317,Protein,12.636495590209961
ALONE,318,Protein,12.778786659240723
ALONE,319,Protein,11.747649192810059
ALONE,320,Protein,11.860761642456055
ALONE,321,Protein,12.318482398986816
ALONE,322,Protein,12.025732040405273
ALONE,323,Protein,12.153265953063965
ALONE,324,Protein,12.292248725891113
ALONE,325,Protein,11.938780784606934
ALONE,326,Protein,11.825952529907227
ALONE,327,Protein,12.06468391418457
ALONE,328,Protein,11.306602478027344
ALONE,329,Protein,11.72567081451416
ALONE,330,Protein,11.448488235473633
ALONE,331,Protein,11.735315322875977
ALONE,332,Protein,11.277345657348633
ALONE,333,Protein,11.33830738067627
ALONE,334,Protein,11.38391399383545
ALONE,335,Protein,11.586101531982422
ALONE,336,Protein,11.51828384399414
ALONE,337,Protein,11.234527587890625
ALONE,338,Protein,10.956781387329102
ALONE,339,Protein,11.031813621520996
ALONE,340,Protein,10.76265811920166
ALONE,341,Protein,10.551959037780762
ALONE,342,Protein,10.770903587341309
ALONE,343,Protein,11.20436954498291
ALONE,344,Protein,10.99648380279541
ALONE,345,Protein,11.38007640838623
ALONE,346,Protein,11.380268096923828
ALONE,347,Protein,11.809871673583984
ALONE,348,Protein,11.587111473083496
ALONE,349,Protein,10.916829109191895
ALONE,350,Protein,10.491339683532715
ALONE,351,Protein,10.423937797546387
ALONE,352,Protein,10.475747108459473
ALONE,353,Protein,10.733413696289063
ALONE,354,Protein,11.007198333740234
ALONE,355,Protein,11.53901195526123
ALONE,356,Protein,10.851129531860352
ALONE,357,Protein,10.517098426818848
ALONE,358,Protein,10.730685234069824
ALONE,359,Protein,10.624411582946777
ALONE,360,Protein,10.627341270446777
ALONE,361,Protein,10.810038566589355
ALONE,362,Protein,10.334548950195313
ALONE,363,Protein,10.003643989562988
ALONE,364,Protein,9.706594467163086
ALONE,365,Protein,9.726086616516113
ALONE,366,Protein,9.440265655517578
ALONE,367,Protein,9.706396102905273
ALONE,368,Protein,9.90264892578125
ALONE,369,Protein,10.243514060974121
ALONE,370,Protein,10.05885124206543
ALONE,371,Protein,10.012882232666016
ALONE,372,Protein,10.147891998291016
ALONE,373,Protein,10.355857849121094
ALONE,374,Protein,10.196215629577637
ALONE,375,Protein,9.916935920715332
ALONE,376,Protein,10.594913482666016
ALONE,377,Protein,9.835561752319336
ALONE,378,Protein,10.915567398071289
ALONE,379,Protein,10.223089218139648
ALONE,380,Protein,10.323735237121582
ALONE,381,Protein,10.22516918182373
ALONE,382,Protein,10.604938507080078
ALONE,383,Protein,10.333189010620117
ALONE,384,Protein,10.645881652832031
ALONE,385,Protein,11.206924438476563
ALONE,386,Protein,11.381401062011719
ALONE,387,Protein,10.869161605834961
ALONE,388,Protein,11.232975006103516
ALONE,389,Protein,11.054859161376953
ALONE,390,Protein,11.350232124328613
ALONE,391,Protein,11.111047744750977
ALONE,392,Protein,10.834168434143066
ALONE,393,Protein,10.8517484664917
ALONE,394,Protein,11.365375518798828
ALONE,395,Protein,11.058005332946777
ALONE,396,Protein,10.718430519104004
ALONE,397,Protein,10.696198463439941
ALONE,398,Protein,11.412872314453125
ALONE,399,Protein,11.768839836120605
ALONE,400,Protein,12.19006633758545
ALONE,401,Protein,11.895869255065918
ALONE,402,Protein,11.521955490112305
ALONE,403,Protein,11.464800834655762
ALONE,404,Protein,11.245485305786133
ALONE,405,Protein,11.410959243774414
ALONE,406,Protein,11.527441024780273
ALONE,407,Protein,11.081535339355469
ALONE,408,Protein,11.235496520996094
ALONE,409,Protein,11.369684219360352
ALONE,410,Protein,11.865239143371582
ALONE,411,Protein,11.523953437805176
ALONE,412,Protein,11.71766185760498
ALONE,413,Protein,11.484171867370605
ALONE,414,Protein,11.281524658203125
ALONE,415,Protein,10.964348793029785
ALONE,416,Protein,10.714930534362793
ALONE,417,Protein,10.376679420471191
ALONE,418,Protein,10.30722713470459
ALONE,419,Protein,10.440766334533691
ALONE,420,Protein,10.73778247833252
ALONE,421,Protein,10.864947319030762
ALONE,422,Protein,11.354972839355469
ALONE,423,Protein,12.095929145812988
ALONE,424,Protein,11.500239372253418
ALONE,425,Protein,11.315966606140137
ALONE,426,Protein,11.813867568969727
ALONE,427,Protein,11.940805435180664
ALONE,428,Protein,11.471824645996094
ALONE,429,Protein,11.016509056091309
ALONE,430,Protein,10.615975379943848
ALONE,431,Protein,11.531547546386719
ALONE,432,Protein,11.330584526062012
ALONE,433,Protein,11.106721878051758
ALONE,434,Protein,11.389545440673828
ALONE,435,Protein,11.130311965942383
ALONE,436,Protein,10.700380325317383
ALONE,437,Protein,10.369722366333008
ALONE,438,Protein,10.108860969543457
ALONE,439,Protein,10.380230903625488
ALONE,440,Protein,10.004741668701172
ALONE,441,Protein,10.15217399597168
ALONE,442,Protein,9.899957656860352
ALONE,443,Protein,9.682235717773438
ALONE,444,Protein,9.402810096740723
ALONE,445,Protein,9.683720588684082
ALONE,446,Protein,9.413413047790527
ALONE,447,Protein,9.188968658447266
ALONE,448,Protein,8.870261192321777
ALONE,449,Protein,9.792753219604492
ALONE,450,Protein,9.947940826416016
ALONE,451,Protein,10.279759407043457
ALONE,452,Protein,9.650734901428223
ALONE,453,Protein,9.591241836547852
ALONE,454,Protein,9.213423728942871
ALONE,455,Protein,9.565622329711914
ALONE,456,Protein,9.459851264953613
ALONE,457,Protein,9.679522514343262
ALONE,458,Protein,9.570210456848145
ALONE,459,Protein,9.260269165039063
ALONE,460,Protein,9.371174812316895
ALONE,461,Protein,9.853428840637207
ALONE,462,Protein,10.209283828735352
ALONE,463,Protein,10.502642631530762
ALONE,464,Protein,10.591282844543457
ALONE,465,Protein,10.299487113952637
ALONE,466,Protein,10.23221492767334
ALONE,467,Protein,10.29984188079834
ALONE,468,Protein,10.3457612991333
ALONE,469,Protein,10.378028869628906
ALONE,470,Protein,10.145421981811523
ALONE,471,Protein,9.862504959106445
ALONE,472,Protein,9.946494102478027
ALONE,473,Protein,10.31607723236084
ALONE,474,Protein,10.732369422912598
ALONE,475,Protein,10.475929260253906
ALONE,476,Protein,10.167301177978516
ALONE,477,Protein,9.8705472946167
ALONE,478,Protein,10.160643577575684
ALONE,479,Protein,10.714776039123535
ALONE,480,Protein,10.345625877380371
ALONE,481,Protein,10.13388729095459
ALONE,482,Protein,10.01170539855957
ALONE,483,Protein,10.235187530517578
ALONE,484,Protein,10.561562538146973
ALONE,485,Protein,10.771120071411133
ALONE,486,Protein,11.404664993286133
ALONE,487,Protein,11.528011322021484
ALONE,488,Protein,11.211125373840332
ALONE,489,Protein,11.274566650390625
ALONE,490,Protein,10.406311988830566
ALONE,491,Protein,9.646899223327637
ALONE,492,Protein,9.692176818847656
ALONE,493,Protein,10.456299781799316
ALONE,494,Protein,10.436928749084473
ALONE,495,Protein,10.394189834594727
ALONE,496,Protein,10.668136596679688
ALONE,497,Protein,10.687052726745605
ALONE,498,Protein,10.725298881530762
ALONE,499,Protein,11.642840385437012
ALONE,500,Protein,11.294913291931152
ALONE,501,Protein,11.830920219421387
ALONE,502,Protein,12.083413124084473
ALONE,503,Protein,11.869394302368164
ALONE,504,Protein,12.56431770324707
ALONE,505,Protein,12.516783714294434
ALONE,506,Protein,12.920775413513184
ALONE,507,Protein,13.783970832824707
ALONE,508,Protein,13.935585975646973
ALONE,509,Protein,13.492456436157227
ALONE,510,Protein,12.966935157775879
ALONE,511,Protein,12.847965240478516
ALONE,512,Protein,12.330032348632813
ALONE,513,Protein,12.922577857971191
ALONE,514,Protein,12.625856399536133
ALONE,515,Protein,12.225868225097656
ALONE,516,Protein,12.561111450195313
ALONE,517,Protein,11.673792839050293
ALONE,518,Protein,11.830037117004395
ALONE,519,Protein,11.796385765075684
ALONE,520,Protein,12.31907844543457
ALONE,521,Protein,12.591279983520508
ALONE,522,Protein,12.080473899841309
ALONE,523,Protein,12.422892570495605
ALONE,524,Protein,12.79770565032959
ALONE,525,Protein,12.35179328918457
ALONE,526,Protein,12.44860553741455
ALONE,527,Protein,11.814139366149902
ALONE,528,Protein,11.876782417297363
ALONE,529,Protein,11.914713859558105
ALONE,530,Protein,11.5947904586792
ALONE,531,Protein,11.887480735778809
ALONE,532,Protein,12.013540267944336
ALONE,533,Protein,12.474418640136719
ALONE,534,Protein,12.490748405456543
ALONE,535,Protein,12.994244575500488
ALONE,536,Protein,13.467732429504395
ALONE,537,Protein,13.979485511779785
ALONE,538,Protein,13.881248474121094
ALONE,539,Protein,13.902902603149414
ALONE,540,Protein,13.53868293762207
ALONE,541,Protein,13.072527885437012
ALONE,542,Protein,13.128129005432129
ALONE,543,Protein,13.712613105773926
ALONE,544,Protein,13.577037811279297
ALONE,545,Protein,13.610631942749023
ALONE,546,Protein,13.522540092468262
ALONE,547,Protein,13.27304458618164
ALONE,548,Protein,13.31430435180664
ALONE,549,Protein,13.193025588989258
ALONE,550,Protein,13.077505111694336
ALONE,551,Protein,12.71605110168457
ALONE,552,Protein,12.579537391662598
ALONE,553,Protein,12.721470832824707
ALONE,554,Protein,12.881514549255371
ALONE,555,Protein,12.907793045043945
ALONE,556,Protein,13.387853622436523
ALONE,557,Protein,13.839513778686523
ALONE,558,Protein,13.972311019897461
ALONE,559,Protein,14.3910551071167
ALONE,560,Protein,14.121301651000977
ALONE,561,Protein,14.901839256286621
ALONE,562,Protein,14.544739723205566
ALONE,563,Protein,14.340963363647461
ALONE,564,Protein,14.178093910217285
ALONE,565,Protein,14.754117965698242
ALONE,566,Protein,14.479799270629883
ALONE,567,Protein,14.256509780883789
ALONE,568,Protein,14.262983322143555
ALONE,569,Protein,13.81147575378418
ALONE,570,Protein,14.316666603088379
ALONE,571,Protein,13.915281295776367
ALONE,572,Protein,14.040180206298828
ALONE,573,Protein,13.91670036315918
ALONE,574,Protein,14.56701946258545
ALONE,575,Protein,14.816452980041504
ALONE,576,Protein,14.555167198181152
ALONE,577,Protein,14.401838302612305
ALONE,578,Protein,14.33309268951416
ALONE,579,Protein,14.308538436889648
ALONE,580,Protein,14.35920238494873
ALONE,581,Protein,14.368227005004883
ALONE,582,Protein,14.079532623291016
ALONE,583,Protein,13.631295204162598
ALONE,584,Protein,13.338346481323242
ALONE,585,Protein,13.662796020507813
ALONE,586,Protein,14.013182640075684
ALONE,587,Protein,13.755495071411133
ALONE,588,Protein,14.059530258178711
ALONE,589,Protein,13.644530296325684
ALONE,590,Protein,13.291094779968262
ALONE,591,Protein,13.627917289733887
ALONE,592,Protein,13.20041275024414
ALONE,593,Protein,12.827960014343262
ALONE,594,Protein,12.602587699890137
ALONE,595,Protein,12.164972305297852
ALONE,596,Protein,12.555630683898926
ALONE,597,Protein,11.903031349182129
ALONE,598,Protein,11.827871322631836
ALONE,599,Protein,11.672235488891602
ALONE,600,Protein,11.881052017211914
ALONE,601,Protein,11.804073333740234
ALONE,602,Protein,12.302550315856934
ALONE,603,Protein,11.635401725769043
ALONE,604,Protein,11.776163101196289
ALONE,605,Protein,12.18513298034668
ALONE,606,Protein,11.432759284973145
ALONE,607,Protein,11.697687149047852
ALONE,608,Protein,11.602628707885742
ALONE,609,Protein,11.722371101379395
ALONE,610,Protein,11.679587364196777
ALONE,611,Protein,11.43243408203125
ALONE,612,Protein,11.373608589172363
ALONE,613,Protein,12.334047317504883
ALONE,614,Protein,12.696328163146973
ALONE,615,Protein,12.867557525634766
ALONE,616,Protein,12.54343032836914
ALONE,617,Protein,12.161982536315918
ALONE,618,Protein,12.093002319335938
ALONE,619,Protein,11.991591453552246
ALONE,620,Protein,12.142269134521484
ALONE,621,Protein,11.391796112060547
ALONE,622,Protein,10.851204872131348
ALONE,623,Protein,10.639046669006348
ALONE,624,Protein,10.623309135437012
ALONE,625,Protein,11.119590759277344
ALONE,626,Protein,11.66992473602295
ALONE,627,Protein,11.778797149658203
ALONE,628,Protein,11.796442031860352
ALONE,629,Protein,11.915724754333496
ALONE,630,Protein,11.840298652648926
ALONE,631,Protein,11.78629207611084
ALONE,632,Protein,11.434751510620117
ALONE,633,Protein,12.032011985778809
ALONE,634,Protein,11.959117889404297
ALONE,635,Protein,12.074323654174805
ALONE,636,Protein,11.96010971069336
ALONE,637,Protein,11.423436164855957
ALONE,638,Protein,11.646622657775879
ALONE,639,Protein,11.469830513000488
ALONE,640,Protein,11.760772705078125
ALONE,641,Protein,12.253986358642578
ALONE,642,Protein,12.85120964050293
ALONE,643,Protein,13.100719451904297
ALONE,644,Protein,13.219942092895508
ALONE,645,Protein,13.333184242248535
ALONE,646,Protein,13.136113166809082
ALONE,647,Protein,12.898367881774902
ALONE,648,Protein,12.551021575927734
ALONE,649,Protein,12.725554466247559
ALONE,650,Protein,12.769877433776855
ALONE,651,Protein,12.366079330444336
ALONE,652,Protein,12.225296020507813
ALONE,653,Protein,12.218734741210938
ALONE,654,Protein,12.388853073120117
ALONE,655,Protein,12.351096153259277
ALONE,656,Protein,12.677827835083008
ALONE,657,Protein,12.448938369750977
ALONE,658,Protein,13.085787773132324
ALONE,659,Protein,13.399701118469238
ALONE,660,Protein,13.464603424072266
ALONE,661,Protein,12.598043441772461
ALONE,662,Protein,12.737626075744629
ALONE,663,Protein,12.658702850341797
ALONE,664,Protein,12.619584083557129
ALONE,665,Protein,12.175541877746582
ALONE,666,Protein,12.433326721191406
ALONE,667,Protein,12.018770217895508
ALONE,668,Protein,12.036662101745605
ALONE,669,Protein,12.363682746887207
ALONE,670,Protein,12.164944648742676
ALONE,671,Protein,12.182890892028809
ALONE,672,Protein,12.140817642211914
ALONE,673,Protein,12.563116073608398
ALONE,674,Protein,12.2092924118042
ALONE,675,Protein,12.39309024810791
ALONE,676,Protein,12.300636291503906
ALONE,677,Protein,11.845840454101563
ALONE,678,Protein,11.770195960998535
ALONE,679,Protein,11.80579662322998
ALONE,680,Protein,11.93717098236084
ALONE,681,Protein,12.597896575927734
ALONE,682,Protein,12.601341247558594
ALONE,683,Protein,12.272964477539063
ALONE,684,Protein,12.199831008911133
ALONE,685,Protein,12.31348705291748
ALONE,686,Protein,12.361064910888672
ALONE,687,Protein,12.786996841430664
ALONE,688,Protein,13.02407169342041
ALONE,689,Protein,13.055780410766602
ALONE,690,Protein,12.836400032043457
ALONE,691,Protein,12.148448944091797
ALONE,692,Protein,12.449172973632813
ALONE,693,Protein,12.901542663574219
ALONE,694,Protein,12.529128074645996
ALONE,695,Protein,12.605608940124512
ALONE,696,Protein,13.163969993591309
ALONE,697,Protein,12.977231979370117
ALONE,698,Protein,13.28626537322998
ALONE,699,Protein,13.013816833496094
ALONE,700,Protein,13.734138488769531
ALONE,701,Protein,13.059638023376465
ALONE,702,Protein,12.856561660766602
ALONE,703,Protein,12.768044471740723
ALONE,704,Protein,12.888494491577148
ALONE,705,Protein,12.453761100769043
ALONE,706,Protein,12.399876594543457
ALONE,707,Protein,12.002786636352539
ALONE,708,Protein,12.269401550292969
ALONE,709,Protein,12.082048416137695
ALONE,710,Protein,11.275270462036133
ALONE,711,Protein,11.620382308959961
ALONE,712,Protein,11.791893005371094
ALONE,713,Protein,12.260146141052246
ALONE,714,Protein,11.6614990234375
ALONE,715,Protein,11.337836265563965
ALONE,716,Protein,11.335856437683105
ALONE,717,Protein,11.308247566223145
ALONE,718,Protein,11.39193344116211
ALONE,719,Protein,11.004401206970215
ALONE,720,Protein,10.916370391845703
ALONE,721,Protein,11.21136474609375
ALONE,722,Protein,10.698264122009277
ALONE,723,Protein,10.706482887268066
ALONE,724,Protein,10.667088508605957
ALONE,725,Protein,11.067090034484863
ALONE,726,Protein,11.444334983825684
ALONE,727,Protein,11.386418342590332
ALONE,728,Protein,11.649237632751465
ALONE,729,Protein,11.937589645385742
ALONE,730,Protein,12.314597129821777
ALONE,731,Protein,11.775787353515625
ALONE,732,Protein,11.219091415405273
ALONE,733,Protein,11.239113807678223
ALONE,734,Protein,11.03783893585205
ALONE,735,Protein,11.266156196594238
ALONE,736,Protein,11.14848804473877
ALONE,737,Protein,11.10525131225586
ALONE,738,Protein,11.473413467407227
ALONE,739,Protein,11.411669731140137
ALONE,740,Protein,10.930401802062988
ALONE,741,Protein,11.01164436340332
ALONE,742,Protein,11.0045804977417
ALONE,743,Protein,10.90809154510498
ALONE,744,Protein,10.941603660583496
ALONE,745,Protein,10.781339645385742
ALONE,746,Protein,10.343542098999023
ALONE,747,Protein,10.933269500732422
ALONE,748,Protein,10.775568962097168
ALONE,749,Protein,10.380711555480957
ALONE,750,Protein,10.570401191711426
ALONE,751,Protein,10.412535667419434
ALONE,752,Protein,10.382657051086426
ALONE,753,Protein,10.532770156860352
ALONE,754,Protein,10.578350067138672
ALONE,755,Protein,10.895272254943848
ALONE,756,Protein,10.666224479675293
ALONE,757,Protein,10.852590560913086
ALONE,758,Protein,10.886940956115723
ALONE,759,Protein,10.98149585723877
ALONE,760,Protein,10.583971977233887
ALONE,761,Protein,10.795171737670898
ALONE,762,Protein,11.00446891784668
ALONE,763,Protein,10.907548904418945
ALONE,764,Protein,11.262423515319824
ALONE,765,Protein,11.533611297607422
ALONE,766,Protein,11.674511909484863
ALONE,767,Protein,11.087239265441895
ALONE,768,Protein,11.431987762451172
ALONE,769,Protein,11.606813430786133
ALONE,770,Protein,11.43799114227295
ALONE,771,Protein,11.748658180236816
ALONE,772,Protein,11.856244087219238
ALONE,773,Protein,12.019603729248047
ALONE,774,Protein,11.900524139404297
ALONE,775,Protein,12.284521102905273
ALONE,776,Protein,11.887107849121094
ALONE,777,Protein,12.021736145019531
ALONE,778,Protein,12.416686058044434
ALONE,779,Protein,12.700202941894531
ALONE,780,Protein,12.306336402893066
ALONE,781,Protein,12.574029922485352
ALONE,782,Protein,13.053593635559082
ALONE,783,Protein,13.321758270263672
ALONE,784,Protein,12.770201683044434
ALONE,785,Protein,12.89217472076416
ALONE,786,Protein,12.993671417236328
ALONE,787,Protein,12.626988410949707
ALONE,788,Protein,12.71092700958252
ALONE,789,Protein,12.395037651062012
ALONE,790,Protein,12.105551719665527
ALONE,791,Protein,12.001542091369629
ALONE,792,Protein,12.135469436645508
ALONE,793,Protein,12.851181030273438
ALONE,794,Protein,12.60959243774414
ALONE,795,Protein,12.397726058959961
ALONE,796,Protein,12.353306770324707
ALONE,797,Protein,12.341609001159668
ALONE,798,Protein,11.896778106689453
ALONE,799,Protein,11.260807037353516
ALONE,800,Protein,11.371514320373535
ALONE,801,Protein,11.53863525390625
ALONE,802,Protein,11.571609497070313
ALONE,803,Protein,11.450010299682617
ALONE,804,Protein,11.863324165344238
ALONE,805,Protein,11.81041145324707
ALONE,806,Protein,12.041397094726563
ALONE,807,Protein,12.422070503234863
ALONE,808,Protein,12.292621612548828
ALONE,809,Protein,12.594385147094727
ALONE,810,Protein,12.694438934326172
ALONE,811,Protein,12.202009201049805
ALONE,812,Protein,11.65320110321045
ALONE,813,Protein,11.474014282226563
ALONE,814,Protein,11.608719825744629
ALONE,815,Protein,11.78165054321289
ALONE,816,Protein,11.624604225158691
ALONE,817,Protein,11.936173439025879
ALONE,818,Protein,12.478659629821777
ALONE,819,Protein,12.221680641174316
ALONE,820,Protein,12.129161834716797
ALONE,821,Protein,11.945283889770508
ALONE,822,Protein,11.946508407592773
ALONE,823,Protein,12.708534240722656
ALONE,824,Protein,12.853206634521484
ALONE,825,Protein,12.973435401916504
ALONE,826,Protein,12.835227966308594
ALONE,827,Protein,13.69265079498291
ALONE,828,Protein,14.168476104736328
ALONE,829,Protein,14.280471801757813
ALONE,830,Protein,14.488733291625977
ALONE,831,Protein,14.411453247070313
ALONE,832,Protein,13.888068199157715
ALONE,833,Protein,13.593199729919434
ALONE,834,Protein,12.740029335021973
ALONE,835,Protein,12.324138641357422
ALONE,836,Protein,12.349916458129883
ALONE,837,Protein,12.712746620178223
ALONE,838,Protein,11.999966621398926
ALONE,839,Protein,12.252771377563477
ALONE,840,Protein,12.260269165039063
ALONE,841,Protein,12.587148666381836
ALONE,842,Protein,12.607400894165039
ALONE,843,Protein,12.427553176879883
ALONE,844,Protein,12.312847137451172
ALONE,845,Protein,12.031508445739746
ALONE,846,Protein,12.014481544494629
ALONE,847,Protein,12.05208683013916
ALONE,848,Protein,12.29660415649414
ALONE,849,Protein,12.622705459594727
ALONE,850,Protein,12.63008975982666
ALONE,851,Protein,12.763322830200195
ALONE,852,Protein,12.843782424926758
ALONE,853,Protein,12.881989479064941
ALONE,854,Protein,13.002094268798828
ALONE,855,Protein,13.416974067687988
ALONE,856,Protein,13.50635814666748
ALONE,857,Protein,13.320319175720215
ALONE,858,Protein,13.498847007751465
ALONE,859,Protein,13.275506019592285
ALONE,860,Protein,12.972444534301758
ALONE,861,Protein,12.810667991638184
ALONE,862,Protein,13.010497093200684
ALONE,863,Protein,13.158368110656738
ALONE,864,Protein,12.938118934631348
ALONE,865,Protein,12.593770027160645
ALONE,866,Protein,12.641074180603027
ALONE,867,Protein,13.036720275878906
ALONE,868,Protein,12.871011734008789
ALONE,869,Protein,13.211170196533203
ALONE,870,Protein,13.588722229003906
ALONE,871,Protein,13.281251907348633
ALONE,872,Protein,13.409126281738281
ALONE,873,Protein,12.838193893432617
ALONE,874,Protein,13.06973648071289
ALONE,875,Protein,13.30389404296875
ALONE,876,Protein,13.388364791870117
ALONE,877,Protein,13.519609451293945
ALONE,878,Protein,13.607973098754883
ALONE,879,Protein,13.56567096710205
ALONE,880,Protein,13.392252922058105
ALONE,881,Protein,13.14201545715332
ALONE,882,Protein,13.711010932922363
ALONE,883,Protein,13.619194030761719
ALONE,884,Protein,13.617646217346191
ALONE,885,Protein,13.63968563079834
ALONE,886,Protein,13.576177597045898
ALONE,887,Protein,13.649895668029785
ALONE,888,Protein,13.875191688537598
ALONE,889,Protein,13.634725570678711
ALONE,890,Protein,14.09131908416748
ALONE,891,Protein,13.621627807617188
ALONE,892,Protein,13.48375415802002
ALONE,893,Protein,13.742816925048828
ALONE,894,Protein,13.521675109863281
ALONE,895,Protein,13.511817932128906
ALONE,896,Protein,13.817761421203613
ALONE,897,Protein,13.639045715332031
ALONE,898,Protein,12.907885551452637
ALONE,899,Protein,12.9063138961792
ALONE,900,Protein,13.14441204071045
ALONE,901,Protein,13.009991645812988
ALONE,902,Protein,13.181458473205566
ALONE,903,Protein,13.434179306030273
ALONE,904,Protein,13.447165489196777
ALONE,905,Protein,13.921154022216797
ALONE,906,Protein,13.430574417114258
ALONE,907,Protein,13.516289710998535
ALONE,908,Protein,13.961386680603027
ALONE,909,Protein,13.490692138671875
ALONE,910,Protein,13.42604923248291
ALONE,911,Protein,13.313416481018066
ALONE,912,Protein,13.611164093017578
ALONE,913,Protein,13.595206260681152
ALONE,914,Protein,13.621174812316895
ALONE,915,Protein,13.911805152893066
ALONE,916,Protein,13.643280982971191
ALONE,917,Protein,13.414778709411621
ALONE,918,Protein,14.15422534942627
ALONE,919,Protein,13.888975143432617
ALONE,920,Protein,13.999612808227539
ALONE,921,Protein,14.250905990600586
ALONE,922,Protein,14.404281616210938
ALONE,923,Protein,14.07544994354248
ALONE,924,Protein,13.89776611328125
ALONE,925,Protein,13.299777030944824
ALONE,926,Protein,13.62738037109375
ALONE,927,Protein,13.346914291381836
ALONE,928,Protein,13.413987159729004
ALONE,929,Protein,13.645188331604004
ALONE,930,Protein,13.67056941986084
ALONE,931,Protein,13.650723457336426
ALONE,932,Protein,13.87624454498291
ALONE,933,Protein,13.334481239318848
ALONE,934,Protein,13.131789207458496
ALONE,935,Protein,13.013547897338867
ALONE,936,Protein,12.900328636169434
ALONE,937,Protein,13.100332260131836
ALONE,938,Protein,12.900136947631836
ALONE,939,Protein,13.149263381958008
ALONE,940,Protein,13.191779136657715
ALONE,941,Protein,12.624834060668945
ALONE,942,Protein,12.848076820373535
ALONE,943,Protein,13.219626426696777
ALONE,944,Protein,12.601292610168457
ALONE,945,Protein,12.718116760253906
ALONE,946,Protein,12.486481666564941
ALONE,947,Protein,11.800677299499512
ALONE,948,Protein,12.398024559020996
ALONE,949,Protein,12.240560531616211
ALONE,950,Protein,11.767345428466797
ALONE,951,Protein,11.780692100524902
ALONE,952,Protein,12.142380714416504
ALONE,953,Protein,12.208867073059082
ALONE,954,Protein,12.197731971740723
ALONE,955,Protein,11.8561372756958
ALONE,956,Protein,11.499288558959961
ALONE,957,Protein,11.663840293884277
ALONE,958,Protein,11.719487190246582
ALONE,959,Protein,12.064208030700684
ALONE,960,Protein,11.758721351623535
ALONE,961,Protein,12.079416275024414
ALONE,962,Protein,12.778397560119629
ALONE,963,Protein,12.51646614074707
ALONE,964,Protein,12.462494850158691
ALONE,965,Protein,12.07053279876709
ALONE,966,Protein,12.33839225769043
ALONE,967,Protein,11.799677848815918
ALONE,968,Protein,11.757335662841797
ALONE,969,Protein,11.95693588256836
ALONE,970,Protein,11.379356384277344
ALONE,971,Protein,11.495461463928223
ALONE,972,Protein,11.662018775939941
ALONE,973,Protein,11.311175346374512
ALONE,974,Protein,11.121214866638184
ALONE,975,Protein,11.241701126098633
ALONE,976,Protein,11.47840404510498
ALONE,977,Protein,11.711676597595215
ALONE,978,Protein,11.177905082702637
ALONE,979,Protein,11.351133346557617
ALONE,980,Protein,11.632380485534668
ALONE,981,Protein,11.789534568786621
ALONE,982,Protein,11.889965057373047
ALONE,983,Protein,11.874906539916992
ALONE,984,Protein,11.858840942382813
ALONE,985,Protein,12.429229736328125
ALONE,986,Protein,12.40942096710205
ALONE,987,Protein,12.655107498168945
ALONE,988,Protein,12.55295467376709
ALONE,989,Protein,12.751973152160645
ALONE,990,Protein,12.930082321166992
ALONE,991,Protein,13.110817909240723
ALONE,992,Protein,13.759856224060059
ALONE,993,Protein,13.41417407989502
ALONE,994,Protein,13.746901512145996
ALONE,995,Protein,13.595222473144531
ALONE,996,Protein,13.419595718383789
ALONE,997,Protein,13.039420127868652
ALONE,998,Protein,13.608671188354492
ALONE,999,Protein,13.831867218017578
ALONE,1000,Protein,13.903907775878906
ALONE,1001,Protein,13.416104316711426
ALONE,1002,Protein,12.955877304077148
ALONE,1003,Protein,12.62609577178955
ALONE,1004,Protein,12.616326332092285
ALONE,1005,Protein,12.933808326721191
ALONE,1006,Protein,12.826384544372559
ALONE,1007,Protein,12.215181350708008
ALONE,1008,Protein,12.81177806854248
ALONE,1009,Protein,13.049201965332031
ALONE,1010,Protein,12.754880905151367
ALONE,1011,Protein,12.743034362792969
ALONE,1012,Protein,12.474546432495117
ALONE,1013,Protein,12.969771385192871
ALONE,1014,Protein,13.011717796325684
ALONE,1015,Protein,13.123043060302734
ALONE,1016,Protein,13.059209823608398
ALONE,1017,Protein,12.471152305603027
ALONE,1018,Protein,12.27912425994873
ALONE,1019,Protein,12.43143081665039
ALONE,1020,Protein,12.472365379333496
ALONE,1021,Protein,12.305480003356934
ALONE,1022,Protein,12.12425708770752
ALONE,1023,Protein,12.328700065612793
ALONE,1024,Protein,12.459590911865234
ALONE,1025,Protein,12.71347713470459
ALONE,1026,Protein,12.507889747619629
ALONE,1027,Protein,12.412452697753906
ALONE,1028,Protein,12.160950660705566
ALONE,1029,Protein,12.20465087890625
ALONE,1030,Protein,12.429966926574707
ALONE,1031,Protein,12.470932006835938
ALONE,1032,Protein,12.534305572509766
ALONE,1033,Protein,13.387404441833496
ALONE,1034,Protein,13.10493278503418
ALONE,1035,Protein,12.982816696166992
ALONE,1036,Protein,12.737707138061523
ALONE,1037,Protein,13.538666725158691
ALONE,1038,Protein,13.618426322937012
ALONE,1039,Protein,13.796150207519531
ALONE,1040,Protein,14.075690269470215
ALONE,1041,Protein,14.41833782196045
ALONE,1042,Protein,14.980518341064453
ALONE,1043,Protein,14.681543350219727
ALONE,1044,Protein,14.152002334594727
ALONE,1045,Protein,14.236556053161621
ALONE,1046,Protein,14.190114974975586
ALONE,1047,Protein,14.784214973449707
ALONE,1048,Protein,14.744473457336426
ALONE,1049,Protein,14.227420806884766
ALONE,1050,Protein,14.80288314819336
ALONE,1051,Protein,14.482684135437012
ALONE,1052,Protein,14.131522178649902
ALONE,1053,Protein,13.787337303161621
ALONE,1054,Protein,14.620443344116211
ALONE,1055,Protein,14.929296493530273
ALONE,1056,Protein,14.859431266784668
ALONE,1057,Protein,14.469057083129883
ALONE,1058,Protein,14.409162521362305
ALONE,1059,Protein,14.191422462463379
ALONE,1060,Protein,14.266605377197266
ALONE,1061,Protein,14.55367660522461
ALONE,1062,Protein,13.841035842895508
ALONE,1063,Protein,14.299161911010742
ALONE,1064,Protein,14.051403045654297
ALONE,1065,Protein,14.001592636108398
ALONE,1066,Protein,14.163477897644043
ALONE,1067,Protein,14.580704689025879
ALONE,1068,Protein,14.727859497070313
ALONE,1069,Protein,14.832695960998535
ALONE,1070,Protein,14.652981758117676
ALONE,1071,Protein,14.805809020996094
ALONE,1072,Protein,13.947298049926758
ALONE,1073,Protein,14.707449913024902
ALONE,1074,Protein,14.70845890045166
ALONE,1075,Protein,14.535418510437012
ALONE,1076,Protein,15.047731399536133
ALONE,1077,Protein,15.303398132324219
ALONE,1078,Protein,14.423879623413086
ALONE,1079,Protein,14.83084487915039
ALONE,1080,Protein,15.21741008758545
ALONE,1081,Protein,15.568931579589844
ALONE,1082,Protein,15.112743377685547
ALONE,1083,Protein,15.374982833862305
ALONE,1084,Protein,15.169929504394531
ALONE,1085,Protein,15.47433090209961
ALONE,1086,Protein,15.330568313598633
ALONE,1087,Protein,15.21314811706543
ALONE,1088,Protein,15.303572654724121
ALONE,1089,Protein,15.500893592834473
ALONE,1090,Protein,15.345808029174805
ALONE,1091,Protein,14.995073318481445
ALONE,1092,Protein,15.022830963134766
ALONE,1093,Protein,14.7310209274292
ALONE,1094,Protein,13.92078685760498
ALONE,1095,Protein,14.544822692871094
ALONE,1096,Protein,15.180012702941895
ALONE,1097,Protein,15.177277565002441
ALONE,1098,Protein,15.564606666564941
ALONE,1099,Protein,15.341875076293945
ALONE,1100,Protein,15.529844284057617
ALONE,1101,Protein,15.242238998413086
ALONE,1102,Protein,15.227685928344727
ALONE,1103,Protein,16.022048950195313
ALONE,1104,Protein,16.027725219726563
ALONE,1105,Protein,16.237295150756836
ALONE,1106,Protein,16.07802391052246
ALONE,1107,Protein,15.880435943603516
ALONE,1108,Protein,15.701489448547363
ALONE,1109,Protein,15.1503324508667
ALONE,1110,Protein,14.958941459655762
ALONE,1111,Protein,14.594619750976563
ALONE,1112,Protein,15.023885726928711
ALONE,1113,Protein,14.545299530029297
ALONE,1114,Protein,14.203605651855469
ALONE,1115,Protein,14.295985221862793
ALONE,1116,Protein,14.666251182556152
ALONE,1117,Protein,14.548418998718262
ALONE,1118,Protein,14.292886734008789
ALONE,1119,Protein,13.880184173583984
ALONE,1120,Protein,13.303146362304688
ALONE,1121,Protein,13.494038581848145
ALONE,1122,Protein,14.405261993408203
ALONE,1123,Protein,14.490933418273926
ALONE,1124,Protein,14.810507774353027
ALONE,1125,Protein,14.699984550476074
ALONE,1126,Protein,14.940589904785156
ALONE,1127,Protein,15.260003089904785
ALONE,1128,Protein,15.078863143920898
ALONE,1129,Protein,15.311784744262695
ALONE,1130,Protein,15.410513877868652
ALONE,1131,Protein,15.657379150390625
ALONE,1132,Protein,16.18906593322754
ALONE,1133,Protein,16.469345092773438
ALONE,1134,Protein,16.451810836791992
ALONE,1135,Protein,15.834141731262207
ALONE,1136,Protein,16.052143096923828
ALONE,1137,Protein,16.408037185668945
ALONE,1138,Protein,16.155704498291016
ALONE,1139,Protein,15.796867370605469
ALONE,1140,Protein,16.433734893798828
ALONE,1141,Protein,16.613956451416016
ALONE,1142,Protein,16.30547523498535
ALONE,1143,Protein,16.892465591430664
ALONE,1144,Protein,16.397056579589844
ALONE,1145,Protein,16.441574096679688
ALONE,1146,Protein,16.623538970947266
ALONE,1147,Protein,16.407730102539063
ALONE,1148,Protein,16.079343795776367
ALONE,1149,Protein,15.950155258178711
ALONE,1150,Protein,15.675995826721191
ALONE,1151,Protein,15.026169776916504
ALONE,1152,Protein,14.85279655456543
ALONE,1153,Protein,14.321186065673828
ALONE,1154,Protein,14.573667526245117
ALONE,1155,Protein,14.839771270751953
ALONE,1156,Protein,14.240707397460938
ALONE,1157,Protein,13.80734634399414
ALONE,1158,Protein,13.951078414916992
ALONE,1159,Protein,13.622956275939941
ALONE,1160,Protein,13.4403076171875
ALONE,1161,Protein,13.701136589050293
ALONE,1162,Protein,13.233263969421387
ALONE,1163,Protein,13.02377986907959
ALONE,1164,Protein,12.90617561340332
ALONE,1165,Protein,12.124956130981445
ALONE,1166,Protein,12.742887496948242
ALONE,1167,Protein,12.404351234436035
ALONE,1168,Protein,12.445699691772461
ALONE,1169,Protein,12.822892189025879
ALONE,1170,Protein,12.814545631408691
ALONE,1171,Protein,12.653127670288086
ALONE,1172,Protein,12.150877952575684
ALONE,1173,Protein,12.146406173706055
ALONE,1174,Protein,12.481592178344727
ALONE,1175,Protein,12.177863121032715
ALONE,1176,Protein,11.894111633300781
ALONE,1177,Protein,11.678174018859863
ALONE,1178,Protein,11.662312507629395
ALONE,1179,Protein,11.919134140014648
ALONE,1180,Protein,11.807266235351563
ALONE,1181,Protein,11.939433097839355
ALONE,1182,Protein,11.574868202209473
ALONE,1183,Protein,11.480462074279785
ALONE,1184,Protein,11.601448059082031
ALONE,1185,Protein,11.528555870056152
ALONE,1186,Protein,11.689130783081055
ALONE,1187,Protein,11.39621639251709
ALONE,1188,Protein,11.576191902160645
ALONE,1189,Protein,11.759994506835938
ALONE,1190,Protein,11.723340034484863
ALONE,1191,Protein,11.35860824584961
ALONE,1192,Protein,11.360712051391602
ALONE,1193,Protein,11.422689437866211
ALONE,1194,Protein,11.300799369812012
ALONE,1195,Protein,11.669403076171875
ALONE,1196,Protein,11.543951988220215
ALONE,1197,Protein,11.564142227172852
ALONE,1198,Protein,11.77857494354248
ALONE,1199,Protein,11.886868476867676
ALONE,1200,Protein,11.91043758392334
ALONE,1201,Protein,12.001442909240723
ALONE,1202,Protein,12.407051086425781
ALONE,1203,Protein,12.724151611328125
ALONE,1204,Protein,12.452656745910645
ALONE,1205,Protein,12.12775707244873
ALONE,1206,Protein,12.068540573120117
ALONE,1207,Protein,11.800460815429688
ALONE,1208,Protein,12.359642028808594
ALONE,1209,Protein,12.138559341430664
ALONE,1210,Protein,12.402312278747559
ALONE,1211,Protein,12.164259910583496
ALONE,1212,Protein,12.57276725769043
ALONE,1213,Protein,12.61231803894043
ALONE,1214,Protein,12.354439735412598
ALONE,1215,Protein,11.88595199584961
ALONE,1216,Protein,12.165552139282227
ALONE,1217,Protein,12.198028564453125
ALONE,1218,Protein,12.232279777526855
ALONE,1219,Protein,12.17270278930664
ALONE,1220,Protein,12.582205772399902
ALONE,1221,Protein,12.570030212402344
ALONE,1222,Protein,12.376102447509766
ALONE,1223,Protein,12.265995025634766
ALONE,1224,Protein,12.663368225097656
ALONE,1225,Protein,12.744491577148438
ALONE,1226,Protein,12.801426887512207
ALONE,1227,Protein,12.882134437561035
ALONE,1228,Protein,13.103753089904785
ALONE,1229,Protein,13.088919639587402
ALONE,1230,Protein,12.969271659851074
ALONE,1231,Protein,12.931025505065918
ALONE,1232,Protein,12.875936508178711
ALONE,1233,Protein,13.02921199798584
ALONE,1234,Protein,13.02353572845459
ALONE,1235,Protein,13.379050254821777
ALONE,1236,Protein,13.40184211730957
ALONE,1237,Protein,13.761659622192383
ALONE,1238,Protein,13.803511619567871
ALONE,1239,Protein,14.324179649353027
ALONE,1240,Protein,14.291973114013672
ALONE,1241,Protein,13.991325378417969
ALONE,1242,Protein,14.027849197387695
ALONE,1243,Protein,13.595242500305176
ALONE,1244,Protein,13.532819747924805
ALONE,1245,Protein,13.357569694519043
ALONE,1246,Protein,13.450849533081055
ALONE,1247,Protein,13.882122993469238
ALONE,1248,Protein,13.919092178344727
ALONE,1249,Protein,13.769325256347656
ALONE,1250,Protein,13.115443229675293
ALONE,1251,Protein,13.36604118347168
ALONE,1252,Protein,13.592442512512207
ALONE,1253,Protein,13.774097442626953
ALONE,1254,Protein,12.902938842773438
ALONE,1255,Protein,12.966066360473633
ALONE,1256,Protein,13.824880599975586
ALONE,1257,Protein,13.873370170593262
ALONE,1258,Protein,14.35776138305664
ALONE,1259,Protein,14.634844779968262
ALONE,1260,Protein,14.496257781982422
ALONE,1261,Protein,14.136845588684082
ALONE,1262,Protein,14.385164260864258
ALONE,1263,Protein,14.439301490783691
ALONE,1264,Protein,14.191213607788086
ALONE,1265,Protein,14.174722671508789
ALONE,1266,Protein,14.406811714172363
ALONE,1267,Protein,14.495783805847168
ALONE,1268,Protein,14.28813648223877
ALONE,1269,Protein,14.331318855285645
ALONE,1270,Protein,14.39927864074707
ALONE,1271,Protein,14.513242721557617
ALONE,1272,Protein,14.339459419250488
ALONE,1273,Protein,14.397344589233398
ALONE,1274,Protein,14.527741432189941
ALONE,1275,Protein,14.558801651000977
ALONE,1276,Protein,13.927682876586914
ALONE,1277,Protein,14.563945770263672
ALONE,1278,Protein,13.976543426513672
ALONE,1279,Protein,14.296512603759766
ALONE,1280,Protein,14.575845718383789
ALONE,1281,Protein,14.297619819641113
ALONE,1282,Protein,14.272845268249512
ALONE,1283,Protein,13.835132598876953
ALONE,1284,Protein,13.753703117370605
ALONE,1285,Protein,13.346434593200684
ALONE,1286,Protein,13.604036331176758
ALONE,1287,Protein,13.613177299499512
ALONE,1288,Protein,13.51862907409668
ALONE,1289,Protein,13.491148948669434
ALONE,1290,Protein,13.924317359924316
ALONE,1291,Protein,13.71392822265625
ALONE,1292,Protein,14.058121681213379
ALONE,1293,Protein,14.019706726074219
ALONE,1294,Protein,13.861302375793457
ALONE,1295,Protein,13.837174415588379
ALONE,1296,Protein,14.382784843444824
ALONE,1297,Protein,14.68415355682373
ALONE,1298,Protein,14.779815673828125
ALONE,1299,Protein,14.964315414428711
ALONE,1300,Protein,15.11225414276123
ALONE,1301,Protein,14.438943862915039
ALONE,1302,Protein,14.767228126525879
ALONE,1303,Protein,14.844077110290527
ALONE,1304,Protein,15.062051773071289
ALONE,1305,Protein,15.103495597839355
ALONE,1306,Protein,15.319972038269043
ALONE,1307,Protein,14.859993934631348
ALONE,1308,Protein,15.034811019897461
ALONE,1309,Protein,15.225804328918457
ALONE,1310,Protein,15.158019065856934
ALONE,1311,Protein,14.836784362792969
ALONE,1312,Protein,14.741788864135742
ALONE,1313,Protein,14.458162307739258
ALONE,1314,Protein,14.392786026000977
ALONE,1315,Protein,14.701977729797363
ALONE,1316,Protein,14.755168914794922
ALONE,1317,Protein,15.114447593688965
ALONE,1318,Protein,15.091507911682129
ALONE,1319,Protein,14.312813758850098
ALONE,1320,Protein,14.343231201171875
ALONE,1321,Protein,14.058805465698242
ALONE,1322,Protein,14.645913124084473
ALONE,1323,Protein,14.484213829040527
ALONE,1324,Protein,14.52228832244873
ALONE,1325,Protein,14.704704284667969
ALONE,1326,Protein,14.744182586669922
ALONE,1327,Protein,14.70305347442627
ALONE,1328,Protein,14.617813110351563
ALONE,1329,Protein,14.431534767150879
ALONE,1330,Protein,14.507564544677734
ALONE,1331,Protein,14.556242942810059
ALONE,1332,Protein,14.912567138671875
ALONE,1333,Protein,14.431609153747559
ALONE,1334,Protein,14.313440322875977
ALONE,1335,Protein,14.245439529418945
ALONE,1336,Protein,14.0383882522583
ALONE,1337,Protein,13.897409439086914
ALONE,1338,Protein,14.11795711517334
ALONE,1339,Protein,14.043123245239258
ALONE,1340,Protein,13.998635292053223
ALONE,1341,Protein,14.07693099975586
ALONE,1342,Protein,14.674728393554688
ALONE,1343,Protein,14.916894912719727
ALONE,1344,Protein,14.913952827453613
ALONE,1345,Protein,14.312463760375977
ALONE,1346,Protein,14.55119800567627
ALONE,1347,Protein,14.97472858428955
ALONE,1348,Protein,14.356993675231934
ALONE,1349,Protein,14.624159812927246
ALONE,1350,Protein,14.46739673614502
ALONE,1351,Protein,14.409542083740234
ALONE,1352,Protein,14.127433776855469
ALONE,1353,Protein,13.772196769714355
ALONE,1354,Protein,13.952879905700684
ALONE,1355,Protein,14.020957946777344
ALONE,1356,Protein,13.548379898071289
ALONE,1357,Protein,12.933526039123535
ALONE,1358,Protein,13.162141799926758
ALONE,1359,Protein,13.032747268676758
ALONE,1360,Protein,13.15880298614502
ALONE,1361,Protein,13.448302268981934
ALONE,1362,Protein,13.673584938049316
ALONE,1363,Protein,13.52859115600586
ALONE,1364,Protein,14.242116928100586
ALONE,1365,Protein,14.374990463256836
ALONE,1366,Protein,13.96735954284668
ALONE,1367,Protein,13.873730659484863
ALONE,1368,Protein,13.83244514465332
ALONE,1369,Protein,13.955558776855469
ALONE,1370,Protein,14.013211250305176
ALONE,1371,Protein,13.918922424316406
ALONE,1372,Protein,13.738265037536621
ALONE,1373,Protein,14.053644180297852
ALONE,1374,Protein,14.317117691040039
ALONE,1375,Protein,13.719160079956055
ALONE,1376,Protein,13.699938774108887
ALONE,1377,Protein,13.71985912322998
ALONE,1378,Protein,13.211159706115723
ALONE,1379,Protein,12.760482788085938
ALONE,1380,Protein,13.181077003479004
ALONE,1381,Protein,13.11140251159668
ALONE,1382,Protein,13.36411190032959
ALONE,1383,Protein,13.818002700805664
ALONE,1384,Protein,14.010519981384277
ALONE,1385,Protein,14.478094100952148
ALONE,1386,Protein,13.959823608398438
ALONE,1387,Protein,14.484526634216309
ALONE,1388,Protein,14.09500789642334
ALONE,1389,Protein,14.052298545837402
ALONE,1390,Protein,13.890934944152832
ALONE,1391,Protein,13.61648941040039
ALONE,1392,Protein,13.644267082214355
ALONE,1393,Protein,13.858475685119629
ALONE,1394,Protein,13.589224815368652
ALONE,1395,Protein,13.587586402893066
ALONE,1396,Protein,13.689504623413086
ALONE,1397,Protein,13.53682804107666
ALONE,1398,Protein,13.550826072692871
ALONE,1399,Protein,13.251164436340332
ALONE,1400,Protein,13.218561172485352
ALONE,1401,Protein,13.430612564086914
ALONE,1402,Protein,13.483194351196289
ALONE,1403,Protein,13.253889083862305
ALONE,1404,Protein,13.712231636047363
ALONE,1405,Protein,13.427258491516113
ALONE,1406,Protein,13.54023551940918
ALONE,1407,Protein,13.456748008728027
ALONE,1408,Protein,13.101587295532227
ALONE,1409,Protein,13.846003532409668
ALONE,1410,Protein,13.372879028320313
ALONE,1411,Protein,13.67416000366211
ALONE,1412,Protein,13.786172866821289
ALONE,1413,Protein,13.66912841796875
ALONE,1414,Protein,13.651037216186523
ALONE,1415,Protein,14.019966125488281
ALONE,1416,Protein,13.99962043762207
ALONE,1417,Protein,13.303413391113281
ALONE,1418,Protein,13.48975944519043
ALONE,1419,Protein,13.568248748779297
ALONE,1420,Protein,13.764076232910156
ALONE,1421,Protein,13.72995662689209
ALONE,1422,Protein,13.63931655883789
ALONE,1423,Protein,13.638257026672363
ALONE,1424,Protein,13.307087898254395
ALONE,1425,Protein,12.980917930603027
ALONE,1426,Protein,13.184513092041016
ALONE,1427,Protein,13.100200653076172
ALONE,1428,Protein,13.130821228027344
ALONE,1429,Protein,13.36500072479248
ALONE,1430,Protein,13.423609733581543
ALONE,1431,Protein,13.323379516601563
ALONE,1432,Protein,13.249201774597168
ALONE,1433,Protein,13.31430435180664
ALONE,1434,Protein,13.238714218139648
ALONE,1435,Protein,13.571706771850586
ALONE,1436,Protein,13.340438842773438
ALONE,1437,Protein,13.431084632873535
ALONE,1438,Protein,13.378867149353027
ALONE,1439,Protein,13.063261032104492
ALONE,1440,Protein,13.172119140625
ALONE,1441,Protein,13.265397071838379
ALONE,1442,Protein,13.318087577819824
ALONE,1443,Protein,13.812276840209961
ALONE,1444,Protein,13.382375717163086
ALONE,1445,Protein,13.643189430236816
ALONE,1446,Protein,13.7927827835083
ALONE,1447,Protein,13.549229621887207
ALONE,1448,Protein,13.894855499267578
ALONE,1449,Protein,13.76557731628418
ALONE,1450,Protein,14.207859992980957
ALONE,1451,Protein,14.157468795776367
ALONE,1452,Protein,13.801360130310059
ALONE,1453,Protein,13.722367286682129
ALONE,1454,Protein,13.72182846069336
ALONE,1455,Protein,13.645821571350098
ALONE,1456,Protein,13.970149993896484
ALONE,1457,Protein,14.029448509216309
ALONE,1458,Protein,14.189238548278809
ALONE,1459,Protein,14.076723098754883
ALONE,1460,Protein,13.296826362609863
ALONE,1461,Protein,13.060201644897461
ALONE,1462,Protein,13.394576072692871
ALONE,1463,Protein,13.298731803894043
ALONE,1464,Protein,13.567008972167969
ALONE,1465,Protein,14.312653541564941
ALONE,1466,Protein,14.130699157714844
ALONE,1467,Protein,14.178265571594238
ALONE,1468,Protein,14.059350967407227
ALONE,1469,Protein,13.941333770751953
ALONE,1470,Protein,13.752036094665527
ALONE,1471,Protein,13.942331314086914
ALONE,1472,Protein,14.021729469299316
ALONE,1473,Protein,13.797897338867188
ALONE,1474,Protein,13.99874210357666
ALONE,1475,Protein,14.148792266845703
ALONE,1476,Protein,14.090181350708008
ALONE,1477,Protein,14.729028701782227
ALONE,1478,Protein,14.606695175170898
ALONE,1479,Protein,14.30394172668457
ALONE,1480,Protein,14.167534828186035
ALONE,1481,Protein,14.18087387084961
ALONE,1482,Protein,14.241534233093262
ALONE,1483,Protein,14.299409866333008
ALONE,1484,Protein,13.970477104187012
ALONE,1485,Protein,14.008016586303711
ALONE,1486,Protein,14.12574577331543
ALONE,1487,Protein,14.264396667480469
ALONE,1488,Protein,14.065143585205078
ALONE,1489,Protein,13.463521957397461
ALONE,1490,Protein,13.552087783813477
ALONE,1491,Protein,13.717617988586426
ALONE,1492,Protein,14.109395027160645
ALONE,1493,Protein,14.015218734741211
ALONE,1494,Protein,14.293245315551758
ALONE,1495,Protein,14.067113876342773
ALONE,1496,Protein,14.138246536254883
ALONE,1497,Protein,13.936077117919922
ALONE,1498,Protein,14.422721862792969
ALONE,1499,Protein,13.969112396240234
ALONE,1500,Protein,14.445627212524414
ALONE,1501,Protein,14.234997749328613
ALONE,1502,Protein,13.622228622436523
ALONE,1503,Protein,13.65886116027832
ALONE,1504,Protein,13.283920288085938
ALONE,1505,Protein,14.089395523071289
ALONE,1506,Protein,13.837617874145508
ALONE,1507,Protein,14.121199607849121
ALONE,1508,Protein,14.067597389221191
ALONE,1509,Protein,13.708447456359863
ALONE,1510,Protein,13.323346138000488
ALONE,1511,Protein,13.451428413391113
ALONE,1512,Protein,13.61518383026123
ALONE,1513,Protein,13.55880069732666
ALONE,1514,Protein,13.711774826049805
ALONE,1515,Protein,13.557828903198242
ALONE,1516,Protein,13.241934776306152
ALONE,1517,Protein,13.639020919799805
ALONE,1518,Protein,14.032151222229004
ALONE,1519,Protein,14.059410095214844
ALONE,1520,Protein,13.4468994140625
ALONE,1521,Protein,13.58255672454834
ALONE,1522,Protein,13.522726058959961
ALONE,1523,Protein,13.774300575256348
ALONE,1524,Protein,13.457000732421875
ALONE,1525,Protein,14.04471206665039
ALONE,1526,Protein,13.583932876586914
ALONE,1527,Protein,13.549989700317383
ALONE,1528,Protein,13.861356735229492
ALONE,1529,Protein,13.694904327392578
ALONE,1530,Protein,14.07999324798584
ALONE,1531,Protein,13.878786087036133
ALONE,1532,Protein,13.863446235656738
ALONE,1533,Protein,14.142375946044922
ALONE,1534,Protein,14.237005233764648
ALONE,1535,Protein,13.82893180847168
ALONE,1536,Protein,14.319555282592773
ALONE,1537,Protein,14.334677696228027
ALONE,1538,Protein,14.003204345703125
ALONE,1539,Protein,13.689898490905762
ALONE,1540,Protein,13.290555000305176
ALONE,1541,Protein,13.244640350341797
ALONE,1542,Protein,13.443074226379395
ALONE,1543,Protein,13.150327682495117
ALONE,1544,Protein,13.441306114196777
ALONE,1545,Protein,13.688472747802734
ALONE,1546,Protein,13.589765548706055
ALONE,1547,Protein,14.04647159576416
ALONE,1548,Protein,14.256040573120117
ALONE,1549,Protein,13.945395469665527
ALONE,1550,Protein,13.816699981689453
ALONE,1551,Protein,13.816326141357422
ALONE,1552,Protein,13.569324493408203
ALONE,1553,Protein,13.547805786132813
ALONE,1554,Protein,13.522909164428711
ALONE,1555,Protein,13.293564796447754
ALONE,1556,Protein,13.321365356445313
ALONE,1557,Protein,13.16957950592041
ALONE,1558,Protein,13.2283935546875
ALONE,1559,Protein,13.02816104888916
ALONE,1560,Protein,13.700793266296387
ALONE,1561,Protein,13.75502872467041
ALONE,1562,Protein,13.9547758102417
ALONE,1563,Protein,14.157000541687012
ALONE,1564,Protein,14.993986129760742
ALONE,1565,Protein,14.708382606506348
ALONE,1566,Protein,14.240019798278809
ALONE,1567,Protein,14.329761505126953
ALONE,1568,Protein,13.927203178405762
ALONE,1569,Protein,13.945517539978027
ALONE,1570,Protein,13.617096900939941
ALONE,1571,Protein,13.708353042602539
ALONE,1572,Protein,13.705172538757324
ALONE,1573,Protein,13.952903747558594
ALONE,1574,Protein,13.906359672546387
ALONE,1575,Protein,13.716110229492188
ALONE,1576,Protein,13.493338584899902
ALONE,1577,Protein,13.771355628967285
ALONE,1578,Protein,13.85786247253418
ALONE,1579,Protein,13.828500747680664
ALONE,1580,Protein,13.708026885986328
ALONE,1581,Protein,14.195626258850098
ALONE,1582,Protein,14.463240623474121
ALONE,1583,Protein,14.229534149169922
ALONE,1584,Protein,14.173032760620117
ALONE,1585,Protein,13.612751960754395
ALONE,1586,Protein,13.494980812072754
ALONE,1587,Protein,14.08318042755127
ALONE,1588,Protein,13.411907196044922
ALONE,1589,Protein,14.04162883758545
ALONE,1590,Protein,14.04517936706543
ALONE,1591,Protein,14.351737022399902
ALONE,1592,Protein,14.496453285217285
ALONE,1593,Protein,14.315680503845215
ALONE,1594,Protein,14.315682411193848
