TYPE,FRAME, RADIOG
Protein, 1, 24.604811822448887
Complex, 1, 24.56042916992046
Protein, 2, 24.624547450867027
Complex, 2, 24.58122535953172
Protein, 3, 24.6706505588153
Complex, 3, 24.628185433299652
Protein, 4, 24.6343856699694
Complex, 4, 24.591448648632294
Protein, 5, 24.60425155324461
Complex, 5, 24.560186809210066
Protein, 6, 24.56479410976311
Complex, 6, 24.520590166157778
Protein, 7, 24.92311578050399
Complex, 7, 24.8829679252439
Protein, 8, 24.630920782688527
Complex, 8, 24.586758127982492
Protein, 9, 24.66612419720209
Complex, 9, 24.623268106426483
Protein, 10, 24.680616066718812
Complex, 10, 24.639736552192712
Protein, 11, 24.757371207027337
Complex, 11, 24.7142947349084
Protein, 12, 24.50408903515188
Complex, 12, 24.45928345672949
Protein, 13, 24.982850525628976
Complex, 13, 24.936743576458067
Protein, 14, 25.03288304804294
Complex, 14, 24.98742961025189
Protein, 15, 25.069576023540407
Complex, 15, 25.023640622617055
Protein, 16, 24.868993060485472
Complex, 16, 24.823979548673442
Protein, 17, 24.923015445307787
Complex, 17, 24.877159540779616
Protein, 18, 24.275843725359394
Complex, 18, 24.227821498053604
Protein, 19, 24.350359542422062
Complex, 19, 24.3041454472421
Protein, 20, 24.212929339448706
Complex, 20, 24.166112397715388
Protein, 21, 24.207290226412155
Complex, 21, 24.166767428314433
Protein, 22, 24.15794052431937
Complex, 22, 24.119060369392958
Protein, 23, 23.96798652917447
Complex, 23, 23.918995028462312
Protein, 24, 23.98326626981573
Complex, 24, 23.94105981999431
Protein, 25, 23.85743588238363
Complex, 25, 23.82349198861117
Protein, 26, 23.921464517296624
Complex, 26, 23.883698586274207
Protein, 27, 23.882644039975556
Complex, 27, 23.851414835957076
Protein, 28, 23.786173633601297
Complex, 28, 23.747840537245413
Protein, 29, 24.202217441291346
Complex, 29, 24.17020709347162
Protein, 30, 24.237987475590636
Complex, 30, 24.201849442623285
Protein, 31, 24.054909656449553
Complex, 31, 24.02788521472323
Protein, 32, 24.13627218795794
Complex, 32, 24.100072862704632
Protein, 33, 24.23444403563017
Complex, 33, 24.19534777296519
Protein, 34, 24.269652616824143
Complex, 34, 24.23195925200765
Protein, 35, 24.659681946996262
Complex, 35, 24.615839304599856
Protein, 36, 24.312431877372077
Complex, 36, 24.276219024015298
Protein, 37, 23.96885426613857
Complex, 37, 23.932998506318786
Protein, 38, 23.988309524124595
Complex, 38, 23.948591675459053
Protein, 39, 23.582380737828206
Complex, 39, 23.550463882981933
Protein, 40, 23.514762975523126
Complex, 40, 23.477271213748296
Protein, 41, 23.233097781014557
Complex, 41, 23.197359506750107
Protein, 42, 23.63408163618569
Complex, 42, 23.59309206091814
Protein, 43, 23.79492985223214
Complex, 43, 23.76096844833053
Protein, 44, 23.788260003394743
Complex, 44, 23.74792658282374
Protein, 45, 23.8055116143749
Complex, 45, 23.759425165059405
Protein, 46, 23.898643761150076
Complex, 46, 23.855128592017987
Protein, 47, 23.809767214778397
Complex, 47, 23.767557151429198
Protein, 48, 24.04118922861368
Complex, 48, 23.997517381944395
Protein, 49, 24.12066377818695
Complex, 49, 24.078265682171
Protein, 50, 24.083643459280598
Complex, 50, 24.0438117413079
Protein, 51, 24.128909672094764
Complex, 51, 24.089199141689733
Protein, 52, 24.481746892607056
Complex, 52, 24.438327696383855
Protein, 53, 24.39800493990746
Complex, 53, 24.357427331422475
Protein, 54, 23.86427819017229
Complex, 54, 23.826085372813377
Protein, 55, 24.285906694040865
Complex, 55, 24.244510429995284
Protein, 56, 24.338949569470714
Complex, 56, 24.29928177548465
Protein, 57, 24.534776098797447
Complex, 57, 24.494151455195418
Protein, 58, 24.40000234567029
Complex, 58, 24.3595111102898
Protein, 59, 24.41971329719078
Complex, 59, 24.382770234254885
Protein, 60, 24.019892220536853
Complex, 60, 23.98052265975121
Protein, 61, 23.948953873555524
Complex, 61, 23.90982713860521
Protein, 62, 23.64941822650348
Complex, 62, 23.610660801422643
Protein, 63, 23.8322703579103
Complex, 63, 23.80052952881317
Protein, 64, 23.4458052837833
Complex, 64, 23.41247928854171
Protein, 65, 23.674921052324542
Complex, 65, 23.63902668972095
Protein, 66, 23.98412000234126
Complex, 66, 23.942812958800737
Protein, 67, 24.2347843460432
Complex, 67, 24.19853223979577
Protein, 68, 23.949979475673075
Complex, 68, 23.91623745403143
Protein, 69, 24.061470699395446
Complex, 69, 24.02364204219039
Protein, 70, 24.083750478219656
Complex, 70, 24.043850618664933
Protein, 71, 24.183510738529776
Complex, 71, 24.14195858042875
Protein, 72, 24.50009390871432
Complex, 72, 24.455708707047894
Protein, 73, 24.694013001700608
Complex, 73, 24.650286284410747
Protein, 74, 24.70928556986612
Complex, 74, 24.667523168308197
Protein, 75, 24.968438419159586
Complex, 75, 24.921730332643335
Protein, 76, 24.858805602203482
Complex, 76, 24.818234440812702
Protein, 77, 25.509826058995966
Complex, 77, 25.464426187302625
Protein, 78, 25.381768133163188
Complex, 78, 25.340230981250286
Protein, 79, 25.41293859214329
Complex, 79, 25.36223452666491
Protein, 80, 25.62499039320911
Complex, 80, 25.57777974994973
Protein, 81, 25.66569674937277
Complex, 81, 25.620496404227165
Protein, 82, 25.492918512586538
Complex, 82, 25.4565159576498
Protein, 83, 25.296560168430798
Complex, 83, 25.25569262066388
Protein, 84, 24.74281039639962
Complex, 84, 24.697381622835593
Protein, 85, 24.605330291124364
Complex, 85, 24.562916280113328
Protein, 86, 24.68044647601939
Complex, 86, 24.642131817607115
Protein, 87, 24.006952167941257
Complex, 87, 23.965506734623833
Protein, 88, 24.118479117179177
Complex, 88, 24.079466592663305
Protein, 89, 23.984194767343315
Complex, 89, 23.94270230795029
Protein, 90, 23.80607681758046
Complex, 90, 23.766981655786218
Protein, 91, 24.162952268811214
Complex, 91, 24.122276800132088
Protein, 92, 24.357033398456707
Complex, 92, 24.31329630733141
Protein, 93, 24.394539470219662
Complex, 93, 24.347774238748734
Protein, 94, 24.36302094700442
Complex, 94, 24.312604652825662
Protein, 95, 23.989392261190464
Complex, 95, 23.9437390234311
Protein, 96, 23.97117214572593
Complex, 96, 23.925559575890997
Protein, 97, 24.56151853478678
Complex, 97, 24.521692409503228
Protein, 98, 24.652088755477607
Complex, 98, 24.606236654628812
Protein, 99, 24.544498106605563
Complex, 99, 24.50022195737404
Protein, 100, 24.403990400234964
Complex, 100, 24.36211419147663
Protein, 101, 24.38414699421091
Complex, 101, 24.348170076273274
Protein, 102, 24.48768485930931
Complex, 102, 24.445709588013894
Protein, 103, 24.777267753167738
Complex, 103, 24.737027781172657
Protein, 104, 25.157506881026013
Complex, 104, 25.120157514174355
Protein, 105, 25.082728852202383
Complex, 105, 25.04617356059787
Protein, 106, 24.234037064948904
Complex, 106, 24.199278665424977
Protein, 107, 23.921240168814062
Complex, 107, 23.884491447982484
Protein, 108, 23.79282296404444
Complex, 108, 23.75800890666861
Protein, 109, 23.929123164814463
Complex, 109, 23.889256268326516
Protein, 110, 23.782744243779266
Complex, 110, 23.747461341996207
Protein, 111, 23.615625410079396
Complex, 111, 23.577769338372207
Protein, 112, 23.37732806113996
Complex, 112, 23.344572101212332
Protein, 113, 23.495425692022895
Complex, 113, 23.45813749853963
Protein, 114, 23.23912630806386
Complex, 114, 23.2009312015237
Protein, 115, 23.347596208897016
Complex, 115, 23.306291500026852
Protein, 116, 23.548874430975882
Complex, 116, 23.508894003005906
Protein, 117, 23.500246086055697
Complex, 117, 23.458514612024207
Protein, 118, 23.59381008540825
Complex, 118, 23.553064446677308
Protein, 119, 23.646078910273456
Complex, 119, 23.60462105857936
Protein, 120, 23.60301437747041
Complex, 120, 23.5649561899432
Protein, 121, 23.717533915674643
Complex, 121, 23.680091014871188
Protein, 122, 23.925630812363725
Complex, 122, 23.88718290835588
Protein, 123, 24.002392955036786
Complex, 123, 23.96369738277379
Protein, 124, 24.295238033007237
Complex, 124, 24.256874855076514
Protein, 125, 24.137102527585586
Complex, 125, 24.096942430310147
Protein, 126, 24.084634383028067
Complex, 126, 24.04532966100782
Protein, 127, 23.967791308205378
Complex, 127, 23.926708688421627
Protein, 128, 23.881309902736668
Complex, 128, 23.842984223074218
Protein, 129, 23.899788771025
Complex, 129, 23.859813002616917
Protein, 130, 23.971176570455928
Complex, 130, 23.9295737529074
Protein, 131, 24.159892933049903
Complex, 131, 24.120468310083908
Protein, 132, 24.359272342913428
Complex, 132, 24.309408977485838
Protein, 133, 23.982889078820822
Complex, 133, 23.94661002422099
Protein, 134, 23.910477209413894
Complex, 134, 23.86245015959679
Protein, 135, 23.56763544921411
Complex, 135, 23.51973742336204
Protein, 136, 23.483947470531522
Complex, 136, 23.436513642117355
Protein, 137, 23.6555917862941
Complex, 137, 23.606794371515964
Protein, 138, 23.562365172050036
Complex, 138, 23.513368779465832
Protein, 139, 23.44072534200833
Complex, 139, 23.38976450474631
Protein, 140, 23.474147230657856
Complex, 140, 23.428226755265896
Protein, 141, 23.558973243730385
Complex, 141, 23.51675962301755
Protein, 142, 23.539946797158073
Complex, 142, 23.499904853084292
Protein, 143, 23.278178940178535
Complex, 143, 23.243576119214463
Protein, 144, 23.557203419818936
Complex, 144, 23.517762755748723
Protein, 145, 23.53667688558149
Complex, 145, 23.498786108140866
Protein, 146, 23.398065434856058
Complex, 146, 23.35843317768077
Protein, 147, 23.543520991046137
Complex, 147, 23.50108230211883
Protein, 148, 23.646403002246007
Complex, 148, 23.604368992688908
Protein, 149, 23.670364543484236
Complex, 149, 23.629176082351904
Protein, 150, 23.302418757738845
Complex, 150, 23.256664440398172
Protein, 151, 23.218854775601805
Complex, 151, 23.175556410680613
Protein, 152, 23.10357136933642
Complex, 152, 23.06217606794307
Protein, 153, 23.295252807580685
Complex, 153, 23.25132162598844
Protein, 154, 23.0421058771788
Complex, 154, 22.99944421236181
Protein, 155, 23.428341137603848
Complex, 155, 23.38730521827163
Protein, 156, 23.31269800899488
Complex, 156, 23.270547982962974
Protein, 157, 23.65000014419286
Complex, 157, 23.606600634058196
Protein, 158, 23.984524050435155
Complex, 158, 23.942102615031907
Protein, 159, 24.172922414388207
Complex, 159, 24.13051415319343
Protein, 160, 24.073112768248276
Complex, 160, 24.0244005050106
Protein, 161, 23.803192175860957
Complex, 161, 23.760341062788722
Protein, 162, 23.871556383865126
Complex, 162, 23.82888316530011
Protein, 163, 24.264051223288856
Complex, 163, 24.218161865537436
Protein, 164, 24.60798634862992
Complex, 164, 24.558304478972328
Protein, 165, 24.21480850628992
Complex, 165, 24.171647303302063
Protein, 166, 24.38940534586623
Complex, 166, 24.345688577506913
Protein, 167, 24.529443957641007
Complex, 167, 24.48681981119926
Protein, 168, 24.200280885008002
Complex, 168, 24.160874118155647
Protein, 169, 23.98613168339664
Complex, 169, 23.94490858964968
Protein, 170, 24.414403296550436
Complex, 170, 24.373090528700658
Protein, 171, 24.08122459207647
Complex, 171, 24.041672620233008
Protein, 172, 24.22828903232163
Complex, 172, 24.191828591324775
Protein, 173, 24.515286316624884
Complex, 173, 24.472474742592176
Protein, 174, 24.317802511290154
Complex, 174, 24.28163420076215
Protein, 175, 24.620929767231985
Complex, 175, 24.585592487212043
Protein, 176, 24.675261735811354
Complex, 176, 24.639276841466298
Protein, 177, 24.477150980041266
Complex, 177, 24.439076579166617
Protein, 178, 24.358295006742125
Complex, 178, 24.318365786970553
Protein, 179, 24.91518019985476
Complex, 179, 24.874785870678135
Protein, 180, 24.849112293658447
Complex, 180, 24.808507355037825
Protein, 181, 24.431838124933055
Complex, 181, 24.391975621819203
Protein, 182, 24.12055683094444
Complex, 182, 24.084626762039534
Protein, 183, 24.00768602111555
Complex, 183, 23.96978506254753
Protein, 184, 24.07620655730759
Complex, 184, 24.03715367386394
Protein, 185, 24.426099604631744
Complex, 185, 24.388603671864907
Protein, 186, 24.357424744020584
Complex, 186, 24.318339781140658
Protein, 187, 23.82183577648518
Complex, 187, 23.781335152329518
Protein, 188, 24.12189343025764
Complex, 188, 24.07800262225666
Protein, 189, 24.3623778938345
Complex, 189, 24.31651731277113
Protein, 190, 24.32495699810575
Complex, 190, 24.28733073283054
Protein, 191, 24.578570134769464
Complex, 191, 24.536235170667627
Protein, 192, 24.268199564881353
Complex, 192, 24.22996506508567
Protein, 193, 24.593830979910482
Complex, 193, 24.556845289322506
Protein, 194, 24.573689482113984
Complex, 194, 24.538503018475204
Protein, 195, 24.668342176051066
Complex, 195, 24.626318396252085
Protein, 196, 24.71133752056297
Complex, 196, 24.671439457130493
Protein, 197, 25.47998981533032
Complex, 197, 25.43943457574351
Protein, 198, 25.369795349187484
Complex, 198, 25.32784525701917
Protein, 199, 25.406184272438438
Complex, 199, 25.36549025265307
Protein, 200, 25.32206955577365
Complex, 200, 25.280526471561227
Protein, 201, 25.18721707582326
Complex, 201, 25.146701203901717
Protein, 202, 25.379732116334157
Complex, 202, 25.344650434885796
Protein, 203, 25.868344589337926
Complex, 203, 25.832820090040784
Protein, 204, 25.571485817429842
Complex, 204, 25.53245854851247
Protein, 205, 25.672923565780344
Complex, 205, 25.629621921882666
Protein, 206, 25.29076568347998
Complex, 206, 25.24713223507645
Protein, 207, 25.081200569465334
Complex, 207, 25.04126291172642
Protein, 208, 25.688485775112653
Complex, 208, 25.64547134673979
Protein, 209, 25.264980280296232
Complex, 209, 25.22465634323648
Protein, 210, 25.158090065547952
Complex, 210, 25.122421237399507
Protein, 211, 25.151734918919765
Complex, 211, 25.117481242738265
Protein, 212, 25.624141826152346
Complex, 212, 25.592078026963478
Protein, 213, 25.358764666812018
Complex, 213, 25.328708888871844
Protein, 214, 25.19712666833588
Complex, 214, 25.1747667583561
Protein, 215, 25.302077402571186
Complex, 215, 25.277735536838975
Protein, 216, 25.80374128615906
Complex, 216, 25.776120774760123
Protein, 217, 25.64777442236151
Complex, 217, 25.62283593831891
Protein, 218, 25.608535888165243
Complex, 218, 25.58718779097916
Protein, 219, 26.4282760045388
Complex, 219, 26.40056129563674
Protein, 220, 26.059270129978252
Complex, 220, 26.032175943352946
Protein, 221, 25.742075829287955
Complex, 221, 25.719082903414893
Protein, 222, 25.950658084689596
Complex, 222, 25.926356826821014
Protein, 223, 25.777107175234285
Complex, 223, 25.742200539247634
Protein, 224, 25.948943162255276
Complex, 224, 25.91473416425636
Protein, 225, 25.87295452743588
Complex, 225, 25.837047010673526
Protein, 226, 25.75370230316291
Complex, 226, 25.718472694095656
Protein, 227, 25.636306438034158
Complex, 227, 25.608546810811
Protein, 228, 25.434675358193495
Complex, 228, 25.410403197986017
Protein, 229, 25.234505346169897
Complex, 229, 25.204637795493863
Protein, 230, 25.282882627908542
Complex, 230, 25.25536707094106
Protein, 231, 25.578549842014382
Complex, 231, 25.549169834249593
Protein, 232, 25.305206335627734
Complex, 232, 25.276853875013344
Protein, 233, 25.633304566771418
Complex, 233, 25.604619816449222
Protein, 234, 25.87540798681494
Complex, 234, 25.84879443549235
Protein, 235, 25.78980556231888
Complex, 235, 25.761308233497637
Protein, 236, 25.196463002432793
Complex, 236, 25.169221625853655
Protein, 237, 25.482186162881
Complex, 237, 25.44840739108919
Protein, 238, 25.528340987539366
Complex, 238, 25.500768507846043
Protein, 239, 25.15969828209583
Complex, 239, 25.123469505107774
Protein, 240, 24.909516504532267
Complex, 240, 24.87204490911218
Protein, 241, 25.299405859600885
Complex, 241, 25.25995014105007
Protein, 242, 24.957980400486495
Complex, 242, 24.92079835982557
Protein, 243, 25.302142614370624
Complex, 243, 25.270007961372997
Protein, 244, 24.754994144082872
Complex, 244, 24.724251961559712
Protein, 245, 24.63938749178917
Complex, 245, 24.609681781549796
Protein, 246, 25.14244605319037
Complex, 246, 25.111349183553347
Protein, 247, 25.00620464542197
Complex, 247, 24.97744190543781
Protein, 248, 25.20099043499142
Complex, 248, 25.167771709562857
Protein, 249, 25.013926697546083
Complex, 249, 24.98105836120117
Protein, 250, 25.38833168564795
Complex, 250, 25.347298642547138
Protein, 251, 25.863153517712227
Complex, 251, 25.813799682326454
Protein, 252, 25.722967757803204
Complex, 252, 25.67889853157192
Protein, 253, 25.440514089153446
Complex, 253, 25.396523727746484
Protein, 254, 25.754878183747017
Complex, 254, 25.70323839068905
Protein, 255, 26.19816812279533
Complex, 255, 26.148638502054524
Protein, 256, 26.092141621365233
Complex, 256, 26.046792410655986
Protein, 257, 25.88804975655603
Complex, 257, 25.842628907418394
Protein, 258, 25.93807702351052
Complex, 258, 25.89980361488882
Protein, 259, 25.84398677848385
Complex, 259, 25.800919154218338
Protein, 260, 26.161224306422213
Complex, 260, 26.119023383038858
Protein, 261, 26.296063864759535
Complex, 261, 26.245787336432198
Protein, 262, 26.583342088005214
Complex, 262, 26.531908836791853
Protein, 263, 26.59550059498353
Complex, 263, 26.54621202029357
Protein, 264, 26.295919374613426
Complex, 264, 26.251574300121405
Protein, 265, 26.41070919596652
Complex, 265, 26.359155650552342
Protein, 266, 26.095221418064934
Complex, 266, 26.048534318349493
Protein, 267, 26.43521222615691
Complex, 267, 26.388968478322287
Protein, 268, 27.14151965225224
Complex, 268, 27.091136622478707
Protein, 269, 27.685308497282318
Complex, 269, 27.63022873167386
Protein, 270, 27.561735368397
Complex, 270, 27.508197858937177
Protein, 271, 27.340618708786636
Complex, 271, 27.287588707232995
Protein, 272, 27.513937021799983
Complex, 272, 27.457571212273358
Protein, 273, 27.66358929659459
Complex, 273, 27.610847653890076
Protein, 274, 27.716440060634326
Complex, 274, 27.658302350801442
Protein, 275, 28.118288454795735
Complex, 275, 28.058547030629967
Protein, 276, 27.832287869185187
Complex, 276, 27.777381739683083
Protein, 277, 27.905894837806507
Complex, 277, 27.84809516068418
Protein, 278, 27.40810488770519
Complex, 278, 27.34958080656556
Protein, 279, 27.708578211810824
Complex, 279, 27.650151785911028
Protein, 280, 27.54955840896398
Complex, 280, 27.49054951984072
Protein, 281, 27.493196164742866
Complex, 281, 27.436075413692574
Protein, 282, 27.51178598788281
Complex, 282, 27.453824737338127
Protein, 283, 28.289508728939833
Complex, 283, 28.231645895930736
Protein, 284, 27.92287861956385
Complex, 284, 27.87130197783417
Protein, 285, 27.324613635138764
Complex, 285, 27.272549185476713
Protein, 286, 27.33765556875131
Complex, 286, 27.292054828722762
Protein, 287, 27.556057244776643
Complex, 287, 27.509075171271082
Protein, 288, 28.002060216432163
Complex, 288, 27.945075092984506
Protein, 289, 27.970613437548504
Complex, 289, 29.634139185613797
Protein, 290, 27.664316830500482
Complex, 290, 27.6107160574772
Protein, 291, 27.255369673193858
Complex, 291, 27.2103134985664
Protein, 292, 27.085488477543425
Complex, 292, 27.038297536051488
Protein, 293, 26.485944556117193
Complex, 293, 26.441907553680533
Protein, 294, 26.515798414396635
Complex, 294, 26.468437297919888
Protein, 295, 26.312684772988977
Complex, 295, 26.273327546232224
Protein, 296, 26.693228643916918
Complex, 296, 26.646185257948954
Protein, 297, 26.355220117867315
Complex, 297, 26.310443292070914
Protein, 298, 26.686777827416808
Complex, 298, 26.641439441569943
Protein, 299, 26.544211210836345
Complex, 299, 26.49215071016936
Protein, 300, 26.684647703548592
Complex, 300, 26.635621388089046
Protein, 301, 26.23625229049581
Complex, 301, 26.189968099956765
Protein, 302, 26.358084529345348
Complex, 302, 26.310697591776385
Protein, 303, 26.5389277348275
Complex, 303, 26.486360759804516
Protein, 304, 26.575088112897326
Complex, 304, 26.52463464140533
Protein, 305, 27.05122663590694
Complex, 305, 26.995561101608764
Protein, 306, 26.812814091947242
Complex, 306, 26.754600140613057
Protein, 307, 26.757337567451284
Complex, 307, 26.69830457641234
Protein, 308, 26.80944847038606
Complex, 308, 26.75383800254638
Protein, 309, 27.04787436197843
Complex, 309, 26.992587341657586
Protein, 310, 27.214066881877105
Complex, 310, 27.156204435844533
Protein, 311, 26.888988687334408
Complex, 311, 26.83480792664528
Protein, 312, 26.626734177143952
Complex, 312, 26.571048879310972
Protein, 313, 26.530923010061166
Complex, 313, 26.480512821193848
Protein, 314, 26.63026165106808
Complex, 314, 26.575457571840886
Protein, 315, 26.67297794962854
Complex, 315, 26.623937435315526
Protein, 316, 26.951817196606264
Complex, 316, 26.903696351187445
Protein, 317, 26.668337708517715
Complex, 317, 26.614430045310883
Protein, 318, 27.432694197266247
Complex, 318, 29.13332033134476
Protein, 319, 27.38219138162639
Complex, 319, 29.119703311011527
Protein, 320, 27.06478788073107
Complex, 320, 27.012339138124503
Protein, 321, 26.815064004992102
Complex, 321, 26.762619317808248
Protein, 322, 26.595386056515622
Complex, 322, 26.543467246665006
Protein, 323, 26.71041365442741
Complex, 323, 26.6592358786287
Protein, 324, 26.44586967753575
Complex, 324, 26.40093456018265
Protein, 325, 26.502417545389548
Complex, 325, 26.462905544387127
Protein, 326, 26.089165546033673
Complex, 326, 26.043065696539788
Protein, 327, 26.281908132674737
Complex, 327, 26.23314298929075
Protein, 328, 26.308200332342803
Complex, 328, 26.261198772966736
Protein, 329, 26.301976594370828
Complex, 329, 26.254302358016247
Protein, 330, 26.22007477777229
Complex, 330, 26.174895697872525
Protein, 331, 25.82137409134672
Complex, 331, 25.771452102388423
Protein, 332, 25.902560033760867
Complex, 332, 25.856332718521845
Protein, 333, 25.92346333420951
Complex, 333, 25.877115990994103
Protein, 334, 26.209051123182817
Complex, 334, 26.163444891394626
Protein, 335, 26.136294809169662
Complex, 335, 26.088107541622755
Protein, 336, 26.088433201215764
Complex, 336, 26.042172814310327
Protein, 337, 26.0234890730297
Complex, 337, 25.974673766067127
Protein, 338, 26.22183944808161
Complex, 338, 26.1733373952242
Protein, 339, 25.929473151725567
Complex, 339, 25.888816086902377
Protein, 340, 25.966659376434144
Complex, 340, 25.91590370363607
Protein, 341, 25.71514919287115
Complex, 341, 25.66585128407475
Protein, 342, 25.608124617204098
Complex, 342, 25.55838580730442
Protein, 343, 25.758796804729688
Complex, 343, 25.71041034530497
Protein, 344, 26.01898101396734
Complex, 344, 25.970093730277483
Protein, 345, 25.689166543633142
Complex, 345, 25.639823802504427
Protein, 346, 25.709980436931854
Complex, 346, 25.655906195910777
Protein, 347, 25.84941665805866
Complex, 347, 25.79844995375539
Protein, 348, 26.421108552723304
Complex, 348, 26.364072670362948
Protein, 349, 26.27253710420279
Complex, 349, 26.218471434696188
Protein, 350, 26.29431939601346
Complex, 350, 26.239372525668625
Protein, 351, 26.235849910565594
Complex, 351, 26.176687811678818
Protein, 352, 25.989369502054526
Complex, 352, 25.93749837322394
Protein, 353, 25.93520644536244
Complex, 353, 25.881173328593885
Protein, 354, 26.103462370512354
Complex, 354, 26.046393068575195
Protein, 355, 26.065985446210107
Complex, 355, 26.00408413218034
Protein, 356, 26.19367199132167
Complex, 356, 26.126624860163183
Protein, 357, 26.938392444004144
Complex, 357, 26.87051332740567
Protein, 358, 26.853563686153525
Complex, 358, 26.787705447063313
Protein, 359, 26.884270659130994
Complex, 359, 26.819716904806597
Protein, 360, 27.182813941153626
Complex, 360, 27.116886141440343
Protein, 361, 26.963306303439744
Complex, 361, 26.900733987815197
Protein, 362, 27.303173065045637
Complex, 362, 27.23826105960466
Protein, 363, 27.035004372023494
Complex, 363, 26.9741990266087
Protein, 364, 27.458595303601037
Complex, 364, 27.389326011892937
Protein, 365, 27.51749361303683
Complex, 365, 27.448308203640014
Protein, 366, 27.08556140638203
Complex, 366, 27.020247797404664
Protein, 367, 27.22099578246817
Complex, 367, 27.159797558981467
Protein, 368, 27.28350271841263
Complex, 368, 27.21872987923009
Protein, 369, 26.783836761513484
Complex, 369, 26.72393353708147
Protein, 370, 26.64572171005223
Complex, 370, 26.576476367837895
Protein, 371, 26.2846438066919
Complex, 371, 26.22099485983769
Protein, 372, 26.085640078522573
Complex, 372, 26.02452772523592
Protein, 373, 26.011593270211293
Complex, 373, 25.955469865461602
Protein, 374, 25.998431018098653
Complex, 374, 25.939780283059996
Protein, 375, 25.74101351045724
Complex, 375, 25.682958570523255
Protein, 376, 26.089471677125285
Complex, 376, 26.03022147699114
Protein, 377, 26.24065488695463
Complex, 377, 26.1727313799843
Protein, 378, 26.28697295561357
Complex, 378, 26.21962802982505
Protein, 379, 25.673188585038105
Complex, 379, 25.607891502980753
Protein, 380, 25.592898235128946
Complex, 380, 25.529604066694333
Protein, 381, 25.657342130859007
Complex, 381, 25.593080278356947
Protein, 382, 25.94696361651567
Complex, 382, 25.884189033642105
Protein, 383, 25.73031157020203
Complex, 383, 25.667264323036328
Protein, 384, 25.60894059813886
Complex, 384, 25.54617254459095
Protein, 385, 25.830407788238634
Complex, 385, 25.767978797654955
Protein, 386, 25.962444597069464
Complex, 386, 25.896058163978246
Protein, 387, 26.05967268150958
Complex, 387, 25.994654238547316
Protein, 388, 26.402674840426076
Complex, 388, 26.336108853198816
Protein, 389, 26.13796498225973
Complex, 389, 26.073117680536498
Protein, 390, 26.19609176298003
Complex, 390, 26.127809288543805
Protein, 391, 26.071541111882766
Complex, 391, 26.010758257585874
Protein, 392, 26.10858416562216
Complex, 392, 26.04499966586864
Protein, 393, 26.179190375126225
Complex, 393, 26.118603039176048
Protein, 394, 26.43093849315536
Complex, 394, 26.36679033129264
Protein, 395, 26.501194165289785
Complex, 395, 26.44366036712507
Protein, 396, 26.47385832722188
Complex, 396, 26.413352737948983
Protein, 397, 26.200110351698616
Complex, 397, 26.139250065783806
Protein, 398, 26.06828686283708
Complex, 398, 26.00841266965429
Protein, 399, 25.962717786358365
Complex, 399, 25.907548678377694
Protein, 400, 26.162690785693982
Complex, 400, 26.101852518197855
Protein, 401, 26.029797782490245
Complex, 401, 25.972394168238406
Protein, 402, 26.007410968071206
Complex, 402, 25.946102493039724
Protein, 403, 26.24932099036819
Complex, 403, 26.18772209086567
Protein, 404, 26.72711679151959
Complex, 404, 26.66282138250714
Protein, 405, 26.80450648182225
Complex, 405, 26.736584331280863
Protein, 406, 26.623107841291553
Complex, 406, 26.562360232384243
Protein, 407, 26.48800078245583
Complex, 407, 26.427525430948112
Protein, 408, 26.783563243330505
Complex, 408, 26.719219118917252
Protein, 409, 27.168816158367115
Complex, 409, 27.100626962146126
Protein, 410, 27.131178744504307
Complex, 410, 27.062906298701723
Protein, 411, 27.360751074835974
Complex, 411, 27.28496158033754
Protein, 412, 27.143364445926423
Complex, 412, 27.074660520752342
Protein, 413, 27.080541756001058
Complex, 413, 27.01344589522116
Protein, 414, 26.696719321038973
Complex, 414, 26.632241793610856
Protein, 415, 26.760336836745537
Complex, 415, 26.693424865184536
Protein, 416, 26.50775778092813
Complex, 416, 26.448204139396125
Protein, 417, 26.064849839417565
Complex, 417, 26.00238478770164
Protein, 418, 25.948516298309627
Complex, 418, 25.885521531312623
Protein, 419, 26.21082965003686
Complex, 419, 26.14739774220506
Protein, 420, 26.418184611971444
Complex, 420, 26.354166628040392
Protein, 421, 26.38817585153061
Complex, 421, 26.32047459420465
Protein, 422, 25.903519397817057
Complex, 422, 25.835914372577253
Protein, 423, 25.678145491409882
Complex, 423, 25.612141502730964
Protein, 424, 25.763342408207503
Complex, 424, 25.699713126077746
Protein, 425, 26.232694710281702
Complex, 425, 26.164555204534825
Protein, 426, 25.772725638529558
Complex, 426, 25.7031445724731
Protein, 427, 25.98055717782959
Complex, 427, 25.911973363197678
Protein, 428, 25.936792238501955
Complex, 428, 25.867525363503216
Protein, 429, 26.416951061078386
Complex, 429, 26.34667929839066
Protein, 430, 25.724248816408455
Complex, 430, 25.657593803535608
Protein, 431, 26.261138041997846
Complex, 431, 26.197174346025456
Protein, 432, 26.288039427946014
Complex, 432, 26.220304380117902
Protein, 433, 25.971855052549735
Complex, 433, 25.90402875950672
Protein, 434, 25.76941046470527
Complex, 434, 25.70131758167279
Protein, 435, 25.775594450324295
Complex, 435, 25.708622560759466
Protein, 436, 25.95847339867278
Complex, 436, 25.89674422877413
Protein, 437, 25.960149302543474
Complex, 437, 25.902368353148177
Protein, 438, 26.122519318539958
Complex, 438, 26.056941061394127
Protein, 439, 26.24506232141594
Complex, 439, 26.177867299042017
Protein, 440, 26.38919990006722
Complex, 440, 26.31962464151871
Protein, 441, 26.35243535588199
Complex, 441, 26.285123419986846
Protein, 442, 26.085857038099135
Complex, 442, 26.019769380013507
Protein, 443, 26.100223834522186
Complex, 443, 26.03004507417663
Protein, 444, 26.182126944214307
Complex, 444, 26.112845821694837
Protein, 445, 26.064214448294614
Complex, 445, 25.993678750382145
Protein, 446, 26.205479396608748
Complex, 446, 26.13379569489147
Protein, 447, 26.15163879300896
Complex, 447, 26.083219202606433
Protein, 448, 25.772972331915724
Complex, 448, 25.704702862008418
Protein, 449, 26.2447556258969
Complex, 449, 26.173039408194903
Protein, 450, 26.66318642707708
Complex, 450, 26.591201797289973
Protein, 451, 26.310850009688302
Complex, 451, 26.23991086395245
Protein, 452, 26.25938655569291
Complex, 452, 26.19031317095821
Protein, 453, 26.226798769174504
Complex, 453, 26.156374536799184
Protein, 454, 26.13962696170267
Complex, 454, 26.070319289105637
Protein, 455, 25.64966900182845
Complex, 455, 25.58139223228692
Protein, 456, 25.384811565553633
Complex, 456, 25.31427192607648
Protein, 457, 25.230835850412614
Complex, 457, 25.160915756346977
Protein, 458, 25.624016365509583
Complex, 458, 25.551856666383262
Protein, 459, 25.763340277587975
Complex, 459, 25.69144162683451
Protein, 460, 26.099155633088635
Complex, 460, 26.02819896767026
Protein, 461, 25.83283799351078
Complex, 461, 25.760976269540716
Protein, 462, 26.05062392468516
Complex, 462, 25.981852983740104
Protein, 463, 26.139041511224267
Complex, 463, 26.074158830674097
Protein, 464, 26.404873948975425
Complex, 464, 26.33771602888995
Protein, 465, 26.09238459189613
Complex, 465, 26.02776806579209
Protein, 466, 26.522421893384138
Complex, 466, 26.454070231491563
Protein, 467, 26.381503283332975
Complex, 467, 26.315308263890678
Protein, 468, 26.61745175333404
Complex, 468, 26.55873531568378
Protein, 469, 26.732497277902436
Complex, 469, 26.670195504886753
Protein, 470, 26.27654580504185
Complex, 470, 26.215776668286452
Protein, 471, 26.449241334198458
Complex, 471, 26.386495816786585
Protein, 472, 26.69675462362585
Complex, 472, 26.633753792243525
Protein, 473, 26.42132216030558
Complex, 473, 26.354455702591114
Protein, 474, 26.160957698019278
Complex, 474, 26.102466835231922
Protein, 475, 26.21323440831019
Complex, 475, 26.150018192538884
Protein, 476, 26.349347040990214
Complex, 476, 26.281081095163135
Protein, 477, 26.38114728812641
Complex, 477, 26.31468645764321
Protein, 478, 26.37109490022507
Complex, 478, 26.306472561154873
Protein, 479, 26.910354760783598
Complex, 479, 26.836176726744835
Protein, 480, 26.592590286509477
Complex, 480, 26.524355483706415
Protein, 481, 26.128095582561983
Complex, 481, 26.059693716803277
Protein, 482, 25.717154046093977
Complex, 482, 25.654642182163887
Protein, 483, 25.959095474344362
Complex, 483, 25.896341491154544
Protein, 484, 26.228380535021028
Complex, 484, 26.162674158853275
Protein, 485, 25.905178329977442
Complex, 485, 25.840429574627255
Protein, 486, 25.99925467991318
Complex, 486, 25.93873339494114
Protein, 487, 26.005231389525665
Complex, 487, 25.941708671759468
Protein, 488, 26.104152641829767
Complex, 488, 26.03997848801907
Protein, 489, 26.37310574413647
Complex, 489, 26.3077988642427
Protein, 490, 26.209531876877353
Complex, 490, 26.13666376107513
Protein, 491, 26.197592137260422
Complex, 491, 26.12506370123145
Protein, 492, 25.954653206106165
Complex, 492, 25.880441536943827
Protein, 493, 25.77646396721795
Complex, 493, 25.701966904862765
Protein, 494, 25.928137278953447
Complex, 494, 25.853245681842406
Protein, 495, 25.777651676525863
Complex, 495, 25.705999953460417
Protein, 496, 25.993451554068233
Complex, 496, 25.918241911653425
Protein, 497, 26.207951332340905
Complex, 497, 26.13231430843201
Protein, 498, 26.58793175472018
Complex, 498, 26.50920942514289
Protein, 499, 26.946417390199926
Complex, 499, 26.86740420687444
Protein, 500, 26.733859619922743
Complex, 500, 26.654992788215743
Protein, 501, 26.96371569411414
Complex, 501, 26.88419012607443
Protein, 502, 27.002206284290743
Complex, 502, 26.920266950298362
Protein, 503, 26.728169873870147
Complex, 503, 26.64712996057872
Protein, 504, 27.076714030051193
Complex, 504, 26.994859495608086
Protein, 505, 26.977141455188956
Complex, 505, 26.894856298652325
Protein, 506, 26.72602118111099
Complex, 506, 26.644873084175536
Protein, 507, 26.38279333016531
Complex, 507, 26.30355070033753
Protein, 508, 26.23673544870607
Complex, 508, 26.156557536584767
Protein, 509, 26.370987507550346
Complex, 509, 26.290684554793064
Protein, 510, 26.34129216186305
Complex, 510, 26.26202046799945
Protein, 511, 26.06567312975407
Complex, 511, 25.98741708116139
Protein, 512, 25.868564981921217
Complex, 512, 25.79386205133292
Protein, 513, 26.1378877569326
Complex, 513, 26.062928120636784
Protein, 514, 26.38158367295108
Complex, 514, 26.304075583244547
Protein, 515, 26.27511383545518
Complex, 515, 26.19985864856904
Protein, 516, 26.116113425426896
Complex, 516, 26.041896749444767
Protein, 517, 25.94032116598732
Complex, 517, 25.86588171615416
Protein, 518, 25.736441556818757
Complex, 518, 25.666735681291623
Protein, 519, 25.85494409614908
Complex, 519, 25.78442184113674
Protein, 520, 26.290290063671087
Complex, 520, 26.216729282981714
Protein, 521, 25.98913541568716
Complex, 521, 25.92142419948644
Protein, 522, 25.93590074201678
Complex, 522, 25.864006068759046
Protein, 523, 26.327562839704093
Complex, 523, 26.254372612084147
Protein, 524, 26.47293842049757
Complex, 524, 26.399129279595744
Protein, 525, 26.7101204458468
Complex, 525, 26.636925882109708
Protein, 526, 26.840864588183383
Complex, 526, 26.77166165316735
Protein, 527, 26.789304357758265
Complex, 527, 26.717763041435695
Protein, 528, 26.642307067468824
Complex, 528, 26.56716356205372
Protein, 529, 26.639015894634923
Complex, 529, 26.561760766347966
Protein, 530, 26.588784917888137
Complex, 530, 26.512423171359778
Protein, 531, 26.952307958617236
Complex, 531, 26.872712948779057
Protein, 532, 26.787713515353023
Complex, 532, 26.712063939681627
Protein, 533, 26.844059489536587
Complex, 533, 26.76426277484033
Protein, 534, 26.586772496059712
Complex, 534, 26.50796946173631
Protein, 535, 26.355496864851236
Complex, 535, 26.27627180867773
Protein, 536, 26.229525774416434
Complex, 536, 26.153838254898716
Protein, 537, 26.31817050041294
Complex, 537, 26.24030449309418
Protein, 538, 26.537869679523453
Complex, 538, 26.45926024559389
Protein, 539, 26.553477514442225
Complex, 539, 26.4786717605221
Protein, 540, 26.65698523230407
Complex, 540, 26.58305908825394
Protein, 541, 26.645186277584568
Complex, 541, 26.573614762444777
Protein, 542, 26.401073926176814
Complex, 542, 26.327903059041756
Protein, 543, 26.697446758823506
Complex, 543, 26.6221428529704
Protein, 544, 26.16061842818689
Complex, 544, 26.08556308515914
Protein, 545, 26.257776078390318
Complex, 545, 26.182745753506182
Protein, 546, 26.33755311786707
Complex, 546, 26.263612124112896
Protein, 547, 26.19198269419871
Complex, 547, 26.12043066041328
Protein, 548, 26.347711147370774
Complex, 548, 26.271066962591533
Protein, 549, 26.124897438690482
Complex, 549, 26.054471200928027
Protein, 550, 26.098137258880666
Complex, 550, 26.026646194025364
Protein, 551, 26.038123940948406
Complex, 551, 25.966568780320916
Protein, 552, 26.013520222167596
Complex, 552, 25.944694378455967
Protein, 553, 26.28874441908914
Complex, 553, 26.21647004620622
Protein, 554, 26.315395133111647
Complex, 554, 26.238470401773192
Protein, 555, 25.77114276471995
Complex, 555, 25.697704378906874
Protein, 556, 25.846618766788676
Complex, 556, 25.772522351583756
Protein, 557, 26.10771705992506
Complex, 557, 26.03205124715003
Protein, 558, 25.900787930493617
Complex, 558, 25.82960891091698
Protein, 559, 26.035876014298506
Complex, 559, 25.963194881315786
Protein, 560, 25.44453585985143
Complex, 560, 25.376762196434136
Protein, 561, 25.54612031169627
Complex, 561, 25.475054947636806
Protein, 562, 25.629300931753153
Complex, 562, 25.557485619604673
Protein, 563, 25.200643701226188
Complex, 563, 25.132856205224382
Protein, 564, 25.31910624669567
Complex, 564, 25.248095709906128
Protein, 565, 25.500225344639237
Complex, 565, 25.424892701827574
Protein, 566, 25.815085882561437
Complex, 566, 25.739174961316056
Protein, 567, 25.666474305054198
Complex, 567, 25.59129591205812
Protein, 568, 25.510258221364715
Complex, 568, 25.439611658134023
Protein, 569, 25.94399857057303
Complex, 569, 25.869147197785146
Protein, 570, 25.687576576356793
Complex, 570, 25.61596554578617
Protein, 571, 25.77515542522821
Complex, 571, 25.705437514588144
Protein, 572, 25.757052985924126
Complex, 572, 25.689437457794952
Protein, 573, 25.706630333908684
Complex, 573, 25.636624993285693
Protein, 574, 25.588556939390184
Complex, 574, 25.517087297750788
Protein, 575, 25.600071856107252
Complex, 575, 25.528197564133848
Protein, 576, 25.774265282675593
Complex, 576, 25.703095807901
Protein, 577, 26.027606588964165
Complex, 577, 25.956669796731354
Protein, 578, 26.047635748784835
Complex, 578, 25.979874633459875
Protein, 579, 26.04445459029078
Complex, 579, 25.97662801578911
Protein, 580, 25.84759784300787
Complex, 580, 25.771512219625095
Protein, 581, 25.97162036971093
Complex, 581, 25.8940359669128
Protein, 582, 25.58053032950481
Complex, 582, 25.503542816694573
Protein, 583, 25.32596622626502
Complex, 583, 25.252981676099214
Protein, 584, 24.761792269215597
Complex, 584, 24.68944062378577
Protein, 585, 24.917737806595117
Complex, 585, 24.847809234389747
Protein, 586, 25.631095835919307
Complex, 586, 25.555994033634484
Protein, 587, 25.004060080306186
Complex, 587, 24.93716513095082
Protein, 588, 25.42794522655481
Complex, 588, 25.35752321128845
Protein, 589, 25.642628450931227
Complex, 589, 25.571465750706665
Protein, 590, 25.610277510841875
Complex, 590, 25.538130734997132
Protein, 591, 25.450397202836985
Complex, 591, 25.379679920500116
Protein, 592, 25.549102211812098
Complex, 592, 25.48007573138819
Protein, 593, 25.848128226926637
Complex, 593, 25.775270880335814
Protein, 594, 26.057168083771895
Complex, 594, 25.983819051092134
Protein, 595, 25.734497985105328
Complex, 595, 25.66107043042206
Protein, 596, 25.822327048103634
Complex, 596, 25.75019125223686
Protein, 597, 25.55673868590436
Complex, 597, 25.482822075788278
Protein, 598, 25.75612707996472
Complex, 598, 25.679643155402253
Protein, 599, 25.911683707465585
Complex, 599, 25.833851037428733
Protein, 600, 26.032780662101956
Complex, 600, 25.953405944328686
Protein, 601, 26.56701886538735
Complex, 601, 26.486247894989724
Protein, 602, 26.81057921187442
Complex, 602, 26.727045964992822
Protein, 603, 26.73589145354224
Complex, 603, 26.655806680761135
Protein, 604, 26.534515933260867
Complex, 604, 26.45606735731599
Protein, 605, 26.5634605061289
Complex, 605, 26.48386875483861
Protein, 606, 26.51268400055905
Complex, 606, 26.436794730882553
Protein, 607, 26.887226683979467
Complex, 607, 26.805685193845605
Protein, 608, 26.638414922555857
Complex, 608, 26.560181071897343
Protein, 609, 26.469414074473796
Complex, 609, 26.39324880582258
Protein, 610, 26.25893759787682
Complex, 610, 26.18348900631414
Protein, 611, 26.092099776925796
Complex, 611, 26.013627299583508
Protein, 612, 26.25937375858463
Complex, 612, 26.18203564909377
Protein, 613, 26.171107372833596
Complex, 613, 26.09441158060688
Protein, 614, 25.987607955338227
Complex, 614, 25.913247513187123
Protein, 615, 25.959421432942705
Complex, 615, 25.88299321973262
Protein, 616, 26.134404337377365
Complex, 616, 26.061975312535345
Protein, 617, 25.99364984035377
Complex, 617, 25.918916278199816
Protein, 618, 26.093546850536683
Complex, 618, 26.0235808386324
Protein, 619, 26.267197155684055
Complex, 619, 26.194895768943223
Protein, 620, 26.10251211125289
Complex, 620, 26.029868331568
Protein, 621, 25.922245503166902
Complex, 621, 25.84920646023521
Protein, 622, 25.861772400550027
Complex, 622, 25.788525363528173
Protein, 623, 25.850917395700694
Complex, 623, 25.77579440284054
Protein, 624, 25.087628412511762
Complex, 624, 25.014137368637595
Protein, 625, 25.40766140701123
Complex, 625, 25.330930987199615
Protein, 626, 25.520523698711546
Complex, 626, 25.443967508045343
Protein, 627, 25.398260047976443
Complex, 627, 25.325741521775335
Protein, 628, 25.338696458713542
Complex, 628, 25.263692582610947
Protein, 629, 25.684845068908604
Complex, 629, 25.607791861444134
Protein, 630, 25.6585949288424
Complex, 630, 25.583201373736827
Protein, 631, 25.73336603254263
Complex, 631, 25.65570408383683
Protein, 632, 25.55731070081937
Complex, 632, 25.47994271601456
Protein, 633, 25.60904131985951
Complex, 633, 25.53459234348195
Protein, 634, 25.823779402512926
Complex, 634, 25.746679788736795
Protein, 635, 25.883520483815403
Complex, 635, 25.802498658058656
Protein, 636, 25.958061362560684
Complex, 636, 25.877386159379117
Protein, 637, 25.724199848105297
Complex, 637, 25.648765667476777
Protein, 638, 25.872753015266237
Complex, 638, 25.793174034771354
Protein, 639, 25.857249154623727
Complex, 639, 25.78391246104018
Protein, 640, 25.807315607423046
Complex, 640, 25.735380905129908
Protein, 641, 26.042991358750232
Complex, 641, 25.968563350854026
Protein, 642, 25.622717264281366
Complex, 642, 25.5503967297332
Protein, 643, 26.016044793760766
Complex, 643, 25.94300658652344
Protein, 644, 26.06832243276423
Complex, 644, 25.991051698274656
Protein, 645, 25.953577569099636
Complex, 645, 25.874824404182924
Protein, 646, 26.113114467257347
Complex, 646, 26.03508498131479
Protein, 647, 25.782988885812262
Complex, 647, 25.701115184456146
Protein, 648, 25.99413806626559
Complex, 648, 25.912371737467744
Protein, 649, 25.940606725827163
Complex, 649, 25.86098149740652
Protein, 650, 25.948935549710743
Complex, 650, 25.86787378498097
Protein, 651, 25.67826558511556
Complex, 651, 25.596160988172283
Protein, 652, 25.98477979691938
Complex, 652, 25.90612767056771
Protein, 653, 25.61330672844937
Complex, 653, 25.53411721777761
Protein, 654, 25.555334460999475
Complex, 654, 25.47557229472521
Protein, 655, 25.776759384449377
Complex, 655, 25.696257504317288
Protein, 656, 25.678964057384984
Complex, 656, 25.59666755818522
Protein, 657, 25.53854145946109
Complex, 657, 25.45947770683196
Protein, 658, 25.322349218920728
Complex, 658, 25.244444836394436
Protein, 659, 25.109445175856568
Complex, 659, 25.033482337578594
Protein, 660, 25.250779262263887
Complex, 660, 25.17190887981686
Protein, 661, 25.409672938889226
Complex, 661, 25.33084392686763
Protein, 662, 25.233506528616296
Complex, 662, 25.15352419675341
Protein, 663, 25.44531966305935
Complex, 663, 25.368571618912366
Protein, 664, 25.323155524049053
Complex, 664, 25.245066346819595
Protein, 665, 25.429515551274672
Complex, 665, 25.352971810479925
Protein, 666, 25.308514129424843
Complex, 666, 25.23424399550711
Protein, 667, 24.9888597444346
Complex, 667, 24.915283503246073
Protein, 668, 24.757840887781146
Complex, 668, 24.684727132628502
Protein, 669, 24.78479401991917
Complex, 669, 24.711739029661892
Protein, 670, 24.966268574484275
Complex, 670, 24.89021160534224
Protein, 671, 24.668435858903212
Complex, 671, 24.590207490501477
Protein, 672, 24.56334025277618
Complex, 672, 24.488698773213354
Protein, 673, 24.69483791952238
Complex, 673, 24.61925277235214
Protein, 674, 24.99412530329542
Complex, 674, 24.91588012633704
Protein, 675, 25.179464862918984
Complex, 675, 25.10046901625918
Protein, 676, 25.288986822840045
Complex, 676, 25.20866988003476
Protein, 677, 25.129313693321876
Complex, 677, 25.051464940402735
Protein, 678, 25.367971915344594
Complex, 678, 25.28695201410214
Protein, 679, 25.715576335434097
Complex, 679, 25.632995578244774
Protein, 680, 25.81547212794822
Complex, 680, 25.732572512543143
Protein, 681, 25.8573516647262
Complex, 681, 25.77721639498953
Protein, 682, 26.013196524501584
Complex, 682, 25.929188429508184
Protein, 683, 26.29886008580873
Complex, 683, 26.216000668883893
Protein, 684, 26.366716701972248
Complex, 684, 26.282246447667774
Protein, 685, 26.04414695171578
Complex, 685, 25.96433832439352
Protein, 686, 26.249323516627438
Complex, 686, 26.16540025455067
Protein, 687, 25.976020872365723
Complex, 687, 25.89286845445597
Protein, 688, 25.92168404061695
Complex, 688, 25.840164800989626
Protein, 689, 25.6495531706236
Complex, 689, 25.5701930009148
Protein, 690, 25.94191419086582
Complex, 690, 25.857222591147718
Protein, 691, 25.461422563038145
Complex, 691, 25.380627749777794
Protein, 692, 25.055447682979366
Complex, 692, 24.97915576637442
Protein, 693, 25.3553098843088
Complex, 693, 25.274538115958876
Protein, 694, 24.845503006020493
Complex, 694, 24.766024837992713
Protein, 695, 25.322141650143767
Complex, 695, 25.24163937167543
Protein, 696, 25.249337032803076
Complex, 696, 25.172846773350187
Protein, 697, 25.372768754686717
Complex, 697, 25.29133975281463
Protein, 698, 25.442845270340342
Complex, 698, 25.3623232495028
Protein, 699, 25.35604996047742
Complex, 699, 25.275309925133804
Protein, 700, 25.425172089850616
Complex, 700, 25.345336560861686
Protein, 701, 25.483520450263786
Complex, 701, 25.40245675812816
Protein, 702, 25.657507956527756
Complex, 702, 25.576803856719863
Protein, 703, 25.658168408002805
Complex, 703, 25.57715863117189
Protein, 704, 25.50017098275817
Complex, 704, 25.421062848917174
Protein, 705, 25.716787570815118
Complex, 705, 25.642581553835186
Protein, 706, 25.594727234527408
Complex, 706, 25.515028583834773
Protein, 707, 26.076768279060914
Complex, 707, 25.994464140900817
Protein, 708, 26.016655786935047
Complex, 708, 25.93344837636261
Protein, 709, 25.75020129227825
Complex, 709, 25.670858605055024
Protein, 710, 25.56531424665572
Complex, 710, 25.486755115888993
Protein, 711, 25.649421238560553
Complex, 711, 25.571962837803348
Protein, 712, 25.406900757059685
Complex, 712, 25.33200958817613
Protein, 713, 25.640435955115503
Complex, 713, 25.56300355840192
Protein, 714, 25.694299091210155
Complex, 714, 25.61714797201283
Protein, 715, 26.058894561145035
Complex, 715, 25.980788792096835
Protein, 716, 25.792052046566205
Complex, 716, 25.713506400451262
Protein, 717, 25.578752009305852
Complex, 717, 25.501729311003906
Protein, 718, 25.489153823934817
Complex, 718, 25.40952514297025
Protein, 719, 25.997836445706366
Complex, 719, 25.916524652352606
Protein, 720, 25.9264116857761
Complex, 720, 25.847442225371644
