"POSE","RESID","RMSF"
"Alone",1,4.91291522979736
"Alone",2,4.41680717468262
"Alone",3,4.65284299850464
"Alone",4,4.34353923797607
"Alone",5,3.48851203918457
"Alone",6,3.43525099754333
"Alone",7,3.81127381324768
"Alone",8,3.20201373100281
"Alone",9,2.4916570186615
"Alone",10,3.12806367874146
"Alone",11,3.45937204360962
"Alone",12,2.74235725402832
"Alone",13,2.65978670120239
"Alone",14,3.65809392929077
"Alone",15,3.66107583045959
"Alone",16,3.23820638656616
"Alone",17,3.84759879112244
"Alone",18,4.55885314941406
"Alone",19,4.50132656097412
"Alone",20,4.67338752746582
"Alone",21,5.45307159423828
"Alone",22,5.19637584686279
"Alone",23,5.50515842437744
"Alone",24,5.12902641296387
"Alone",25,6.20395755767822
"Alone",26,6.31628704071045
"Alone",27,5.8712944984436
"Alone",28,6.39008665084839
"Alone",29,7.89777708053589
"Alone",30,8.42573356628418
"Alone",31,9.51292896270752
"Alone",32,10.47083568573
"Alone",33,9.44675827026367
"Alone",34,10.1054925918579
"Alone",35,9.45993232727051
"Alone",36,10.0951375961304
"Alone",37,10.2408514022827
"Alone",38,11.054105758667
"Alone",39,12.3889122009277
"Alone",40,12.760627746582
"Alone",41,12.1640338897705
"Alone",42,12.5938482284546
"Alone",43,12.2819013595581
"Alone",44,13.3328409194946
"Alone",45,12.6463871002197
"Alone",46,11.4924125671387
"Alone",47,10.0138368606567
"Alone",48,9.12706089019775
"Alone",49,7.37696838378906
"Alone",50,6.85492038726807
"Alone",51,6.15654039382935
"Alone",52,6.38491773605347
"Alone",53,6.27105951309204
"Alone",54,7.18336391448975
"Alone",55,7.82329511642456
"Alone",56,7.88630485534668
"Alone",57,9.33523654937744
"Alone",58,8.89054012298584
"Alone",59,10.3580627441406
"Alone",60,11.6151580810547
"Alone",61,12.4373359680176
"Alone",62,14.4094209671021
"Alone",63,15.8919258117676
"Alone",64,16.7369956970215
"Alone",65,18.348445892334
"Alone",66,17.9306144714355
"Alone",67,15.8374814987183
"Alone",68,14.6811113357544
"Alone",69,14.0591669082642
"Alone",70,12.3281545639038
"Alone",71,11.8164138793945
"Alone",72,10.5474710464478
"Alone",73,9.03858947753906
"Alone",74,7.26339864730835
"Alone",75,5.72359418869019
"Alone",76,5.44378662109375
"Alone",77,5.2910270690918
"Alone",78,5.63185214996338
"Alone",79,6.97413349151611
"Alone",80,6.72504758834839
"Alone",81,6.09683561325073
"Alone",82,5.93608379364014
"Alone",83,4.94798612594604
"Alone",84,5.17569160461426
"Alone",85,5.32642459869385
"Alone",86,4.55654907226562
"Alone",87,4.03204774856567
"Alone",88,4.64704465866089
"Alone",89,4.67691946029663
"Alone",90,3.75609445571899
"Alone",91,3.78940963745117
"Alone",92,4.59523677825928
"Alone",93,4.45017194747925
"Alone",94,3.63225150108337
"Alone",95,4.26280736923218
"Alone",96,5.06277132034302
"Alone",97,4.51044797897339
"Alone",98,4.1345648765564
"Alone",99,5.19270372390747
"Alone",100,5.74047899246216
"Alone",101,5.19411945343018
"Alone",102,4.89822769165039
"Alone",103,5.67051696777344
"Alone",104,5.33886480331421
"Alone",105,4.28153705596924
"Alone",106,4.87677383422852
"Alone",107,5.40786838531494
"Alone",108,4.55132055282593
"Alone",109,4.19485807418823
"Alone",110,5.21410083770752
"Alone",111,5.1450309753418
"Alone",112,4.27636098861694
"Alone",113,4.58080291748047
"Alone",114,4.30339813232422
"Alone",115,4.91003465652466
"Alone",116,5.18667697906494
"Alone",117,5.75769901275635
"Alone",118,4.86295557022095
"Alone",119,4.54326152801514
"Alone",120,3.94764018058777
"Alone",121,4.57832098007202
"Alone",122,4.48803901672363
"Alone",123,3.55900406837463
"Alone",124,3.87734055519104
"Alone",125,4.69739627838135
"Alone",126,4.24448108673096
"Alone",127,3.70740652084351
"Alone",128,4.70865726470947
"Alone",129,5.27030181884766
"Alone",130,4.86218929290771
"Alone",131,5.14388561248779
"Alone",132,6.20509147644043
"Alone",133,6.82189607620239
"Alone",134,6.36902570724487
"Alone",135,5.64911127090454
"Alone",136,5.79842329025269
"Alone",137,5.17749404907227
"Alone",138,4.9910888671875
"Alone",139,4.55239200592041
"Alone",140,3.72621893882751
"Alone",141,3.5315887928009
"Alone",142,3.58556509017944
"Alone",143,2.86752653121948
"Alone",144,2.28977084159851
"Alone",145,2.67988967895508
"Alone",146,2.73587799072266
"Alone",147,2.11863160133362
"Alone",148,2.33057403564453
"Alone",149,2.96434855461121
"Alone",150,2.97653555870056
"Alone",151,2.99297165870667
"Alone",152,3.60215330123901
"Alone",153,4.07551097869873
"Alone",154,4.16359424591064
"Alone",155,4.66643524169922
"Alone",156,5.18490409851074
"Alone",157,5.42869901657104
"Alone",158,5.66739177703857
"Alone",159,5.1134147644043
"Alone",160,5.18648290634155
"Alone",161,5.11948442459106
"Alone",162,4.30251169204712
"Alone",163,3.8003876209259
"Alone",164,3.95408964157104
"Alone",165,3.62372803688049
"Alone",166,2.77642297744751
"Alone",167,2.69248533248901
"Alone",168,3.13112354278564
"Alone",169,2.78996229171753
"Alone",170,2.25092768669128
"Alone",171,2.78578996658325
"Alone",172,3.29183006286621
"Alone",173,3.16514468193054
"Alone",174,3.17885947227478
"Alone",175,3.86997723579407
"Alone",176,4.30241632461548
"Alone",177,4.39202976226807
"Alone",178,4.18583822250366
"Alone",179,4.50487184524536
"Alone",180,5.49354362487793
"Alone",181,5.6672477722168
"Alone",182,5.34744310379028
"Alone",183,6.08508777618408
"Alone",184,6.87668514251709
"Alone",185,6.88423156738281
"Alone",186,7.05675220489502
"Alone",187,5.974440574646
"Alone",188,5.29221868515015
"Alone",189,6.21185493469238
"Alone",190,6.38506937026978
"Alone",191,5.43956470489502
"Alone",192,5.66666889190674
"Alone",193,6.60759782791138
"Alone",194,6.28196859359741
"Alone",195,5.54414224624634
"Alone",196,5.48193025588989
"Alone",197,6.44583463668823
"Alone",198,6.63404703140259
"Alone",199,7.03752040863037
"Alone",200,7.7564697265625
"Alone",201,9.14815139770508
"Alone",202,10.7173862457275
"Alone",203,11.0531911849976
"Alone",204,10.5052795410156
"Alone",205,10.124415397644
"Alone",206,10.2382202148438
"Alone",207,9.70279121398926
"Alone",208,8.33795928955078
"Alone",209,8.05918979644775
"Alone",210,7.84292030334473
"Alone",211,7.92268180847168
"Alone",212,7.98801183700562
"Alone",213,8.40521717071533
"Alone",214,8.89016914367676
"Alone",215,8.43331241607666
"Alone",216,8.12953853607178
"Alone",217,8.77358722686768
"Alone",218,8.9372091293335
"Alone",219,8.39204597473145
"Alone",220,8.63204479217529
"Alone",221,9.22739028930664
"Alone",222,9.01383876800537
"Alone",223,8.83981037139893
"Alone",224,9.38612937927246
"Alone",225,9.69483947753906
"Alone",226,9.44104290008545
"Alone",227,9.59590625762939
"Alone",228,10.1202096939087
"Alone",229,10.2494516372681
"Alone",230,10.2127056121826
"Alone",231,10.5409727096558
